{
  "0": {
    "id": 1,
    "idJuicio": "0630120110432  ",
    "estadoActual": null,
    "idMateria": 2,
    "idProvincia": null,
    "idCanton": null,
    "idJudicatura": null,
    "nombreDelito": "PRESCRIPCION EXTRAORDINARIA ADQUISITIVA DE DOMINIO                                                                                                                                                      ",
    "fechaIngreso": "2011-06-10T05:00:00.000+00:00",
    "iEDocumentoAdjunto": "N",
    "nombre": null,
    "cedula": null,
    "idEstadoJuicio": null,
    "nombreMateria": "CIVIL NO_COGEP",
    "nombreEstadoJuicio": null,
    "nombreJudicatura": null,
    "nombreTipoResolucion": null,
    "nombreTipoAccion": "ORDINARIO                                                             ",
    "fechaProvidencia": null,
    "nombreProvidencia": null,
    "nombreProvincia": null
  },
  "id": 3,
  "idJuicio": "0630120110432  ",
  "estadoActual": "A",
  "idMateria": 2,
  "idProvincia": null,
  "idCanton": null,
  "idJudicatura": null,
  "nombreDelito": "PRESCRIPCION EXTRAORDINARIA ADQUISITIVA DE DOMINIO                                                                                                                                                      ",
  "fechaIngreso": "2011-06-10T05:00:00.000+00:00",
  "iEDocumentoAdjunto": "N",
  "nombre": null,
  "cedula": null,
  "idEstadoJuicio": null,
  "nombreMateria": null,
  "nombreEstadoJuicio": null,
  "nombreJudicatura": null,
  "nombreTipoResolucion": null,
  "nombreTipoAccion": null,
  "fechaProvidencia": null,
  "nombreProvidencia": null,
  "nombreProvincia": null,
  "incidentes": [
    {
      "idJudicatura": "06335",
      "nombreJudicatura": "UNIDAD JUDICIAL CIVIL CON SEDE EN EL CANTÓN RIOBAMBA",
      "ciudad": "RIOBAMBA",
      "lstIncidenteJudicatura": [
        {
          "idIncidenteJudicatura": 4468988,
          "idMovimientoJuicioIncidente": 14200344,
          "idJudicaturaDestino": "06335",
          "fechaCrea": "19/12/2014 21:52",
          "incidente": 1,
          "lstLitiganteActor": [
            {
              "tipoLitigante": "ACTOR",
              "nombresLitigante": "PIMBO OYASA LUIS ALBERTO",
              "representadoPor": null,
              "idLitigante": 2060288
            }
          ],
          "lstLitiganteDemandado": [
            {
              "tipoLitigante": "DEMANDADO",
              "nombresLitigante": "AUQUILLA LLANGA MARIA TRANSITO Y OTROS",
              "representadoPor": null,
              "idLitigante": 15634399
            }
          ],
          "litiganteActor": null,
          "litiganteDemandado": null
        }
      ]
    },
    {
      "idJudicatura": "06301",
      "nombreJudicatura": "JUZGADO PRIMERO DE CIVIL Y MERCANTÍL",
      "ciudad": "RIOBAMBA",
      "lstIncidenteJudicatura": [
        {
          "idIncidenteJudicatura": 8725729,
          "idMovimientoJuicioIncidente": 5804904,
          "idJudicaturaDestino": "06301",
          "fechaCrea": "10/06/2011 00:00",
          "incidente": 1,
          "lstLitiganteActor": [
            {
              "tipoLitigante": "ACTOR",
              "nombresLitigante": "PIMBO OYASA LUIS ALBERTO",
              "representadoPor": null,
              "idLitigante": 2060288
            }
          ],
          "lstLitiganteDemandado": [
            {
              "tipoLitigante": "DEMANDADO",
              "nombresLitigante": "AUQUILLA LLANGA MARIA TRANSITO Y OTROS",
              "representadoPor": null,
              "idLitigante": 15634399
            }
          ],
          "litiganteActor": null,
          "litiganteDemandado": null
        }
      ]
    }
  ]
}