{
  "0": {
    "id": 1,
    "idJuicio": "0630120110553  ",
    "estadoActual": null,
    "idMateria": 2,
    "idProvincia": null,
    "idCanton": null,
    "idJudicatura": null,
    "nombreDelito": "PRESCRIPCION ORDINARIA ADQUISITIVA DE DOMINIO",
    "fechaIngreso": "2011-07-20T05:00:00.000+00:00",
    "iEDocumentoAdjunto": "N",
    "nombre": null,
    "cedula": null,
    "idEstadoJuicio": null,
    "nombreMateria": "CIVIL NO_COGEP",
    "nombreEstadoJuicio": null,
    "nombreJudicatura": null,
    "nombreTipoResolucion": null,
    "nombreTipoAccion": "ORDINARIO                                                             ",
    "fechaProvidencia": null,
    "nombreProvidencia": null,
    "nombreProvincia": null
  },
  "id": 2,
  "idJuicio": "0630120110553  ",
  "estadoActual": "A",
  "idMateria": 2,
  "idProvincia": null,
  "idCanton": null,
  "idJudicatura": null,
  "nombreDelito": "PRESCRIPCION ORDINARIA ADQUISITIVA DE DOMINIO",
  "fechaIngreso": "2011-07-20T05:00:00.000+00:00",
  "iEDocumentoAdjunto": "N",
  "nombre": null,
  "cedula": null,
  "idEstadoJuicio": null,
  "nombreMateria": null,
  "nombreEstadoJuicio": null,
  "nombreJudicatura": null,
  "nombreTipoResolucion": null,
  "nombreTipoAccion": null,
  "fechaProvidencia": null,
  "nombreProvidencia": null,
  "nombreProvincia": null,
  "incidentes": [
    {
      "idJudicatura": "06335",
      "nombreJudicatura": "UNIDAD JUDICIAL CIVIL CON SEDE EN EL CANTÓN RIOBAMBA",
      "ciudad": "RIOBAMBA",
      "lstIncidenteJudicatura": [
        {
          "idIncidenteJudicatura": 15387928,
          "idMovimientoJuicioIncidente": 14202596,
          "idJudicaturaDestino": "06335",
          "fechaCrea": "19/12/2014 21:52",
          "incidente": 1,
          "lstLitiganteActor": [
            {
              "tipoLitigante": "ACTOR",
              "nombresLitigante": "PIMBO OYASA LUIS ALBERTO Y CLARA AURORA CANDO GAVILANES",
              "representadoPor": null,
              "idLitigante": 2058697
            }
          ],
          "lstLitiganteDemandado": [
            {
              "tipoLitigante": "DEMANDADO",
              "nombresLitigante": "PROCURADURIA GENERAL DEL ESTADO",
              "representadoPor": null,
              "idLitigante": 15639931
            },
            {
              "tipoLitigante": "DEMANDADO",
              "nombresLitigante": "MUNICIPIO DE RIOBAMBA",
              "representadoPor": null,
              "idLitigante": 15639930
            },
            {
              "tipoLitigante": "DEMANDADO",
              "nombresLitigante": "AUQUILLA LLLANGA MARIA TRANSITO Y OTROS",
              "representadoPor": null,
              "idLitigante": 15639929
            }
          ],
          "litiganteActor": null,
          "litiganteDemandado": null
        },
        {
          "idIncidenteJudicatura": 5892871,
          "idMovimientoJuicioIncidente": 14242032,
          "idJudicaturaDestino": "06335",
          "fechaCrea": "19/12/2014 21:59",
          "incidente": 1,
          "lstLitiganteActor": [
            {
              "tipoLitigante": "ACTOR",
              "nombresLitigante": "PIMBO OYASA LUIS ALBERTO",
              "representadoPor": "PIMBO OYASA LUIS ALBERTO",
              "idLitigante": 31573040
            }
          ],
          "lstLitiganteDemandado": [
            {
              "tipoLitigante": "DEMANDADO",
              "nombresLitigante": "PROCURADURIA GENERAL DEL ESTADO",
              "representadoPor": null,
              "idLitigante": 15639931
            },
            {
              "tipoLitigante": "DEMANDADO",
              "nombresLitigante": "MUNICIPIO DE RIOBAMBA",
              "representadoPor": null,
              "idLitigante": 15639930
            },
            {
              "tipoLitigante": "DEMANDADO",
              "nombresLitigante": "AUQUILLA LLLANGA MARIA TRANSITO Y OTROS",
              "representadoPor": null,
              "idLitigante": 15639929
            }
          ],
          "litiganteActor": null,
          "litiganteDemandado": null
        }
      ]
    },
    {
      "idJudicatura": "06301",
      "nombreJudicatura": "JUZGADO PRIMERO DE CIVIL Y MERCANTÍL",
      "ciudad": "RIOBAMBA",
      "lstIncidenteJudicatura": [
        {
          "idIncidenteJudicatura": 17976010,
          "idMovimientoJuicioIncidente": 5911267,
          "idJudicaturaDestino": "06301",
          "fechaCrea": "20/07/2011 00:00",
          "incidente": 1,
          "lstLitiganteActor": [
            {
              "tipoLitigante": "ACTOR",
              "nombresLitigante": "PIMBO OYASA LUIS ALBERTO Y CLARA AURORA CANDO GAVILANES",
              "representadoPor": null,
              "idLitigante": 2058697
            }
          ],
          "lstLitiganteDemandado": [
            {
              "tipoLitigante": "DEMANDADO",
              "nombresLitigante": "PROCURADURIA GENERAL DEL ESTADO",
              "representadoPor": null,
              "idLitigante": 15639931
            },
            {
              "tipoLitigante": "DEMANDADO",
              "nombresLitigante": "MUNICIPIO DE RIOBAMBA",
              "representadoPor": null,
              "idLitigante": 15639930
            },
            {
              "tipoLitigante": "DEMANDADO",
              "nombresLitigante": "AUQUILLA LLLANGA MARIA TRANSITO Y OTROS",
              "representadoPor": null,
              "idLitigante": 15639929
            }
          ],
          "litiganteActor": null,
          "litiganteDemandado": null
        }
      ]
    },
    {
      "idJudicatura": "06303",
      "nombreJudicatura": "JUZGADO TERCERO DE LO CIVIL Y MERCANTÍL",
      "ciudad": "RIOBAMBA",
      "lstIncidenteJudicatura": [
        {
          "idIncidenteJudicatura": 13877601,
          "idMovimientoJuicioIncidente": 10409121,
          "idJudicaturaDestino": "06303",
          "fechaCrea": "07/10/2014 14:45",
          "incidente": 1,
          "lstLitiganteActor": [
            {
              "tipoLitigante": "ACTOR",
              "nombresLitigante": "PIMBO OYASA LUIS ALBERTO Y CLARA AURORA CANDO GAVILANES",
              "representadoPor": null,
              "idLitigante": 2058697
            }
          ],
          "lstLitiganteDemandado": [
            {
              "tipoLitigante": "DEMANDADO",
              "nombresLitigante": "PROCURADURIA GENERAL DEL ESTADO",
              "representadoPor": null,
              "idLitigante": 15639931
            },
            {
              "tipoLitigante": "DEMANDADO",
              "nombresLitigante": "MUNICIPIO DE RIOBAMBA",
              "representadoPor": null,
              "idLitigante": 15639930
            },
            {
              "tipoLitigante": "DEMANDADO",
              "nombresLitigante": "AUQUILLA LLLANGA MARIA TRANSITO Y OTROS",
              "representadoPor": null,
              "idLitigante": 15639929
            }
          ],
          "litiganteActor": null,
          "litiganteDemandado": null
        }
      ]
    }
  ]
}