{
  "0": {
    "id": 1,
    "idJuicio": "06335201801416 ",
    "estadoActual": null,
    "idMateria": 32,
    "idProvincia": null,
    "idCanton": null,
    "idJudicatura": null,
    "nombreDelito": "PRESCRIPCIÓN ADQUISITIVA DE DOMINIO",
    "fechaIngreso": "2018-05-18T20:51:04.407+00:00",
    "iEDocumentoAdjunto": "N",
    "nombre": null,
    "cedula": null,
    "idEstadoJuicio": null,
    "nombreMateria": "CIVIL",
    "nombreEstadoJuicio": null,
    "nombreJudicatura": null,
    "nombreTipoResolucion": null,
    "nombreTipoAccion": "ORDINARIO",
    "fechaProvidencia": null,
    "nombreProvidencia": null,
    "nombreProvincia": null
  },
  "id": 1,
  "idJuicio": "06335201801416 ",
  "estadoActual": "A",
  "idMateria": 32,
  "idProvincia": null,
  "idCanton": null,
  "idJudicatura": null,
  "nombreDelito": "PRESCRIPCIÓN ADQUISITIVA DE DOMINIO",
  "fechaIngreso": "2018-05-18T20:51:04.407+00:00",
  "iEDocumentoAdjunto": "N",
  "nombre": null,
  "cedula": null,
  "idEstadoJuicio": null,
  "nombreMateria": null,
  "nombreEstadoJuicio": null,
  "nombreJudicatura": null,
  "nombreTipoResolucion": null,
  "nombreTipoAccion": null,
  "fechaProvidencia": null,
  "nombreProvidencia": null,
  "nombreProvincia": null,
  "incidentes": [
    {
      "idJudicatura": "06335",
      "nombreJudicatura": "UNIDAD JUDICIAL CIVIL CON SEDE EN EL CANTÓN RIOBAMBA",
      "ciudad": "RIOBAMBA",
      "lstIncidenteJudicatura": [
        {
          "idIncidenteJudicatura": 20706257,
          "idMovimientoJuicioIncidente": 19878724,
          "idJudicaturaDestino": "06335",
          "fechaCrea": "18/05/2018 15:51",
          "incidente": 1,
          "lstLitiganteActor": [
            {
              "tipoLitigante": "ACTOR",
              "nombresLitigante": "PIMBO OYASA LUIS ALBERTO",
              "representadoPor": "PIMBO OYASA LUIS ALBERTO",
              "idLitigante": 31573040
            }
          ],
          "lstLitiganteDemandado": [
            {
              "tipoLitigante": "DEMANDADO",
              "nombresLitigante": "auquilla maria transito y otros",
              "representadoPor": "auquilla maria transito y otros",
              "idLitigante": 34106134
            }
          ],
          "litiganteActor": null,
          "litiganteDemandado": null
        }
      ]
    }
  ]
}