{
  "0": {
    "id": 1,
    "idJuicio": "07283201911121G",
    "estadoActual": null,
    "idMateria": 27,
    "idProvincia": null,
    "idCanton": null,
    "idJudicatura": null,
    "nombreDelito": "ARCHIVO DE LA INVESTIGACIÓN PREVIA ART. 586",
    "fechaIngreso": "2019-12-23T16:32:22.650+00:00",
    "iEDocumentoAdjunto": "N",
    "nombre": null,
    "cedula": null,
    "idEstadoJuicio": null,
    "nombreMateria": "PENAL COIP",
    "nombreEstadoJuicio": null,
    "nombreJudicatura": null,
    "nombreTipoResolucion": null,
    "nombreTipoAccion": "INVESTIGACIÓN PREVIA",
    "fechaProvidencia": null,
    "nombreProvidencia": null,
    "nombreProvincia": null
  },
  "id": 1,
  "idJuicio": "07283201911121G",
  "estadoActual": "A",
  "idMateria": 27,
  "idProvincia": null,
  "idCanton": null,
  "idJudicatura": null,
  "nombreDelito": "ARCHIVO DE LA INVESTIGACIÓN PREVIA ART. 586",
  "fechaIngreso": "2019-12-23T16:32:22.650+00:00",
  "iEDocumentoAdjunto": "N",
  "nombre": null,
  "cedula": null,
  "idEstadoJuicio": null,
  "nombreMateria": null,
  "nombreEstadoJuicio": null,
  "nombreJudicatura": null,
  "nombreTipoResolucion": null,
  "nombreTipoAccion": null,
  "fechaProvidencia": null,
  "nombreProvidencia": null,
  "nombreProvincia": null,
  "incidentes": [
    {
      "idJudicatura": "07283",
      "nombreJudicatura": "UNIDAD JUDICIAL DE GARANTÍAS PENALES CON SEDE EN EL CANTÓN MACHALA",
      "ciudad": "MACHALA",
      "lstIncidenteJudicatura": [
        {
          "idIncidenteJudicatura": 22345108,
          "idMovimientoJuicioIncidente": 21461414,
          "idJudicaturaDestino": "07283",
          "fechaCrea": "23/12/2019 11:32",
          "incidente": 1,
          "lstLitiganteActor": [
            {
              "tipoLitigante": "VICTIMA O DENUNCIANTE",
              "nombresLitigante": "CORDOVA SOSA JOHNNY ANGEL",
              "representadoPor": "CORDOVA SOSA JOHNNY ANGEL",
              "idLitigante": 36476270
            }
          ],
          "lstLitiganteDemandado": [
            {
              "tipoLitigante": "PERSONA INVESTIGADA",
              "nombresLitigante": "maria rosario montaño pintado",
              "representadoPor": "maria rosario montaño pintado",
              "idLitigante": 36476299
            }
          ],
          "litiganteActor": null,
          "litiganteDemandado": null
        }
      ]
    }
  ]
}