{
  "0": {
    "id": 1,
    "idJuicio": "07317201800094G",
    "estadoActual": null,
    "idMateria": 33,
    "idProvincia": null,
    "idCanton": null,
    "idJudicatura": null,
    "nombreDelito": "DEPRECATORIO",
    "fechaIngreso": "2018-03-19T17:12:55.110+00:00",
    "iEDocumentoAdjunto": "N",
    "nombre": null,
    "cedula": null,
    "idEstadoJuicio": null,
    "nombreMateria": "FAMILIA MUJER NIÑEZ Y ADOLESCENCIA",
    "nombreEstadoJuicio": null,
    "nombreJudicatura": null,
    "nombreTipoResolucion": null,
    "nombreTipoAccion": "DEPRECATORIO                                                          ",
    "fechaProvidencia": null,
    "nombreProvidencia": null,
    "nombreProvincia": null
  },
  "id": 1,
  "idJuicio": "07317201800094G",
  "estadoActual": "A",
  "idMateria": 33,
  "idProvincia": null,
  "idCanton": null,
  "idJudicatura": null,
  "nombreDelito": "DEPRECATORIO",
  "fechaIngreso": "2018-03-19T17:12:55.110+00:00",
  "iEDocumentoAdjunto": "N",
  "nombre": null,
  "cedula": null,
  "idEstadoJuicio": null,
  "nombreMateria": null,
  "nombreEstadoJuicio": null,
  "nombreJudicatura": null,
  "nombreTipoResolucion": null,
  "nombreTipoAccion": null,
  "fechaProvidencia": null,
  "nombreProvidencia": null,
  "nombreProvincia": null,
  "incidentes": [
    {
      "idJudicatura": "07317",
      "nombreJudicatura": "UNIDAD JUDICIAL MULTICOMPETENTE CIVIL CON SEDE EN EL CANTÓN EL GUABO",
      "ciudad": "EL GUABO",
      "lstIncidenteJudicatura": [
        {
          "idIncidenteJudicatura": 20537371,
          "idMovimientoJuicioIncidente": 19719305,
          "idJudicaturaDestino": "07317",
          "fechaCrea": "19/03/2018 12:12",
          "incidente": 1,
          "lstLitiganteActor": [
            {
              "tipoLitigante": "DEPRECADOR",
              "nombresLitigante": "ZAMORA CABRERA VIVIANA NATASHA",
              "representadoPor": "ZAMORA CABRERA VIVIANA NATASHA",
              "idLitigante": 33175322
            }
          ],
          "lstLitiganteDemandado": [
            {
              "tipoLitigante": "DEPRECADO",
              "nombresLitigante": "MUSO LLUMILUISA LUIS IVAN",
              "representadoPor": "MUSO LLUMILUISA LUIS IVAN",
              "idLitigante": 33175328
            }
          ],
          "litiganteActor": null,
          "litiganteDemandado": null
        }
      ]
    }
  ]
}