{
  "0": {
    "id": 1,
    "idJuicio": "0795220140867  ",
    "estadoActual": null,
    "idMateria": 6,
    "idProvincia": null,
    "idCanton": null,
    "idJudicatura": null,
    "nombreDelito": "AUTORIZACION DE VENTA DE BIENES DE MENORES                                                                                                                                          ",
    "fechaIngreso": "2014-04-16T05:00:00.000+00:00",
    "iEDocumentoAdjunto": "N",
    "nombre": null,
    "cedula": null,
    "idEstadoJuicio": null,
    "nombreMateria": "FAMILIA MUJER NIÑEZ Y ADOLESCENCIA NO_COGEP",
    "nombreEstadoJuicio": null,
    "nombreJudicatura": null,
    "nombreTipoResolucion": null,
    "nombreTipoAccion": "ESPECIAL                                                              ",
    "fechaProvidencia": null,
    "nombreProvidencia": null,
    "nombreProvincia": null
  },
  "id": 1,
  "idJuicio": "0795220140867  ",
  "estadoActual": "A",
  "idMateria": 6,
  "idProvincia": null,
  "idCanton": null,
  "idJudicatura": null,
  "nombreDelito": "AUTORIZACION DE VENTA DE BIENES DE MENORES                                                                                                                                          ",
  "fechaIngreso": "2014-04-16T05:00:00.000+00:00",
  "iEDocumentoAdjunto": "N",
  "nombre": null,
  "cedula": null,
  "idEstadoJuicio": null,
  "nombreMateria": null,
  "nombreEstadoJuicio": null,
  "nombreJudicatura": null,
  "nombreTipoResolucion": null,
  "nombreTipoAccion": null,
  "fechaProvidencia": null,
  "nombreProvidencia": null,
  "nombreProvincia": null,
  "incidentes": [
    {
      "idJudicatura": "07952",
      "nombreJudicatura": "JUZGADO SEGUNDO DE FAMILIA, MUJER, NIÑEZ Y ADOLESCENCIA",
      "ciudad": "MACHALA",
      "lstIncidenteJudicatura": [
        {
          "idIncidenteJudicatura": 12861925,
          "idMovimientoJuicioIncidente": 9702199,
          "idJudicaturaDestino": "07952",
          "fechaCrea": "16/04/2014 00:00",
          "incidente": 1,
          "lstLitiganteActor": [
            {
              "tipoLitigante": "ACTOR",
              "nombresLitigante": "CEVALLOS MORAN JOSE BELEN",
              "representadoPor": null,
              "idLitigante": 2781734
            }
          ],
          "lstLitiganteDemandado": [
            {
              "tipoLitigante": "DEMANDADO",
              "nombresLitigante": "",
              "representadoPor": null,
              "idLitigante": 16286985
            }
          ],
          "litiganteActor": null,
          "litiganteDemandado": null
        }
      ]
    },
    {
      "idJudicatura": "07205",
      "nombreJudicatura": "UNIDAD JUDICIAL DE FAMILIA, MUJER, NIÑEZ, ADOLESCENCIA Y ADOLESCENTES INFRACTORES CON SEDE EN EL CANTÓN MACHALA",
      "ciudad": "MACHALA",
      "lstIncidenteJudicatura": [
        {
          "idIncidenteJudicatura": 1768875,
          "idMovimientoJuicioIncidente": 13943477,
          "idJudicaturaDestino": "07205",
          "fechaCrea": "12/11/2014 18:58",
          "incidente": 1,
          "lstLitiganteActor": [
            {
              "tipoLitigante": "ACTOR",
              "nombresLitigante": "CEVALLOS MORAN JOSE BELEN",
              "representadoPor": null,
              "idLitigante": 2781734
            }
          ],
          "lstLitiganteDemandado": [
            {
              "tipoLitigante": "DEMANDADO",
              "nombresLitigante": "",
              "representadoPor": null,
              "idLitigante": 16286985
            }
          ],
          "litiganteActor": null,
          "litiganteDemandado": null
        }
      ]
    }
  ]
}