{
  "0": {
    "id": 1,
    "idJuicio": "08282202206762 ",
    "estadoActual": null,
    "idMateria": 28,
    "idProvincia": null,
    "idCanton": null,
    "idJudicatura": null,
    "nombreDelito": "389 CONTRAVENCIONES DE TRÁNSITO DE CUARTA CLASE, INC.1, NUM. 1",
    "fechaIngreso": "2022-07-01T17:04:58.457+00:00",
    "iEDocumentoAdjunto": "N",
    "nombre": null,
    "cedula": null,
    "idEstadoJuicio": null,
    "nombreMateria": "TRÁNSITO COIP",
    "nombreEstadoJuicio": null,
    "nombreJudicatura": null,
    "nombreTipoResolucion": null,
    "nombreTipoAccion": "CONTRAVENCIONES DE TRÁNSITO",
    "fechaProvidencia": null,
    "nombreProvidencia": null,
    "nombreProvincia": null
  },
  "id": 1,
  "idJuicio": "08282202206762 ",
  "estadoActual": "A",
  "idMateria": 28,
  "idProvincia": null,
  "idCanton": null,
  "idJudicatura": null,
  "nombreDelito": "389 CONTRAVENCIONES DE TRÁNSITO DE CUARTA CLASE, INC.1, NUM. 1",
  "fechaIngreso": "2022-07-01T17:04:58.457+00:00",
  "iEDocumentoAdjunto": "N",
  "nombre": null,
  "cedula": null,
  "idEstadoJuicio": null,
  "nombreMateria": null,
  "nombreEstadoJuicio": null,
  "nombreJudicatura": null,
  "nombreTipoResolucion": null,
  "nombreTipoAccion": null,
  "fechaProvidencia": null,
  "nombreProvidencia": null,
  "nombreProvincia": null,
  "incidentes": [
    {
      "idJudicatura": "08282",
      "nombreJudicatura": "UNIDAD JUDICIAL PENAL DE ESMERALDAS",
      "ciudad": "ESMERALDAS",
      "lstIncidenteJudicatura": [
        {
          "idIncidenteJudicatura": 25296710,
          "idMovimientoJuicioIncidente": 24062746,
          "idJudicaturaDestino": "08282",
          "fechaCrea": "01/07/2022 12:04",
          "incidente": 1,
          "lstLitiganteActor": [
            {
              "tipoLitigante": "PERSONA CONTRAVENTORA",
              "nombresLitigante": "CAHUASQUI FLOR SASKYA",
              "representadoPor": "CAHUASQUI FLOR SASKYA",
              "idLitigante": 38913272
            }
          ],
          "lstLitiganteDemandado": null,
          "litiganteActor": null,
          "litiganteDemandado": null
        }
      ]
    }
  ]
}