{
  "0": {
    "id": 1,
    "idJuicio": "09201201508696 ",
    "estadoActual": null,
    "idMateria": 6,
    "idProvincia": null,
    "idCanton": null,
    "idJudicatura": null,
    "nombreDelito": "DIVORCIO POR CAUSAL",
    "fechaIngreso": "2015-11-13T05:00:00.000+00:00",
    "iEDocumentoAdjunto": "N",
    "nombre": null,
    "cedula": null,
    "idEstadoJuicio": null,
    "nombreMateria": "FAMILIA MUJER NIÑEZ Y ADOLESCENCIA NO_COGEP",
    "nombreEstadoJuicio": null,
    "nombreJudicatura": null,
    "nombreTipoResolucion": null,
    "nombreTipoAccion": "VERBAL SUMARIO                                                        ",
    "fechaProvidencia": null,
    "nombreProvidencia": null,
    "nombreProvincia": null
  },
  "id": 1,
  "idJuicio": "09201201508696 ",
  "estadoActual": "A",
  "idMateria": 6,
  "idProvincia": null,
  "idCanton": null,
  "idJudicatura": null,
  "nombreDelito": "DIVORCIO POR CAUSAL",
  "fechaIngreso": "2015-11-13T05:00:00.000+00:00",
  "iEDocumentoAdjunto": "N",
  "nombre": null,
  "cedula": null,
  "idEstadoJuicio": null,
  "nombreMateria": null,
  "nombreEstadoJuicio": null,
  "nombreJudicatura": null,
  "nombreTipoResolucion": null,
  "nombreTipoAccion": null,
  "fechaProvidencia": null,
  "nombreProvidencia": null,
  "nombreProvincia": null,
  "incidentes": [
    {
      "idJudicatura": "09201",
      "nombreJudicatura": ".UNIDAD JUDICIAL DE FAMILIA, MUJER, NIÑEZ Y ADOLESCENCIA NORTE CON SEDE EN EL CANTÓN GUAYAQUIL, PROVINCIA DEL GUAYAS",
      "ciudad": "GUAYAQUIL",
      "lstIncidenteJudicatura": [
        {
          "idIncidenteJudicatura": 4405694,
          "idMovimientoJuicioIncidente": 16221886,
          "idJudicaturaDestino": "09201",
          "fechaCrea": "13/11/2015 15:12",
          "incidente": 1,
          "lstLitiganteActor": [
            {
              "tipoLitigante": "ACTOR",
              "nombresLitigante": "RIVERA ZAMBRANO RICARDO CATALINO",
              "representadoPor": "RIVERA ZAMBRANO RICARDO CATALINO",
              "idLitigante": 28457443
            }
          ],
          "lstLitiganteDemandado": [
            {
              "tipoLitigante": "DEMANDADO",
              "nombresLitigante": "GALAN CARVAJAL MIRIAM JOSEFINA",
              "representadoPor": "GALAN CARVAJAL MIRIAM JOSEFINA",
              "idLitigante": 28457499
            }
          ],
          "litiganteActor": null,
          "litiganteDemandado": null
        }
      ]
    },
    {
      "idJudicatura": "09210",
      "nombreJudicatura": "UNIDAD JUDICIAL FAMILIA, MUJER, NIÑEZ Y ADOLESCENCIA  CON SEDE EN EL CANTÓN DURÁN",
      "ciudad": "DURAN",
      "lstIncidenteJudicatura": [
        {
          "idIncidenteJudicatura": 18323815,
          "idMovimientoJuicioIncidente": 16221886,
          "idJudicaturaDestino": "09210",
          "fechaCrea": "14/09/2016 12:31",
          "incidente": 1,
          "lstLitiganteActor": [
            {
              "tipoLitigante": "ACTOR",
              "nombresLitigante": "RIVERA ZAMBRANO RICARDO CATALINO",
              "representadoPor": "RIVERA ZAMBRANO RICARDO CATALINO",
              "idLitigante": 28457443
            }
          ],
          "lstLitiganteDemandado": [
            {
              "tipoLitigante": "DEMANDADO",
              "nombresLitigante": "GALAN CARVAJAL MIRIAM JOSEFINA",
              "representadoPor": "GALAN CARVAJAL MIRIAM JOSEFINA",
              "idLitigante": 28457499
            }
          ],
          "litiganteActor": null,
          "litiganteDemandado": null
        }
      ]
    }
  ]
}