{
  "0": {
    "id": 1,
    "idJuicio": "09208201703107 ",
    "estadoActual": null,
    "idMateria": 6,
    "idProvincia": null,
    "idCanton": null,
    "idJudicatura": null,
    "nombreDelito": "ALIMENTOS CON PRESUNCIÓN DE PATERNIDAD",
    "fechaIngreso": "2017-05-09T19:58:04.723+00:00",
    "iEDocumentoAdjunto": "N",
    "nombre": null,
    "cedula": null,
    "idEstadoJuicio": null,
    "nombreMateria": "FAMILIA MUJER NIÑEZ Y ADOLESCENCIA NO_COGEP",
    "nombreEstadoJuicio": null,
    "nombreJudicatura": null,
    "nombreTipoResolucion": null,
    "nombreTipoAccion": "CONTENCIOSO GENERAL                                                   ",
    "fechaProvidencia": null,
    "nombreProvidencia": null,
    "nombreProvincia": null
  },
  "id": 2,
  "idJuicio": "09208201703107 ",
  "estadoActual": "A",
  "idMateria": 6,
  "idProvincia": null,
  "idCanton": null,
  "idJudicatura": null,
  "nombreDelito": "ALIMENTOS CON PRESUNCIÓN DE PATERNIDAD",
  "fechaIngreso": "2017-05-09T19:58:04.723+00:00",
  "iEDocumentoAdjunto": "N",
  "nombre": null,
  "cedula": null,
  "idEstadoJuicio": null,
  "nombreMateria": null,
  "nombreEstadoJuicio": null,
  "nombreJudicatura": null,
  "nombreTipoResolucion": null,
  "nombreTipoAccion": null,
  "fechaProvidencia": null,
  "nombreProvidencia": null,
  "nombreProvincia": null,
  "incidentes": [
    {
      "idJudicatura": "09208",
      "nombreJudicatura": "UNIDAD JUDICIAL SUR DE FAMILIA, MUJER, NIÑEZ Y ADOLESCENCIA",
      "ciudad": "GUAYAQUIL",
      "lstIncidenteJudicatura": [
        {
          "idIncidenteJudicatura": 19289596,
          "idMovimientoJuicioIncidente": 18902910,
          "idJudicaturaDestino": "09208",
          "fechaCrea": "09/05/2017 14:58",
          "incidente": 1,
          "lstLitiganteActor": [
            {
              "tipoLitigante": "ACTOR",
              "nombresLitigante": "CARRASCO VERA TANIA MAGDALENA",
              "representadoPor": "CARRASCO VERA TANIA MAGDALENA",
              "idLitigante": 6440545
            }
          ],
          "lstLitiganteDemandado": [
            {
              "tipoLitigante": "DEMANDADO",
              "nombresLitigante": "ORELLANA AVELLAN RENATO FERNANDO",
              "representadoPor": "ORELLANA AVELLAN RENATO FERNANDO",
              "idLitigante": 27299756
            }
          ],
          "litiganteActor": null,
          "litiganteDemandado": null
        }
      ]
    }
  ]
}