{
  "0": {
    "id": 1,
    "idJuicio": "0920820151027  ",
    "estadoActual": null,
    "idMateria": 6,
    "idProvincia": null,
    "idCanton": null,
    "idJudicatura": null,
    "nombreDelito": "CONSIGNACIÓN VOLUNTARIA DE ALIMENTOS",
    "fechaIngreso": "2015-01-29T22:10:09.113+00:00",
    "iEDocumentoAdjunto": "N",
    "nombre": null,
    "cedula": null,
    "idEstadoJuicio": null,
    "nombreMateria": "FAMILIA MUJER NIÑEZ Y ADOLESCENCIA NO_COGEP",
    "nombreEstadoJuicio": null,
    "nombreJudicatura": null,
    "nombreTipoResolucion": null,
    "nombreTipoAccion": "ESPECIAL                                                              ",
    "fechaProvidencia": null,
    "nombreProvidencia": null,
    "nombreProvincia": null
  },
  "id": 1,
  "idJuicio": "0920820151027  ",
  "estadoActual": "A",
  "idMateria": 6,
  "idProvincia": null,
  "idCanton": null,
  "idJudicatura": null,
  "nombreDelito": "CONSIGNACIÓN VOLUNTARIA DE ALIMENTOS",
  "fechaIngreso": "2015-01-29T22:10:09.113+00:00",
  "iEDocumentoAdjunto": "N",
  "nombre": null,
  "cedula": null,
  "idEstadoJuicio": null,
  "nombreMateria": null,
  "nombreEstadoJuicio": null,
  "nombreJudicatura": null,
  "nombreTipoResolucion": null,
  "nombreTipoAccion": null,
  "fechaProvidencia": null,
  "nombreProvidencia": null,
  "nombreProvincia": null,
  "incidentes": [
    {
      "idJudicatura": "09208",
      "nombreJudicatura": "UNIDAD JUDICIAL SUR DE FAMILIA, MUJER, NIÑEZ Y ADOLESCENCIA",
      "ciudad": "GUAYAQUIL",
      "lstIncidenteJudicatura": [
        {
          "idIncidenteJudicatura": 16652430,
          "idMovimientoJuicioIncidente": 14524475,
          "idJudicaturaDestino": "09208",
          "fechaCrea": "29/01/2015 17:10",
          "incidente": 1,
          "lstLitiganteActor": [
            {
              "tipoLitigante": "ACTOR",
              "nombresLitigante": "CABRERA BARZOLA EDUARDO VICENTE",
              "representadoPor": "CABRERA BARZOLA EDUARDO VICENTE",
              "idLitigante": 26725855
            }
          ],
          "lstLitiganteDemandado": [
            {
              "tipoLitigante": "DEMANDADO",
              "nombresLitigante": "baldeon morales elvira del rocio",
              "representadoPor": "baldeon morales elvira del rocio",
              "idLitigante": 26725879
            }
          ],
          "litiganteActor": null,
          "litiganteDemandado": null
        }
      ]
    }
  ]
}