{
  "0": {
    "id": 1,
    "idJuicio": "0920220131623  ",
    "estadoActual": null,
    "idMateria": 6,
    "idProvincia": null,
    "idCanton": null,
    "idJudicatura": null,
    "nombreDelito": "DIVORCIO POR CAUSAL                                                                                                                                                                 ",
    "fechaIngreso": "2013-06-12T05:00:00.000+00:00",
    "iEDocumentoAdjunto": "N",
    "nombre": null,
    "cedula": null,
    "idEstadoJuicio": null,
    "nombreMateria": "FAMILIA MUJER NIÑEZ Y ADOLESCENCIA NO_COGEP",
    "nombreEstadoJuicio": null,
    "nombreJudicatura": null,
    "nombreTipoResolucion": null,
    "nombreTipoAccion": "VERBAL SUMARIO                                                        ",
    "fechaProvidencia": null,
    "nombreProvidencia": null,
    "nombreProvincia": null
  },
  "id": 4,
  "idJuicio": "0920220131623  ",
  "estadoActual": "A",
  "idMateria": 6,
  "idProvincia": null,
  "idCanton": null,
  "idJudicatura": null,
  "nombreDelito": "DIVORCIO POR CAUSAL                                                                                                                                                                 ",
  "fechaIngreso": "2013-06-12T05:00:00.000+00:00",
  "iEDocumentoAdjunto": "N",
  "nombre": null,
  "cedula": null,
  "idEstadoJuicio": null,
  "nombreMateria": null,
  "nombreEstadoJuicio": null,
  "nombreJudicatura": null,
  "nombreTipoResolucion": null,
  "nombreTipoAccion": null,
  "fechaProvidencia": null,
  "nombreProvidencia": null,
  "nombreProvincia": null,
  "incidentes": [
    {
      "idJudicatura": "09202",
      "nombreJudicatura": "UNIDAD JUDICIAL DE FAMILIA, MUJER, NINEZ Y ADOLESCENCIA CON SEDE EN EL CANTÓN MILAGRO",
      "ciudad": "MILAGRO",
      "lstIncidenteJudicatura": [
        {
          "idIncidenteJudicatura": 17301248,
          "idMovimientoJuicioIncidente": 7973605,
          "idJudicaturaDestino": "09202",
          "fechaCrea": "12/06/2013 00:00",
          "incidente": 1,
          "lstLitiganteActor": [
            {
              "tipoLitigante": "ACTOR",
              "nombresLitigante": "LARA TORRES ERIKA NICOLE",
              "representadoPor": "LARA TORRES ERIKA NICOLE",
              "idLitigante": 37600827
            },
            {
              "tipoLitigante": "ACTOR",
              "nombresLitigante": "LARA TORRES ERICK EMILIO",
              "representadoPor": "LARA TORRES ERICK EMILIO",
              "idLitigante": 35538274
            },
            {
              "tipoLitigante": "ACTOR",
              "nombresLitigante": "TORRES PROAÑO YESENNIA MONSERRATTE",
              "representadoPor": "TORRES PROAÑO YESENNIA MONSERRATTE",
              "idLitigante": 29186149
            }
          ],
          "lstLitiganteDemandado": [
            {
              "tipoLitigante": "DEMANDADO",
              "nombresLitigante": "LARA REYES PATRICIO RAUL",
              "representadoPor": "LARA REYES PATRICIO RAUL",
              "idLitigante": 35134789
            }
          ],
          "litiganteActor": null,
          "litiganteDemandado": null
        }
      ]
    }
  ]
}