{
  "0": {
    "id": 1,
    "idJuicio": "09208202207250 ",
    "estadoActual": null,
    "idMateria": 33,
    "idProvincia": null,
    "idCanton": null,
    "idJudicatura": null,
    "nombreDelito": "AUTORIZACIÓN DE VENTA DE BIEN DE INTERDICTO",
    "fechaIngreso": "2022-12-13T20:13:08.207+00:00",
    "iEDocumentoAdjunto": "N",
    "nombre": null,
    "cedula": null,
    "idEstadoJuicio": null,
    "nombreMateria": "FAMILIA MUJER NIÑEZ Y ADOLESCENCIA",
    "nombreEstadoJuicio": null,
    "nombreJudicatura": null,
    "nombreTipoResolucion": null,
    "nombreTipoAccion": "VOLUNTARIO",
    "fechaProvidencia": null,
    "nombreProvidencia": null,
    "nombreProvincia": null
  },
  "id": 1,
  "idJuicio": "09208202207250 ",
  "estadoActual": "A",
  "idMateria": 33,
  "idProvincia": null,
  "idCanton": null,
  "idJudicatura": null,
  "nombreDelito": "AUTORIZACIÓN DE VENTA DE BIEN DE INTERDICTO",
  "fechaIngreso": "2022-12-13T20:13:08.207+00:00",
  "iEDocumentoAdjunto": "N",
  "nombre": null,
  "cedula": null,
  "idEstadoJuicio": null,
  "nombreMateria": null,
  "nombreEstadoJuicio": null,
  "nombreJudicatura": null,
  "nombreTipoResolucion": null,
  "nombreTipoAccion": null,
  "fechaProvidencia": null,
  "nombreProvidencia": null,
  "nombreProvincia": null,
  "incidentes": [
    {
      "idJudicatura": "09208",
      "nombreJudicatura": "UNIDAD JUDICIAL SUR DE FAMILIA, MUJER, NIÑEZ Y ADOLESCENCIA",
      "ciudad": "GUAYAQUIL",
      "lstIncidenteJudicatura": [
        {
          "idIncidenteJudicatura": 25894550,
          "idMovimientoJuicioIncidente": 24541278,
          "idJudicaturaDestino": "09208",
          "fechaCrea": "13/12/2022 15:13",
          "incidente": 1,
          "lstLitiganteActor": [
            {
              "tipoLitigante": "SOLICITANTE",
              "nombresLitigante": "CEVALLOS BAÑO LUPITA CECILIA",
              "representadoPor": "CEVALLOS BAÑO LUPITA CECILIA",
              "idLitigante": 28544666
            }
          ],
          "lstLitiganteDemandado": null,
          "litiganteActor": null,
          "litiganteDemandado": null
        }
      ]
    }
  ]
}