{
  "0": {
    "id": 1,
    "idJuicio": "09208202101964 ",
    "estadoActual": null,
    "idMateria": 33,
    "idProvincia": null,
    "idCanton": null,
    "idJudicatura": null,
    "nombreDelito": "APERTURA DE LA SUCESIÓN HEREDITARIA CON OPOSICIÓN",
    "fechaIngreso": "2021-04-07T19:01:35.600+00:00",
    "iEDocumentoAdjunto": "N",
    "nombre": null,
    "cedula": null,
    "idEstadoJuicio": null,
    "nombreMateria": "FAMILIA MUJER NIÑEZ Y ADOLESCENCIA",
    "nombreEstadoJuicio": null,
    "nombreJudicatura": null,
    "nombreTipoResolucion": null,
    "nombreTipoAccion": "SUMARIO",
    "fechaProvidencia": null,
    "nombreProvidencia": null,
    "nombreProvincia": null
  },
  "id": 6,
  "idJuicio": "09208202101964 ",
  "estadoActual": "A",
  "idMateria": 33,
  "idProvincia": null,
  "idCanton": null,
  "idJudicatura": null,
  "nombreDelito": "APERTURA DE LA SUCESIÓN HEREDITARIA CON OPOSICIÓN",
  "fechaIngreso": "2021-04-07T19:01:35.600+00:00",
  "iEDocumentoAdjunto": "N",
  "nombre": null,
  "cedula": null,
  "idEstadoJuicio": null,
  "nombreMateria": null,
  "nombreEstadoJuicio": null,
  "nombreJudicatura": null,
  "nombreTipoResolucion": null,
  "nombreTipoAccion": null,
  "fechaProvidencia": null,
  "nombreProvidencia": null,
  "nombreProvincia": null,
  "incidentes": [
    {
      "idJudicatura": "09208",
      "nombreJudicatura": "UNIDAD JUDICIAL SUR DE FAMILIA, MUJER, NIÑEZ Y ADOLESCENCIA",
      "ciudad": "GUAYAQUIL",
      "lstIncidenteJudicatura": [
        {
          "idIncidenteJudicatura": 23789749,
          "idMovimientoJuicioIncidente": 22706216,
          "idJudicaturaDestino": "09208",
          "fechaCrea": "07/04/2021 14:01",
          "incidente": 1,
          "lstLitiganteActor": [
            {
              "tipoLitigante": "ACTOR",
              "nombresLitigante": "SOLORZANO CEVALLOS SUSANA ISABEL",
              "representadoPor": "SOLORZANO CEVALLOS SUSANA ISABEL",
              "idLitigante": 35012439
            }
          ],
          "lstLitiganteDemandado": [
            {
              "tipoLitigante": "DEMANDADO",
              "nombresLitigante": "herederos y presuntos herederos",
              "representadoPor": "herederos y presuntos herederos",
              "idLitigante": 38277685
            },
            {
              "tipoLitigante": "DEMANDADO",
              "nombresLitigante": "servicio rentas internas",
              "representadoPor": "servicio rentas internas",
              "idLitigante": 38277678
            },
            {
              "tipoLitigante": "DEMANDADO",
              "nombresLitigante": "HERRERA PALMA NANCY MARITZA",
              "representadoPor": "HERRERA PALMA NANCY MARITZA",
              "idLitigante": 38277669
            },
            {
              "tipoLitigante": "DEMANDADO",
              "nombresLitigante": "GARCIA CHUCA GRACE KATIUSKA",
              "representadoPor": "GARCIA CHUCA GRACE KATIUSKA",
              "idLitigante": 38277663
            },
            {
              "tipoLitigante": "DEMANDADO",
              "nombresLitigante": "CHUCA MUÑOZ ANA AIDA",
              "representadoPor": "CHUCA MUÑOZ ANA AIDA",
              "idLitigante": 38277657
            },
            {
              "tipoLitigante": "DEMANDADO",
              "nombresLitigante": "CHUCA MUÑOZ LUIS ANIBAL",
              "representadoPor": "CHUCA MUÑOZ LUIS ANIBAL",
              "idLitigante": 38277656
            },
            {
              "tipoLitigante": "DEMANDADO",
              "nombresLitigante": "TOLOZANO CHUCA ISABEL VICTORIA",
              "representadoPor": "TOLOZANO CHUCA ISABEL VICTORIA",
              "idLitigante": 38277649
            },
            {
              "tipoLitigante": "DEMANDADO",
              "nombresLitigante": "CHUCA MUÑOZ ROSARIO VICTORIA",
              "representadoPor": "CHUCA MUÑOZ ROSARIO VICTORIA",
              "idLitigante": 38277644
            },
            {
              "tipoLitigante": "DEMANDADO",
              "nombresLitigante": "CHUCA MUÑOZ SEGUNDO EUGENIO",
              "representadoPor": "CHUCA MUÑOZ SEGUNDO EUGENIO",
              "idLitigante": 38277640
            },
            {
              "tipoLitigante": "DEMANDADO",
              "nombresLitigante": "CHUCA MUÑOZ WILFRIDO VICENTE",
              "representadoPor": "CHUCA MUÑOZ WILFRIDO VICENTE",
              "idLitigante": 30721692
            }
          ],
          "litiganteActor": null,
          "litiganteDemandado": null
        }
      ]
    }
  ]
}