{
  "0": {
    "id": 1,
    "idJuicio": "09208201601953 ",
    "estadoActual": null,
    "idMateria": 6,
    "idProvincia": null,
    "idCanton": null,
    "idJudicatura": null,
    "nombreDelito": "DIVORCIO POR MUTUO CONSENTIMIENTO",
    "fechaIngreso": "2016-03-03T14:55:08.587+00:00",
    "iEDocumentoAdjunto": "N",
    "nombre": null,
    "cedula": null,
    "idEstadoJuicio": null,
    "nombreMateria": "FAMILIA MUJER NIÑEZ Y ADOLESCENCIA NO_COGEP",
    "nombreEstadoJuicio": null,
    "nombreJudicatura": null,
    "nombreTipoResolucion": null,
    "nombreTipoAccion": "ESPECIAL                                                              ",
    "fechaProvidencia": null,
    "nombreProvidencia": null,
    "nombreProvincia": null
  },
  "id": 1,
  "idJuicio": "09208201601953 ",
  "estadoActual": "A",
  "idMateria": 6,
  "idProvincia": null,
  "idCanton": null,
  "idJudicatura": null,
  "nombreDelito": "DIVORCIO POR MUTUO CONSENTIMIENTO",
  "fechaIngreso": "2016-03-03T14:55:08.587+00:00",
  "iEDocumentoAdjunto": "N",
  "nombre": null,
  "cedula": null,
  "idEstadoJuicio": null,
  "nombreMateria": null,
  "nombreEstadoJuicio": null,
  "nombreJudicatura": null,
  "nombreTipoResolucion": null,
  "nombreTipoAccion": null,
  "fechaProvidencia": null,
  "nombreProvidencia": null,
  "nombreProvincia": null,
  "incidentes": [
    {
      "idJudicatura": "09208",
      "nombreJudicatura": "UNIDAD JUDICIAL SUR DE FAMILIA, MUJER, NIÑEZ Y ADOLESCENCIA",
      "ciudad": "GUAYAQUIL",
      "lstIncidenteJudicatura": [
        {
          "idIncidenteJudicatura": 4002099,
          "idMovimientoJuicioIncidente": 17494335,
          "idJudicaturaDestino": "09208",
          "fechaCrea": "03/03/2016 09:55",
          "incidente": 1,
          "lstLitiganteActor": [
            {
              "tipoLitigante": "ACTOR",
              "nombresLitigante": "BRITO CALLE MONICA MERCY",
              "representadoPor": "BRITO CALLE MONICA MERCY",
              "idLitigante": 29914648
            },
            {
              "tipoLitigante": "ACTOR",
              "nombresLitigante": "CAMPUZANO CALERO JULIO FRANCISCO",
              "representadoPor": "CAMPUZANO CALERO JULIO FRANCISCO",
              "idLitigante": 29914627
            }
          ],
          "lstLitiganteDemandado": null,
          "litiganteActor": null,
          "litiganteDemandado": null
        }
      ]
    }
  ]
}