{
  "0": {
    "id": 1,
    "idJuicio": "09209202204277 ",
    "estadoActual": null,
    "idMateria": 33,
    "idProvincia": null,
    "idCanton": null,
    "idJudicatura": null,
    "nombreDelito": "DIVORCIO POR MUTUO CONSENTIMIENTO SIN HIJOS DEPENDIENTES",
    "fechaIngreso": "2022-10-11T19:15:17.130+00:00",
    "iEDocumentoAdjunto": "N",
    "nombre": null,
    "cedula": null,
    "idEstadoJuicio": null,
    "nombreMateria": "FAMILIA MUJER NIÑEZ Y ADOLESCENCIA",
    "nombreEstadoJuicio": null,
    "nombreJudicatura": null,
    "nombreTipoResolucion": null,
    "nombreTipoAccion": "VOLUNTARIO",
    "fechaProvidencia": null,
    "nombreProvidencia": null,
    "nombreProvincia": null
  },
  "id": 1,
  "idJuicio": "09209202204277 ",
  "estadoActual": "A",
  "idMateria": 33,
  "idProvincia": null,
  "idCanton": null,
  "idJudicatura": null,
  "nombreDelito": "DIVORCIO POR MUTUO CONSENTIMIENTO SIN HIJOS DEPENDIENTES",
  "fechaIngreso": "2022-10-11T19:15:17.130+00:00",
  "iEDocumentoAdjunto": "N",
  "nombre": null,
  "cedula": null,
  "idEstadoJuicio": null,
  "nombreMateria": null,
  "nombreEstadoJuicio": null,
  "nombreJudicatura": null,
  "nombreTipoResolucion": null,
  "nombreTipoAccion": null,
  "fechaProvidencia": null,
  "nombreProvidencia": null,
  "nombreProvincia": null,
  "incidentes": [
    {
      "idJudicatura": "09209",
      "nombreJudicatura": "UNIDAD JUDICIAL DE FAMILIA, MUJER, NIÑEZ Y ADOLESCENCIA NORTE CON SEDE EN EL CANTÓN GUAYAQUIL, PROVINCIA DEL GUAYAS",
      "ciudad": "GUAYAQUIL",
      "lstIncidenteJudicatura": [
        {
          "idIncidenteJudicatura": 25703481,
          "idMovimientoJuicioIncidente": 24360719,
          "idJudicaturaDestino": "09209",
          "fechaCrea": "11/10/2022 14:15",
          "incidente": 1,
          "lstLitiganteActor": [
            {
              "tipoLitigante": "SOLICITANTE",
              "nombresLitigante": "MENDOZA QUINTANA IRMA GEORGINA",
              "representadoPor": "MENDOZA QUINTANA IRMA GEORGINA",
              "idLitigante": 40540988
            },
            {
              "tipoLitigante": "SOLICITANTE",
              "nombresLitigante": "BRITO MACIAS DIEGO RUBEN",
              "representadoPor": "BRITO MACIAS DIEGO RUBEN",
              "idLitigante": 33655818
            }
          ],
          "lstLitiganteDemandado": null,
          "litiganteActor": null,
          "litiganteDemandado": null
        }
      ]
    }
  ]
}