{
  "0": {
    "id": 1,
    "idJuicio": "09208201903650 ",
    "estadoActual": null,
    "idMateria": 33,
    "idProvincia": null,
    "idCanton": null,
    "idJudicatura": null,
    "nombreDelito": "ALIMENTOS",
    "fechaIngreso": "2019-06-06T15:05:46.697+00:00",
    "iEDocumentoAdjunto": "N",
    "nombre": null,
    "cedula": null,
    "idEstadoJuicio": null,
    "nombreMateria": "FAMILIA MUJER NIÑEZ Y ADOLESCENCIA",
    "nombreEstadoJuicio": null,
    "nombreJudicatura": null,
    "nombreTipoResolucion": null,
    "nombreTipoAccion": "SUMARIO",
    "fechaProvidencia": null,
    "nombreProvidencia": null,
    "nombreProvincia": null
  },
  "id": 1,
  "idJuicio": "09208201903650 ",
  "estadoActual": "A",
  "idMateria": 33,
  "idProvincia": null,
  "idCanton": null,
  "idJudicatura": null,
  "nombreDelito": "ALIMENTOS",
  "fechaIngreso": "2019-06-06T15:05:46.697+00:00",
  "iEDocumentoAdjunto": "N",
  "nombre": null,
  "cedula": null,
  "idEstadoJuicio": null,
  "nombreMateria": null,
  "nombreEstadoJuicio": null,
  "nombreJudicatura": null,
  "nombreTipoResolucion": null,
  "nombreTipoAccion": null,
  "fechaProvidencia": null,
  "nombreProvidencia": null,
  "nombreProvincia": null,
  "incidentes": [
    {
      "idJudicatura": "09208",
      "nombreJudicatura": "UNIDAD JUDICIAL SUR DE FAMILIA, MUJER, NIÑEZ Y ADOLESCENCIA",
      "ciudad": "GUAYAQUIL",
      "lstIncidenteJudicatura": [
        {
          "idIncidenteJudicatura": 21738867,
          "idMovimientoJuicioIncidente": 20891765,
          "idJudicaturaDestino": "09208",
          "fechaCrea": "06/06/2019 10:05",
          "incidente": 1,
          "lstLitiganteActor": [
            {
              "tipoLitigante": "ACTOR",
              "nombresLitigante": "TOMALA GOMEZ MONICA ELIZABETH",
              "representadoPor": "TOMALA GOMEZ MONICA ELIZABETH",
              "idLitigante": 35657965
            }
          ],
          "lstLitiganteDemandado": [
            {
              "tipoLitigante": "DEMANDADO",
              "nombresLitigante": "GARCIA ROLDAN ANGEL STALY",
              "representadoPor": "GARCIA ROLDAN ANGEL STALY",
              "idLitigante": 35657989
            }
          ],
          "litiganteActor": null,
          "litiganteDemandado": null
        },
        {
          "idIncidenteJudicatura": 22796375,
          "idMovimientoJuicioIncidente": 21896337,
          "idJudicaturaDestino": "09208",
          "fechaCrea": "22/07/2020 14:33",
          "incidente": 2,
          "lstLitiganteActor": [
            {
              "tipoLitigante": "ACTOR",
              "nombresLitigante": "GARCIA ROLDAN ANGEL STALY",
              "representadoPor": "GARCIA ROLDAN ANGEL STALY",
              "idLitigante": 35657989
            }
          ],
          "lstLitiganteDemandado": [
            {
              "tipoLitigante": "DEMANDADO",
              "nombresLitigante": "TOMALA GOMEZ MONICA ELIZABETH",
              "representadoPor": "TOMALA GOMEZ MONICA ELIZABETH",
              "idLitigante": 35657965
            }
          ],
          "litiganteActor": null,
          "litiganteDemandado": null
        }
      ]
    }
  ]
}