{
  "0": {
    "id": 1,
    "idJuicio": "09208201705745 ",
    "estadoActual": null,
    "idMateria": 33,
    "idProvincia": null,
    "idCanton": null,
    "idJudicatura": null,
    "nombreDelito": "ALIMENTOS",
    "fechaIngreso": "2017-09-07T16:10:11.260+00:00",
    "iEDocumentoAdjunto": "N",
    "nombre": null,
    "cedula": null,
    "idEstadoJuicio": null,
    "nombreMateria": "FAMILIA MUJER NIÑEZ Y ADOLESCENCIA",
    "nombreEstadoJuicio": null,
    "nombreJudicatura": null,
    "nombreTipoResolucion": null,
    "nombreTipoAccion": "SUMARIO",
    "fechaProvidencia": null,
    "nombreProvidencia": null,
    "nombreProvincia": null
  },
  "id": 2,
  "idJuicio": "09208201705745 ",
  "estadoActual": "A",
  "idMateria": 33,
  "idProvincia": null,
  "idCanton": null,
  "idJudicatura": null,
  "nombreDelito": "ALIMENTOS",
  "fechaIngreso": "2017-09-07T16:10:11.260+00:00",
  "iEDocumentoAdjunto": "N",
  "nombre": null,
  "cedula": null,
  "idEstadoJuicio": null,
  "nombreMateria": null,
  "nombreEstadoJuicio": null,
  "nombreJudicatura": null,
  "nombreTipoResolucion": null,
  "nombreTipoAccion": null,
  "fechaProvidencia": null,
  "nombreProvidencia": null,
  "nombreProvincia": null,
  "incidentes": [
    {
      "idJudicatura": "09208",
      "nombreJudicatura": "UNIDAD JUDICIAL SUR DE FAMILIA, MUJER, NIÑEZ Y ADOLESCENCIA",
      "ciudad": "GUAYAQUIL",
      "lstIncidenteJudicatura": [
        {
          "idIncidenteJudicatura": 19988209,
          "idMovimientoJuicioIncidente": 19206369,
          "idJudicaturaDestino": "09208",
          "fechaCrea": "07/09/2017 11:10",
          "incidente": 1,
          "lstLitiganteActor": [
            {
              "tipoLitigante": "ACTOR",
              "nombresLitigante": "ALVEAR GILER ANA KAREN",
              "representadoPor": "ALVEAR GILER ANA KAREN",
              "idLitigante": 32995046
            }
          ],
          "lstLitiganteDemandado": [
            {
              "tipoLitigante": "DEMANDADO",
              "nombresLitigante": "SUAREZ RODRIGUEZ ANIBAL XAVIER",
              "representadoPor": "SUAREZ RODRIGUEZ ANIBAL XAVIER",
              "idLitigante": 36617488
            }
          ],
          "litiganteActor": null,
          "litiganteDemandado": null
        }
      ]
    }
  ]
}