{
  "0": {
    "id": 1,
    "idJuicio": "09208202100897 ",
    "estadoActual": null,
    "idMateria": 33,
    "idProvincia": null,
    "idCanton": null,
    "idJudicatura": null,
    "nombreDelito": "NOMBRAMIENTO DE TUTORA O TUTOR O CURADORA O CURADOR",
    "fechaIngreso": "2021-02-18T14:59:04.927+00:00",
    "iEDocumentoAdjunto": "N",
    "nombre": null,
    "cedula": null,
    "idEstadoJuicio": null,
    "nombreMateria": "FAMILIA MUJER NIÑEZ Y ADOLESCENCIA",
    "nombreEstadoJuicio": null,
    "nombreJudicatura": null,
    "nombreTipoResolucion": null,
    "nombreTipoAccion": "VOLUNTARIO",
    "fechaProvidencia": null,
    "nombreProvidencia": null,
    "nombreProvincia": null
  },
  "id": 1,
  "idJuicio": "09208202100897 ",
  "estadoActual": "A",
  "idMateria": 33,
  "idProvincia": null,
  "idCanton": null,
  "idJudicatura": null,
  "nombreDelito": "NOMBRAMIENTO DE TUTORA O TUTOR O CURADORA O CURADOR",
  "fechaIngreso": "2021-02-18T14:59:04.927+00:00",
  "iEDocumentoAdjunto": "N",
  "nombre": null,
  "cedula": null,
  "idEstadoJuicio": null,
  "nombreMateria": null,
  "nombreEstadoJuicio": null,
  "nombreJudicatura": null,
  "nombreTipoResolucion": null,
  "nombreTipoAccion": null,
  "fechaProvidencia": null,
  "nombreProvidencia": null,
  "nombreProvincia": null,
  "incidentes": [
    {
      "idJudicatura": "09208",
      "nombreJudicatura": "UNIDAD JUDICIAL SUR DE FAMILIA, MUJER, NIÑEZ Y ADOLESCENCIA",
      "ciudad": "GUAYAQUIL",
      "lstIncidenteJudicatura": [
        {
          "idIncidenteJudicatura": 23638005,
          "idMovimientoJuicioIncidente": 22556183,
          "idJudicaturaDestino": "09208",
          "fechaCrea": "18/02/2021 09:59",
          "incidente": 1,
          "lstLitiganteActor": [
            {
              "tipoLitigante": "SOLICITANTE",
              "nombresLitigante": "CARRASCO VERA TANIA MAGDALENA",
              "representadoPor": "CARRASCO VERA TANIA MAGDALENA",
              "idLitigante": 38068484
            }
          ],
          "lstLitiganteDemandado": null,
          "litiganteActor": null,
          "litiganteDemandado": null
        }
      ]
    }
  ]
}