{
  "0": {
    "id": 1,
    "idJuicio": "09208201805046 ",
    "estadoActual": null,
    "idMateria": 33,
    "idProvincia": null,
    "idCanton": null,
    "idJudicatura": null,
    "nombreDelito": "AUTORIZACIÓN DE TUTELA O CURADURÍA PARA SEGUNDAS NUPCIAS",
    "fechaIngreso": "2018-07-30T16:48:56.560+00:00",
    "iEDocumentoAdjunto": "N",
    "nombre": null,
    "cedula": null,
    "idEstadoJuicio": null,
    "nombreMateria": "FAMILIA MUJER NIÑEZ Y ADOLESCENCIA",
    "nombreEstadoJuicio": null,
    "nombreJudicatura": null,
    "nombreTipoResolucion": null,
    "nombreTipoAccion": "VOLUNTARIO",
    "fechaProvidencia": null,
    "nombreProvidencia": null,
    "nombreProvincia": null
  },
  "id": 1,
  "idJuicio": "09208201805046 ",
  "estadoActual": "A",
  "idMateria": 33,
  "idProvincia": null,
  "idCanton": null,
  "idJudicatura": null,
  "nombreDelito": "AUTORIZACIÓN DE TUTELA O CURADURÍA PARA SEGUNDAS NUPCIAS",
  "fechaIngreso": "2018-07-30T16:48:56.560+00:00",
  "iEDocumentoAdjunto": "N",
  "nombre": null,
  "cedula": null,
  "idEstadoJuicio": null,
  "nombreMateria": null,
  "nombreEstadoJuicio": null,
  "nombreJudicatura": null,
  "nombreTipoResolucion": null,
  "nombreTipoAccion": null,
  "fechaProvidencia": null,
  "nombreProvidencia": null,
  "nombreProvincia": null,
  "incidentes": [
    {
      "idJudicatura": "09208",
      "nombreJudicatura": "UNIDAD JUDICIAL SUR DE FAMILIA, MUJER, NIÑEZ Y ADOLESCENCIA",
      "ciudad": "GUAYAQUIL",
      "lstIncidenteJudicatura": [
        {
          "idIncidenteJudicatura": 20902030,
          "idMovimientoJuicioIncidente": 20070633,
          "idJudicaturaDestino": "09208",
          "fechaCrea": "30/07/2018 11:48",
          "incidente": 1,
          "lstLitiganteActor": [
            {
              "tipoLitigante": "SOLICITANTE",
              "nombresLitigante": "FLORES BURGOS DAVID ALFREDO",
              "representadoPor": "FLORES BURGOS DAVID ALFREDO",
              "idLitigante": 34412737
            }
          ],
          "lstLitiganteDemandado": null,
          "litiganteActor": null,
          "litiganteDemandado": null
        }
      ]
    }
  ]
}