{
  "0": {
    "id": 1,
    "idJuicio": "0920820149799  ",
    "estadoActual": null,
    "idMateria": 6,
    "idProvincia": null,
    "idCanton": null,
    "idJudicatura": null,
    "nombreDelito": "APERTURA DE LA SUCESIÓN HEREDITARIA                                                                                                                                                                                                                                                                                                                                                                                                                                                                                                                                                                                                                                                                                                                                                                                                                                                                                                 ",
    "fechaIngreso": "2014-09-09T05:00:00.000+00:00",
    "iEDocumentoAdjunto": "N",
    "nombre": null,
    "cedula": null,
    "idEstadoJuicio": null,
    "nombreMateria": "FAMILIA MUJER NIÑEZ Y ADOLESCENCIA NO_COGEP",
    "nombreEstadoJuicio": null,
    "nombreJudicatura": null,
    "nombreTipoResolucion": null,
    "nombreTipoAccion": "ESPECIAL                                                              ",
    "fechaProvidencia": null,
    "nombreProvidencia": null,
    "nombreProvincia": null
  },
  "id": 1,
  "idJuicio": "0920820149799  ",
  "estadoActual": "A",
  "idMateria": 6,
  "idProvincia": null,
  "idCanton": null,
  "idJudicatura": null,
  "nombreDelito": "APERTURA DE LA SUCESIÓN HEREDITARIA                                                                                                                                                                                                                                                                                                                                                                                                                                                                                                                                                                                                                                                                                                                                                                                                                                                                                                 ",
  "fechaIngreso": "2014-09-09T05:00:00.000+00:00",
  "iEDocumentoAdjunto": "N",
  "nombre": null,
  "cedula": null,
  "idEstadoJuicio": null,
  "nombreMateria": null,
  "nombreEstadoJuicio": null,
  "nombreJudicatura": null,
  "nombreTipoResolucion": null,
  "nombreTipoAccion": null,
  "fechaProvidencia": null,
  "nombreProvidencia": null,
  "nombreProvincia": null,
  "incidentes": [
    {
      "idJudicatura": "09208",
      "nombreJudicatura": "UNIDAD JUDICIAL SUR DE FAMILIA, MUJER, NIÑEZ Y ADOLESCENCIA",
      "ciudad": "GUAYAQUIL",
      "lstIncidenteJudicatura": [
        {
          "idIncidenteJudicatura": 11608875,
          "idMovimientoJuicioIncidente": 10292904,
          "idJudicaturaDestino": "09208",
          "fechaCrea": "09/09/2014 10:19",
          "incidente": 1,
          "lstLitiganteActor": [
            {
              "tipoLitigante": "ACTOR",
              "nombresLitigante": "TORRES DONOSO IVAN EDUARDO",
              "representadoPor": null,
              "idLitigante": 3580588
            },
            {
              "tipoLitigante": "ACTOR",
              "nombresLitigante": "PLAZA ZUÑIGA WENDY CAROLINA",
              "representadoPor": null,
              "idLitigante": 3580234
            },
            {
              "tipoLitigante": "ACTOR",
              "nombresLitigante": "CHIRIBOGA VACA JOSE HUMBERTO",
              "representadoPor": null,
              "idLitigante": 3580233
            }
          ],
          "lstLitiganteDemandado": [
            {
              "tipoLitigante": "DEMANDADO",
              "nombresLitigante": "TOBOADA VERGARA PEDRO JOSUE",
              "representadoPor": null,
              "idLitigante": 16922762
            }
          ],
          "litiganteActor": null,
          "litiganteDemandado": null
        }
      ]
    }
  ]
}