{
  "0": {
    "id": 1,
    "idJuicio": "09208202104095 ",
    "estadoActual": null,
    "idMateria": 33,
    "idProvincia": null,
    "idCanton": null,
    "idJudicatura": null,
    "nombreDelito": "APERTURA DE LA SUCESIÓN HEREDITARIA CON OPOSICIÓN",
    "fechaIngreso": "2021-07-20T20:34:33.710+00:00",
    "iEDocumentoAdjunto": "N",
    "nombre": null,
    "cedula": null,
    "idEstadoJuicio": null,
    "nombreMateria": "FAMILIA MUJER NIÑEZ Y ADOLESCENCIA",
    "nombreEstadoJuicio": null,
    "nombreJudicatura": null,
    "nombreTipoResolucion": null,
    "nombreTipoAccion": "SUMARIO",
    "fechaProvidencia": null,
    "nombreProvidencia": null,
    "nombreProvincia": null
  },
  "id": 5,
  "idJuicio": "09208202104095 ",
  "estadoActual": "A",
  "idMateria": 33,
  "idProvincia": null,
  "idCanton": null,
  "idJudicatura": null,
  "nombreDelito": "APERTURA DE LA SUCESIÓN HEREDITARIA CON OPOSICIÓN",
  "fechaIngreso": "2021-07-20T20:34:33.710+00:00",
  "iEDocumentoAdjunto": "N",
  "nombre": null,
  "cedula": null,
  "idEstadoJuicio": null,
  "nombreMateria": null,
  "nombreEstadoJuicio": null,
  "nombreJudicatura": null,
  "nombreTipoResolucion": null,
  "nombreTipoAccion": null,
  "fechaProvidencia": null,
  "nombreProvidencia": null,
  "nombreProvincia": null,
  "incidentes": [
    {
      "idJudicatura": "09208",
      "nombreJudicatura": "UNIDAD JUDICIAL SUR DE FAMILIA, MUJER, NIÑEZ Y ADOLESCENCIA",
      "ciudad": "GUAYAQUIL",
      "lstIncidenteJudicatura": [
        {
          "idIncidenteJudicatura": 24179783,
          "idMovimientoJuicioIncidente": 23038242,
          "idJudicaturaDestino": "09208",
          "fechaCrea": "20/07/2021 15:34",
          "incidente": 1,
          "lstLitiganteActor": [
            {
              "tipoLitigante": "ACTOR",
              "nombresLitigante": "SOLORZANO CEVALLOS SUSANA ISABEL",
              "representadoPor": "SOLORZANO CEVALLOS SUSANA ISABEL",
              "idLitigante": 35012439
            }
          ],
          "lstLitiganteDemandado": [
            {
              "tipoLitigante": "DEMANDADO",
              "nombresLitigante": "CHUCA MUÑOZ SEGUNDO EUGENIO",
              "representadoPor": "CHUCA MUÑOZ SEGUNDO EUGENIO",
              "idLitigante": 38277640
            },
            {
              "tipoLitigante": "DEMANDADO",
              "nombresLitigante": "herederos y presuntos herederos",
              "representadoPor": "herederos y presuntos herederos",
              "idLitigante": 38750982
            }
          ],
          "litiganteActor": null,
          "litiganteDemandado": null
        }
      ]
    }
  ]
}