{
  "0": {
    "id": 1,
    "idJuicio": "09208201703936 ",
    "estadoActual": null,
    "idMateria": 33,
    "idProvincia": null,
    "idCanton": null,
    "idJudicatura": null,
    "nombreDelito": "PATRIA POTESTAD VOLUNTARIA",
    "fechaIngreso": "2017-06-16T15:37:26.163+00:00",
    "iEDocumentoAdjunto": "N",
    "nombre": null,
    "cedula": null,
    "idEstadoJuicio": null,
    "nombreMateria": "FAMILIA MUJER NIÑEZ Y ADOLESCENCIA",
    "nombreEstadoJuicio": null,
    "nombreJudicatura": null,
    "nombreTipoResolucion": null,
    "nombreTipoAccion": "VOLUNTARIO",
    "fechaProvidencia": null,
    "nombreProvidencia": null,
    "nombreProvincia": null
  },
  "id": 1,
  "idJuicio": "09208201703936 ",
  "estadoActual": "A",
  "idMateria": 33,
  "idProvincia": null,
  "idCanton": null,
  "idJudicatura": null,
  "nombreDelito": "PATRIA POTESTAD VOLUNTARIA",
  "fechaIngreso": "2017-06-16T15:37:26.163+00:00",
  "iEDocumentoAdjunto": "N",
  "nombre": null,
  "cedula": null,
  "idEstadoJuicio": null,
  "nombreMateria": null,
  "nombreEstadoJuicio": null,
  "nombreJudicatura": null,
  "nombreTipoResolucion": null,
  "nombreTipoAccion": null,
  "fechaProvidencia": null,
  "nombreProvidencia": null,
  "nombreProvincia": null,
  "incidentes": [
    {
      "idJudicatura": "09208",
      "nombreJudicatura": "UNIDAD JUDICIAL SUR DE FAMILIA, MUJER, NIÑEZ Y ADOLESCENCIA",
      "ciudad": "GUAYAQUIL",
      "lstIncidenteJudicatura": [
        {
          "idIncidenteJudicatura": 19388797,
          "idMovimientoJuicioIncidente": 18998896,
          "idJudicaturaDestino": "09208",
          "fechaCrea": "16/06/2017 10:37",
          "incidente": 1,
          "lstLitiganteActor": [
            {
              "tipoLitigante": "ACTOR",
              "nombresLitigante": "MORAN LEON GLORIA ALEXANDRA",
              "representadoPor": "MORAN LEON GLORIA ALEXANDRA",
              "idLitigante": 32612623
            },
            {
              "tipoLitigante": "SOLICITANTE",
              "nombresLitigante": "MORENO CANDELA MARCOS ALEXANDER",
              "representadoPor": "MORENO CANDELA MARCOS ALEXANDER",
              "idLitigante": 27770152
            }
          ],
          "lstLitiganteDemandado": null,
          "litiganteActor": null,
          "litiganteDemandado": null
        }
      ]
    }
  ]
}