{
  "0": {
    "id": 1,
    "idJuicio": "09208202101917 ",
    "estadoActual": null,
    "idMateria": 33,
    "idProvincia": null,
    "idCanton": null,
    "idJudicatura": null,
    "nombreDelito": "ALIMENTOS",
    "fechaIngreso": "2021-04-06T13:44:15.390+00:00",
    "iEDocumentoAdjunto": "N",
    "nombre": null,
    "cedula": null,
    "idEstadoJuicio": null,
    "nombreMateria": "FAMILIA MUJER NIÑEZ Y ADOLESCENCIA",
    "nombreEstadoJuicio": null,
    "nombreJudicatura": null,
    "nombreTipoResolucion": null,
    "nombreTipoAccion": "SUMARIO",
    "fechaProvidencia": null,
    "nombreProvidencia": null,
    "nombreProvincia": null
  },
  "id": 1,
  "idJuicio": "09208202101917 ",
  "estadoActual": "A",
  "idMateria": 33,
  "idProvincia": null,
  "idCanton": null,
  "idJudicatura": null,
  "nombreDelito": "ALIMENTOS",
  "fechaIngreso": "2021-04-06T13:44:15.390+00:00",
  "iEDocumentoAdjunto": "N",
  "nombre": null,
  "cedula": null,
  "idEstadoJuicio": null,
  "nombreMateria": null,
  "nombreEstadoJuicio": null,
  "nombreJudicatura": null,
  "nombreTipoResolucion": null,
  "nombreTipoAccion": null,
  "fechaProvidencia": null,
  "nombreProvidencia": null,
  "nombreProvincia": null,
  "incidentes": [
    {
      "idJudicatura": "09208",
      "nombreJudicatura": "UNIDAD JUDICIAL SUR DE FAMILIA, MUJER, NIÑEZ Y ADOLESCENCIA",
      "ciudad": "GUAYAQUIL",
      "lstIncidenteJudicatura": [
        {
          "idIncidenteJudicatura": 23783004,
          "idMovimientoJuicioIncidente": 22699547,
          "idJudicaturaDestino": "09208",
          "fechaCrea": "06/04/2021 08:44",
          "incidente": 1,
          "lstLitiganteActor": [
            {
              "tipoLitigante": "ACTOR",
              "nombresLitigante": "SIGUENZA TAMAYO DIANA CAROLINA",
              "representadoPor": "SIGUENZA TAMAYO DIANA CAROLINA",
              "idLitigante": 37491043
            }
          ],
          "lstLitiganteDemandado": [
            {
              "tipoLitigante": "DEMANDADO",
              "nombresLitigante": "ZURITA TERAN DARIO WASHINGTON",
              "representadoPor": "ZURITA TERAN DARIO WASHINGTON",
              "idLitigante": 36292850
            }
          ],
          "litiganteActor": null,
          "litiganteDemandado": null
        },
        {
          "idIncidenteJudicatura": 25230433,
          "idMovimientoJuicioIncidente": 24005028,
          "idJudicaturaDestino": "09208",
          "fechaCrea": "10/06/2022 08:33",
          "incidente": 2,
          "lstLitiganteActor": [
            {
              "tipoLitigante": "ACTOR",
              "nombresLitigante": "ZURITA TERAN DARIO WASHINGTON",
              "representadoPor": "ZURITA TERAN DARIO WASHINGTON",
              "idLitigante": 36292850
            }
          ],
          "lstLitiganteDemandado": [
            {
              "tipoLitigante": "DEMANDADO",
              "nombresLitigante": "SIGUENZA TAMAYO DIANA CAROLINA",
              "representadoPor": "SIGUENZA TAMAYO DIANA CAROLINA",
              "idLitigante": 37491043
            }
          ],
          "litiganteActor": null,
          "litiganteDemandado": null
        }
      ]
    }
  ]
}