{
  "0": {
    "id": 1,
    "idJuicio": "09208201903769 ",
    "estadoActual": null,
    "idMateria": 33,
    "idProvincia": null,
    "idCanton": null,
    "idJudicatura": null,
    "nombreDelito": "ALIMENTOS",
    "fechaIngreso": "2019-06-12T14:27:31.487+00:00",
    "iEDocumentoAdjunto": "N",
    "nombre": null,
    "cedula": null,
    "idEstadoJuicio": null,
    "nombreMateria": "FAMILIA MUJER NIÑEZ Y ADOLESCENCIA",
    "nombreEstadoJuicio": null,
    "nombreJudicatura": null,
    "nombreTipoResolucion": null,
    "nombreTipoAccion": "SUMARIO",
    "fechaProvidencia": null,
    "nombreProvidencia": null,
    "nombreProvincia": null
  },
  "id": 2,
  "idJuicio": "09208201903769 ",
  "estadoActual": "A",
  "idMateria": 33,
  "idProvincia": null,
  "idCanton": null,
  "idJudicatura": null,
  "nombreDelito": "ALIMENTOS",
  "fechaIngreso": "2019-06-12T14:27:31.487+00:00",
  "iEDocumentoAdjunto": "N",
  "nombre": null,
  "cedula": null,
  "idEstadoJuicio": null,
  "nombreMateria": null,
  "nombreEstadoJuicio": null,
  "nombreJudicatura": null,
  "nombreTipoResolucion": null,
  "nombreTipoAccion": null,
  "fechaProvidencia": null,
  "nombreProvidencia": null,
  "nombreProvincia": null,
  "incidentes": [
    {
      "idJudicatura": "12309",
      "nombreJudicatura": "UNIDAD JUDICIAL MULTICOMPETENTE CIVIL CON SEDE EN EL CANTÓN VENTANAS",
      "ciudad": "VENTANAS",
      "lstIncidenteJudicatura": [
        {
          "idIncidenteJudicatura": 21851652,
          "idMovimientoJuicioIncidente": 21001681,
          "idJudicaturaDestino": "12309",
          "fechaCrea": "12/07/2019 08:34",
          "incidente": 2,
          "lstLitiganteActor": [
            {
              "tipoLitigante": "ACTOR",
              "nombresLitigante": "YEPEZ FREIRE JACQUELINE ELENA",
              "representadoPor": "YEPEZ FREIRE JACQUELINE ELENA",
              "idLitigante": 35681217
            }
          ],
          "lstLitiganteDemandado": [
            {
              "tipoLitigante": "DEMANDADO",
              "nombresLitigante": "LOOR MACIAS JORGE ODON",
              "representadoPor": "LOOR MACIAS JORGE ODON",
              "idLitigante": 34955638
            }
          ],
          "litiganteActor": null,
          "litiganteDemandado": null
        }
      ]
    },
    {
      "idJudicatura": "13313",
      "nombreJudicatura": "UNIDAD JUDICIAL MULTICOMPETENTE CON SEDE EN EL CANTÓN BOLIVAR",
      "ciudad": "BOLIVAR",
      "lstIncidenteJudicatura": [
        {
          "idIncidenteJudicatura": 24482512,
          "idMovimientoJuicioIncidente": 23331713,
          "idJudicaturaDestino": "13313",
          "fechaCrea": "19/10/2021 14:13",
          "incidente": 2,
          "lstLitiganteActor": [
            {
              "tipoLitigante": "ACTOR",
              "nombresLitigante": "YEPEZ FREIRE JACQUELINE ELENA",
              "representadoPor": "YEPEZ FREIRE JACQUELINE ELENA",
              "idLitigante": 35681217
            }
          ],
          "lstLitiganteDemandado": [
            {
              "tipoLitigante": "DEMANDADO",
              "nombresLitigante": "LOOR MACIAS JORGE ODON",
              "representadoPor": "LOOR MACIAS JORGE ODON",
              "idLitigante": 34955638
            }
          ],
          "litiganteActor": null,
          "litiganteDemandado": null
        }
      ]
    },
    {
      "idJudicatura": "09208",
      "nombreJudicatura": "UNIDAD JUDICIAL SUR DE FAMILIA, MUJER, NIÑEZ Y ADOLESCENCIA",
      "ciudad": "GUAYAQUIL",
      "lstIncidenteJudicatura": [
        {
          "idIncidenteJudicatura": 21756725,
          "idMovimientoJuicioIncidente": 20908749,
          "idJudicaturaDestino": "09208",
          "fechaCrea": "12/06/2019 09:27",
          "incidente": 1,
          "lstLitiganteActor": [
            {
              "tipoLitigante": "ACTOR",
              "nombresLitigante": "YEPEZ FREIRE JACQUELINE ELENA",
              "representadoPor": "YEPEZ FREIRE JACQUELINE ELENA",
              "idLitigante": 35681217
            }
          ],
          "lstLitiganteDemandado": [
            {
              "tipoLitigante": "DEMANDADO",
              "nombresLitigante": "LOOR MACIAS JORGE ODON",
              "representadoPor": "LOOR MACIAS JORGE ODON",
              "idLitigante": 34955638
            }
          ],
          "litiganteActor": null,
          "litiganteDemandado": null
        }
      ]
    }
  ]
}