{
  "0": {
    "id": 1,
    "idJuicio": "09201201212130 ",
    "estadoActual": null,
    "idMateria": 6,
    "idProvincia": null,
    "idCanton": null,
    "idJudicatura": null,
    "nombreDelito": "ALIMENTOS                                                                                                                                                                           ",
    "fechaIngreso": "2012-07-13T05:00:00.000+00:00",
    "iEDocumentoAdjunto": "N",
    "nombre": null,
    "cedula": null,
    "idEstadoJuicio": null,
    "nombreMateria": "FAMILIA MUJER NIÑEZ Y ADOLESCENCIA NO_COGEP",
    "nombreEstadoJuicio": null,
    "nombreJudicatura": null,
    "nombreTipoResolucion": null,
    "nombreTipoAccion": "CONTENCIOSO GENERAL                                                   ",
    "fechaProvidencia": null,
    "nombreProvidencia": null,
    "nombreProvincia": null
  },
  "id": 6,
  "idJuicio": "09201201212130 ",
  "estadoActual": "A",
  "idMateria": 6,
  "idProvincia": null,
  "idCanton": null,
  "idJudicatura": null,
  "nombreDelito": "ALIMENTOS                                                                                                                                                                           ",
  "fechaIngreso": "2012-07-13T05:00:00.000+00:00",
  "iEDocumentoAdjunto": "N",
  "nombre": null,
  "cedula": null,
  "idEstadoJuicio": null,
  "nombreMateria": null,
  "nombreEstadoJuicio": null,
  "nombreJudicatura": null,
  "nombreTipoResolucion": null,
  "nombreTipoAccion": null,
  "fechaProvidencia": null,
  "nombreProvidencia": null,
  "nombreProvincia": null,
  "incidentes": [
    {
      "idJudicatura": "09201",
      "nombreJudicatura": ".UNIDAD JUDICIAL DE FAMILIA, MUJER, NIÑEZ Y ADOLESCENCIA NORTE CON SEDE EN EL CANTÓN GUAYAQUIL, PROVINCIA DEL GUAYAS",
      "ciudad": "GUAYAQUIL",
      "lstIncidenteJudicatura": [
        {
          "idIncidenteJudicatura": 8611994,
          "idMovimientoJuicioIncidente": 6883494,
          "idJudicaturaDestino": "09201",
          "fechaCrea": "13/07/2012 00:00",
          "incidente": 1,
          "lstLitiganteActor": [
            {
              "tipoLitigante": "ACTOR",
              "nombresLitigante": "CEDEÑO CORDOVA LOURDES CARIDAD",
              "representadoPor": null,
              "idLitigante": 3423462
            }
          ],
          "lstLitiganteDemandado": [
            {
              "tipoLitigante": "DEMANDADO",
              "nombresLitigante": "LEON MARTILLO CARLOS FERNANDO",
              "representadoPor": null,
              "idLitigante": 29055403
            },
            {
              "tipoLitigante": "DEMANDADO",
              "nombresLitigante": "LEON MARTILLO CARLOS FERNANDO",
              "representadoPor": "LEON MARTILLO CARLOS FERNANDO",
              "idLitigante": 30408992
            }
          ],
          "litiganteActor": null,
          "litiganteDemandado": null
        }
      ]
    },
    {
      "idJudicatura": "09209",
      "nombreJudicatura": "UNIDAD JUDICIAL DE FAMILIA, MUJER, NIÑEZ Y ADOLESCENCIA NORTE CON SEDE EN EL CANTÓN GUAYAQUIL, PROVINCIA DEL GUAYAS",
      "ciudad": "GUAYAQUIL",
      "lstIncidenteJudicatura": [
        {
          "idIncidenteJudicatura": 25600763,
          "idMovimientoJuicioIncidente": 6883494,
          "idJudicaturaDestino": "09209",
          "fechaCrea": "05/10/2022 18:16",
          "incidente": 1,
          "lstLitiganteActor": [
            {
              "tipoLitigante": "ACTOR",
              "nombresLitigante": "CEDEÑO CORDOVA LOURDES CARIDAD",
              "representadoPor": null,
              "idLitigante": 3423462
            }
          ],
          "lstLitiganteDemandado": [
            {
              "tipoLitigante": "DEMANDADO",
              "nombresLitigante": "LEON MARTILLO CARLOS FERNANDO",
              "representadoPor": null,
              "idLitigante": 29055403
            },
            {
              "tipoLitigante": "DEMANDADO",
              "nombresLitigante": "LEON MARTILLO CARLOS FERNANDO",
              "representadoPor": "LEON MARTILLO CARLOS FERNANDO",
              "idLitigante": 30408992
            }
          ],
          "litiganteActor": null,
          "litiganteDemandado": null
        }
      ]
    }
  ]
}