{
  "0": {
    "id": 1,
    "idJuicio": "09210201501934 ",
    "estadoActual": null,
    "idMateria": 6,
    "idProvincia": null,
    "idCanton": null,
    "idJudicatura": null,
    "nombreDelito": "DIVORCIO POR CAUSAL",
    "fechaIngreso": "2015-08-31T21:18:08.183+00:00",
    "iEDocumentoAdjunto": "N",
    "nombre": null,
    "cedula": null,
    "idEstadoJuicio": null,
    "nombreMateria": "FAMILIA MUJER NIÑEZ Y ADOLESCENCIA NO_COGEP",
    "nombreEstadoJuicio": null,
    "nombreJudicatura": null,
    "nombreTipoResolucion": null,
    "nombreTipoAccion": "VERBAL SUMARIO                                                        ",
    "fechaProvidencia": null,
    "nombreProvidencia": null,
    "nombreProvincia": null
  },
  "id": 2,
  "idJuicio": "09210201501934 ",
  "estadoActual": "A",
  "idMateria": 6,
  "idProvincia": null,
  "idCanton": null,
  "idJudicatura": null,
  "nombreDelito": "DIVORCIO POR CAUSAL",
  "fechaIngreso": "2015-08-31T21:18:08.183+00:00",
  "iEDocumentoAdjunto": "N",
  "nombre": null,
  "cedula": null,
  "idEstadoJuicio": null,
  "nombreMateria": null,
  "nombreEstadoJuicio": null,
  "nombreJudicatura": null,
  "nombreTipoResolucion": null,
  "nombreTipoAccion": null,
  "fechaProvidencia": null,
  "nombreProvidencia": null,
  "nombreProvincia": null,
  "incidentes": [
    {
      "idJudicatura": "09210",
      "nombreJudicatura": "UNIDAD JUDICIAL FAMILIA, MUJER, NIÑEZ Y ADOLESCENCIA  CON SEDE EN EL CANTÓN DURÁN",
      "ciudad": "DURAN",
      "lstIncidenteJudicatura": [
        {
          "idIncidenteJudicatura": 6983109,
          "idMovimientoJuicioIncidente": 15845815,
          "idJudicaturaDestino": "09210",
          "fechaCrea": "31/08/2015 16:18",
          "incidente": 1,
          "lstLitiganteActor": [
            {
              "tipoLitigante": "ACTOR",
              "nombresLitigante": "RIVERA ZAMBRANO RICARDO CATALINO",
              "representadoPor": "RIVERA ZAMBRANO RICARDO CATALINO",
              "idLitigante": 28457443
            }
          ],
          "lstLitiganteDemandado": [
            {
              "tipoLitigante": "DEMANDADO",
              "nombresLitigante": "GALAN CARVAJAL MIRIAM JOSEFINA",
              "representadoPor": "GALAN CARVAJAL MIRIAM JOSEFINA",
              "idLitigante": 28457499
            }
          ],
          "litiganteActor": null,
          "litiganteDemandado": null
        }
      ]
    }
  ]
}