{
  "0": {
    "id": 1,
    "idJuicio": "0927220120011TF",
    "estadoActual": null,
    "idMateria": 28,
    "idProvincia": null,
    "idCanton": null,
    "idJudicatura": null,
    "nombreDelito": "377 MUERTE CULPOSA, INC.1",
    "fechaIngreso": "2012-09-27T20:30:00.000+00:00",
    "iEDocumentoAdjunto": "N",
    "nombre": null,
    "cedula": null,
    "idEstadoJuicio": null,
    "nombreMateria": "TRÁNSITO COIP",
    "nombreEstadoJuicio": null,
    "nombreJudicatura": null,
    "nombreTipoResolucion": null,
    "nombreTipoAccion": "DELITOS DE TRÁNSITO",
    "fechaProvidencia": null,
    "nombreProvidencia": null,
    "nombreProvincia": null
  },
  "id": 2,
  "idJuicio": "0927220120011TF",
  "estadoActual": "A",
  "idMateria": 28,
  "idProvincia": null,
  "idCanton": null,
  "idJudicatura": null,
  "nombreDelito": "377 MUERTE CULPOSA, INC.1",
  "fechaIngreso": "2012-09-27T20:30:00.000+00:00",
  "iEDocumentoAdjunto": "N",
  "nombre": null,
  "cedula": null,
  "idEstadoJuicio": null,
  "nombreMateria": null,
  "nombreEstadoJuicio": null,
  "nombreJudicatura": null,
  "nombreTipoResolucion": null,
  "nombreTipoAccion": null,
  "fechaProvidencia": null,
  "nombreProvidencia": null,
  "nombreProvincia": null,
  "incidentes": [
    {
      "idJudicatura": "09272",
      "nombreJudicatura": "UNIDAD JUDICIAL MULTICOMPETENTE PENAL CON SEDE EN EL CANTÓN EL EMPALME, PROV. DEL GUAYAS",
      "ciudad": "EL EMPALME",
      "lstIncidenteJudicatura": [
        {
          "idIncidenteJudicatura": 18528287,
          "idMovimientoJuicioIncidente": 18470834,
          "idJudicaturaDestino": "09272",
          "fechaCrea": "06/12/2016 11:00",
          "incidente": 1,
          "lstLitiganteActor": [
            {
              "tipoLitigante": "VICTIMA",
              "nombresLitigante": "CEPEDA TORRES NELSON TEODORO",
              "representadoPor": "CEPEDA TORRES NELSON TEODORO",
              "idLitigante": 31536578
            },
            {
              "tipoLitigante": "FISCALÍA",
              "nombresLitigante": "ALMEIDA VILLEGAS MARTIN FERNANDO",
              "representadoPor": "ALMEIDA VILLEGAS MARTIN FERNANDO",
              "idLitigante": 26633730
            }
          ],
          "lstLitiganteDemandado": [
            {
              "tipoLitigante": "PERSONA PROCESADA",
              "nombresLitigante": "VALDIVIEZO GUERRERO CAMILO GEOVANNY",
              "representadoPor": "VALDIVIEZO GUERRERO CAMILO GEOVANNY",
              "idLitigante": 31536589
            }
          ],
          "litiganteActor": null,
          "litiganteDemandado": null
        }
      ]
    }
  ]
}