{
  "0": {
    "id": 1,
    "idJuicio": "09284201802948G",
    "estadoActual": null,
    "idMateria": 27,
    "idProvincia": null,
    "idCanton": null,
    "idJudicatura": null,
    "nombreDelito": "ARCHIVO DE LA INVESTIGACIÓN PREVIA ART. 586",
    "fechaIngreso": "2018-03-22T20:48:19.387+00:00",
    "iEDocumentoAdjunto": "N",
    "nombre": null,
    "cedula": null,
    "idEstadoJuicio": null,
    "nombreMateria": "PENAL COIP",
    "nombreEstadoJuicio": null,
    "nombreJudicatura": null,
    "nombreTipoResolucion": null,
    "nombreTipoAccion": "INVESTIGACIÓN PREVIA",
    "fechaProvidencia": null,
    "nombreProvidencia": null,
    "nombreProvincia": null
  },
  "id": 2,
  "idJuicio": "09284201802948G",
  "estadoActual": "A",
  "idMateria": 27,
  "idProvincia": null,
  "idCanton": null,
  "idJudicatura": null,
  "nombreDelito": "ARCHIVO DE LA INVESTIGACIÓN PREVIA ART. 586",
  "fechaIngreso": "2018-03-22T20:48:19.387+00:00",
  "iEDocumentoAdjunto": "N",
  "nombre": null,
  "cedula": null,
  "idEstadoJuicio": null,
  "nombreMateria": null,
  "nombreEstadoJuicio": null,
  "nombreJudicatura": null,
  "nombreTipoResolucion": null,
  "nombreTipoAccion": null,
  "fechaProvidencia": null,
  "nombreProvidencia": null,
  "nombreProvincia": null,
  "incidentes": [
    {
      "idJudicatura": "09284",
      "nombreJudicatura": "UNIDAD JUDICIAL SUR PENAL CON SEDE EN EL CANTÓN GUAYAQUIL, PROVINCIA DEL GUAYAS",
      "ciudad": "GUAYAQUIL",
      "lstIncidenteJudicatura": [
        {
          "idIncidenteJudicatura": 20550823,
          "idMovimientoJuicioIncidente": 19732216,
          "idJudicaturaDestino": "09284",
          "fechaCrea": "22/03/2018 15:48",
          "incidente": 1,
          "lstLitiganteActor": [
            {
              "tipoLitigante": "FISCALÍA",
              "nombresLitigante": "AB. MARJORIE ESCOBAR LIMONES – FISCAL TERCERO DE SOLUCIONES RAPIDAS",
              "representadoPor": "AB. MARJORIE ESCOBAR LIMONES – FISCAL TERCERO DE SOLUCIONES RAPIDAS",
              "idLitigante": 33850875
            },
            {
              "tipoLitigante": "VICTIMA O DENUNCIANTE",
              "nombresLitigante": "PIZA VARGAS HECTOR FELIPE",
              "representadoPor": "PIZA VARGAS HECTOR FELIPE",
              "idLitigante": 28028336
            }
          ],
          "lstLitiganteDemandado": [
            {
              "tipoLitigante": "PERSONA INVESTIGADA",
              "nombresLitigante": "javier alfredo alvarado olvera",
              "representadoPor": "javier alfredo alvarado olvera",
              "idLitigante": 33864805
            }
          ],
          "litiganteActor": null,
          "litiganteDemandado": null
        }
      ]
    }
  ]
}