{
  "0": {
    "id": 1,
    "idJuicio": "0928620142718  ",
    "estadoActual": null,
    "idMateria": 10,
    "idProvincia": null,
    "idCanton": null,
    "idJudicatura": null,
    "nombreDelito": "NOTIFICACION DE CHEQUES                                                                                                                                                             ",
    "fechaIngreso": "2014-02-05T05:00:00.000+00:00",
    "iEDocumentoAdjunto": "N",
    "nombre": null,
    "cedula": null,
    "idEstadoJuicio": null,
    "nombreMateria": "CONTRAVENCIONES",
    "nombreEstadoJuicio": null,
    "nombreJudicatura": null,
    "nombreTipoResolucion": null,
    "nombreTipoAccion": "DILIGENCIAS PREPROCESALES",
    "fechaProvidencia": null,
    "nombreProvidencia": null,
    "nombreProvincia": null
  },
  "id": 3,
  "idJuicio": "0928620142718  ",
  "estadoActual": "A",
  "idMateria": 10,
  "idProvincia": null,
  "idCanton": null,
  "idJudicatura": null,
  "nombreDelito": "NOTIFICACION DE CHEQUES                                                                                                                                                             ",
  "fechaIngreso": "2014-02-05T05:00:00.000+00:00",
  "iEDocumentoAdjunto": "N",
  "nombre": null,
  "cedula": null,
  "idEstadoJuicio": null,
  "nombreMateria": null,
  "nombreEstadoJuicio": null,
  "nombreJudicatura": null,
  "nombreTipoResolucion": null,
  "nombreTipoAccion": null,
  "fechaProvidencia": null,
  "nombreProvidencia": null,
  "nombreProvincia": null,
  "incidentes": [
    {
      "idJudicatura": "09286",
      "nombreJudicatura": "UNIDAD JUDICIAL NORTE 2 PENAL CON SEDE EN EL CANTÓN GUAYAQUIL, PROVINCIA DEL GUAYAS",
      "ciudad": "GUAYAQUIL",
      "lstIncidenteJudicatura": [
        {
          "idIncidenteJudicatura": 13930877,
          "idMovimientoJuicioIncidente": 9380339,
          "idJudicaturaDestino": "09286",
          "fechaCrea": "05/02/2014 00:00",
          "incidente": 1,
          "lstLitiganteActor": [
            {
              "tipoLitigante": "ACTOR",
              "nombresLitigante": "AGUILAR MARIANA DEL CARMEN",
              "representadoPor": null,
              "idLitigante": 4398844
            }
          ],
          "lstLitiganteDemandado": [
            {
              "tipoLitigante": "DEMANDADO",
              "nombresLitigante": "OCAÑA GARCIA JOSE EDUARDO",
              "representadoPor": null,
              "idLitigante": 17605001
            }
          ],
          "litiganteActor": null,
          "litiganteDemandado": null
        }
      ]
    }
  ]
}