{
  "0": {
    "id": 1,
    "idJuicio": "09284201502748 ",
    "estadoActual": null,
    "idMateria": 29,
    "idProvincia": null,
    "idCanton": null,
    "idJudicatura": null,
    "nombreDelito": "396 Contravenciones de cuarta clase, inc.1, num. 4",
    "fechaIngreso": "2015-06-29T14:22:29.497+00:00",
    "iEDocumentoAdjunto": "N",
    "nombre": null,
    "cedula": null,
    "idEstadoJuicio": null,
    "nombreMateria": "CONTRAVENCIONES COIP",
    "nombreEstadoJuicio": null,
    "nombreJudicatura": null,
    "nombreTipoResolucion": null,
    "nombreTipoAccion": "CONTRAVENCIONES PENALES",
    "fechaProvidencia": null,
    "nombreProvidencia": null,
    "nombreProvincia": null
  },
  "id": 1,
  "idJuicio": "09284201502748 ",
  "estadoActual": "A",
  "idMateria": 29,
  "idProvincia": null,
  "idCanton": null,
  "idJudicatura": null,
  "nombreDelito": "396 CONTRAVENCIONES DE CUARTA CLASE, INC.1, NUM. 4",
  "fechaIngreso": "2015-06-29T14:22:29.497+00:00",
  "iEDocumentoAdjunto": "N",
  "nombre": null,
  "cedula": null,
  "idEstadoJuicio": null,
  "nombreMateria": null,
  "nombreEstadoJuicio": null,
  "nombreJudicatura": null,
  "nombreTipoResolucion": null,
  "nombreTipoAccion": null,
  "fechaProvidencia": null,
  "nombreProvidencia": null,
  "nombreProvincia": null,
  "incidentes": [
    {
      "idJudicatura": "09284",
      "nombreJudicatura": "UNIDAD JUDICIAL SUR PENAL CON SEDE EN EL CANTÓN GUAYAQUIL, PROVINCIA DEL GUAYAS",
      "ciudad": "GUAYAQUIL",
      "lstIncidenteJudicatura": [
        {
          "idIncidenteJudicatura": 11113327,
          "idMovimientoJuicioIncidente": 15228081,
          "idJudicaturaDestino": "09284",
          "fechaCrea": "29/06/2015 09:22",
          "incidente": 1,
          "lstLitiganteActor": [
            {
              "tipoLitigante": "ACTOR",
              "nombresLitigante": "LUCAS ZAMORA JOSE FABRICIO",
              "representadoPor": "LUCAS ZAMORA JOSE FABRICIO",
              "idLitigante": 27997142
            }
          ],
          "lstLitiganteDemandado": [
            {
              "tipoLitigante": "DEMANDADO",
              "nombresLitigante": "ALIAS PIÑA",
              "representadoPor": "ALIAS PIÑA",
              "idLitigante": 27997182
            },
            {
              "tipoLitigante": "DEMANDADO",
              "nombresLitigante": "VALENZUELA SANTANDER MARJORIE",
              "representadoPor": "VALENZUELA SANTANDER MARJORIE",
              "idLitigante": 27997181
            }
          ],
          "litiganteActor": null,
          "litiganteDemandado": null
        }
      ]
    }
  ]
}