{
  "0": {
    "id": 1,
    "idJuicio": "09285201700612G",
    "estadoActual": null,
    "idMateria": 28,
    "idProvincia": null,
    "idCanton": null,
    "idJudicatura": null,
    "nombreDelito": "385 CONDUCCIÓN DE VEHÍCULO EN ESTADO DE EMBRIAGUEZ, NUM. 3",
    "fechaIngreso": "2017-02-05T06:27:16.997+00:00",
    "iEDocumentoAdjunto": "N",
    "nombre": null,
    "cedula": null,
    "idEstadoJuicio": null,
    "nombreMateria": "TRÁNSITO COIP",
    "nombreEstadoJuicio": null,
    "nombreJudicatura": null,
    "nombreTipoResolucion": null,
    "nombreTipoAccion": "CONTRAVENCIONES DE TRÁNSITO",
    "fechaProvidencia": null,
    "nombreProvidencia": null,
    "nombreProvincia": null
  },
  "id": 2,
  "idJuicio": "09285201700612G",
  "estadoActual": "A",
  "idMateria": 28,
  "idProvincia": null,
  "idCanton": null,
  "idJudicatura": null,
  "nombreDelito": "385 CONDUCCIÓN DE VEHÍCULO EN ESTADO DE EMBRIAGUEZ, NUM. 3",
  "fechaIngreso": "2017-02-05T06:27:16.997+00:00",
  "iEDocumentoAdjunto": "N",
  "nombre": null,
  "cedula": null,
  "idEstadoJuicio": null,
  "nombreMateria": null,
  "nombreEstadoJuicio": null,
  "nombreJudicatura": null,
  "nombreTipoResolucion": null,
  "nombreTipoAccion": null,
  "fechaProvidencia": null,
  "nombreProvidencia": null,
  "nombreProvincia": null,
  "incidentes": [
    {
      "idJudicatura": "09285",
      "nombreJudicatura": "UNIDAD JUDICIAL NORTE 1 PENAL CON SEDE EN EL CANTÓN GUAYAQUIL, PROVINCIA DEL GUAYAS",
      "ciudad": "GUAYAQUIL",
      "lstIncidenteJudicatura": [
        {
          "idIncidenteJudicatura": 18683015,
          "idMovimientoJuicioIncidente": 18619638,
          "idJudicaturaDestino": "09285",
          "fechaCrea": "05/02/2017 01:27",
          "incidente": 1,
          "lstLitiganteActor": [
            {
              "tipoLitigante": "AGENTE DE TRÁNSITO",
              "nombresLitigante": "DAVILA MONSERRATE ORLY WILLIAM",
              "representadoPor": "DAVILA MONSERRATE ORLY WILLIAM",
              "idLitigante": 31829526
            }
          ],
          "lstLitiganteDemandado": [
            {
              "tipoLitigante": "PERSONA CONTRAVENTORA/IMPUGNANTE",
              "nombresLitigante": "CANTOS RODRIGUEZ CARLOS ANIBAL",
              "representadoPor": "CANTOS RODRIGUEZ CARLOS ANIBAL",
              "idLitigante": 31829525
            }
          ],
          "litiganteActor": null,
          "litiganteDemandado": null
        }
      ]
    }
  ]
}