{
  "0": {
    "id": 1,
    "idJuicio": "09284202302229G",
    "estadoActual": null,
    "idMateria": 27,
    "idProvincia": null,
    "idCanton": null,
    "idJudicatura": null,
    "nombreDelito": "ARCHIVO DE LA INVESTIGACIÓN PREVIA ART. 586",
    "fechaIngreso": "2023-05-10T20:52:34.433+00:00",
    "iEDocumentoAdjunto": "N",
    "nombre": null,
    "cedula": null,
    "idEstadoJuicio": null,
    "nombreMateria": "PENAL COIP",
    "nombreEstadoJuicio": null,
    "nombreJudicatura": null,
    "nombreTipoResolucion": null,
    "nombreTipoAccion": "INVESTIGACIÓN PREVIA",
    "fechaProvidencia": null,
    "nombreProvidencia": null,
    "nombreProvincia": null
  },
  "id": 1,
  "idJuicio": "09284202302229G",
  "estadoActual": "A",
  "idMateria": 27,
  "idProvincia": null,
  "idCanton": null,
  "idJudicatura": null,
  "nombreDelito": "ARCHIVO DE LA INVESTIGACIÓN PREVIA ART. 586",
  "fechaIngreso": "2023-05-10T20:52:34.433+00:00",
  "iEDocumentoAdjunto": "N",
  "nombre": null,
  "cedula": null,
  "idEstadoJuicio": null,
  "nombreMateria": null,
  "nombreEstadoJuicio": null,
  "nombreJudicatura": null,
  "nombreTipoResolucion": null,
  "nombreTipoAccion": null,
  "fechaProvidencia": null,
  "nombreProvidencia": null,
  "nombreProvincia": null,
  "incidentes": [
    {
      "idJudicatura": "09284",
      "nombreJudicatura": "UNIDAD JUDICIAL SUR PENAL CON SEDE EN EL CANTÓN GUAYAQUIL, PROVINCIA DEL GUAYAS",
      "ciudad": "GUAYAQUIL",
      "lstIncidenteJudicatura": [
        {
          "idIncidenteJudicatura": 26344663,
          "idMovimientoJuicioIncidente": 24985575,
          "idJudicaturaDestino": "09284",
          "fechaCrea": "10/05/2023 15:52",
          "incidente": 1,
          "lstLitiganteActor": [
            {
              "tipoLitigante": "VICTIMA O DENUNCIANTE",
              "nombresLitigante": "OBANDO BETUN ALFREDO",
              "representadoPor": "OBANDO BETUN ALFREDO",
              "idLitigante": 41315387
            },
            {
              "tipoLitigante": "FISCALÍA",
              "nombresLitigante": "FISCALIA GENERAL DEL ESTADO",
              "representadoPor": "FISCALIA GENERAL DEL ESTADO",
              "idLitigante": 36689621
            }
          ],
          "lstLitiganteDemandado": [
            {
              "tipoLitigante": "PERSONA INVESTIGADA",
              "nombresLitigante": "yantalema shigla marisol/guapi ivan",
              "representadoPor": "yantalema shigla marisol/guapi ivan",
              "idLitigante": 41325651
            }
          ],
          "litiganteActor": null,
          "litiganteDemandado": null
        }
      ]
    }
  ]
}