{
  "0": {
    "id": 1,
    "idJuicio": "0928420138064  ",
    "estadoActual": null,
    "idMateria": 10,
    "idProvincia": null,
    "idCanton": null,
    "idJudicatura": null,
    "nombreDelito": "607 NUM.10) ULTRAJAR DE OBRA A OTRA PERSONA SIN OCACIONAR EMFERMEDAD O LESION QUE IMPOSIBILITA AL TRABAJO                                                                           ",
    "fechaIngreso": "2013-11-16T05:00:00.000+00:00",
    "iEDocumentoAdjunto": "N",
    "nombre": null,
    "cedula": null,
    "idEstadoJuicio": null,
    "nombreMateria": "CONTRAVENCIONES",
    "nombreEstadoJuicio": null,
    "nombreJudicatura": null,
    "nombreTipoResolucion": null,
    "nombreTipoAccion": "CONTRAVENCIONES PENALES DE CUARTA CLASE",
    "fechaProvidencia": null,
    "nombreProvidencia": null,
    "nombreProvincia": null
  },
  "id": 1,
  "idJuicio": "0928420138064  ",
  "estadoActual": "A",
  "idMateria": 10,
  "idProvincia": null,
  "idCanton": null,
  "idJudicatura": null,
  "nombreDelito": "607 NUM.10) ULTRAJAR DE OBRA A OTRA PERSONA SIN OCACIONAR EMFERMEDAD O LESION QUE IMPOSIBILITA AL TRABAJO                                                                           ",
  "fechaIngreso": "2013-11-16T05:00:00.000+00:00",
  "iEDocumentoAdjunto": "N",
  "nombre": null,
  "cedula": null,
  "idEstadoJuicio": null,
  "nombreMateria": null,
  "nombreEstadoJuicio": null,
  "nombreJudicatura": null,
  "nombreTipoResolucion": null,
  "nombreTipoAccion": null,
  "fechaProvidencia": null,
  "nombreProvidencia": null,
  "nombreProvincia": null,
  "incidentes": [
    {
      "idJudicatura": "09284",
      "nombreJudicatura": "UNIDAD JUDICIAL SUR PENAL CON SEDE EN EL CANTÓN GUAYAQUIL, PROVINCIA DEL GUAYAS",
      "ciudad": "GUAYAQUIL",
      "lstIncidenteJudicatura": [
        {
          "idIncidenteJudicatura": 17500767,
          "idMovimientoJuicioIncidente": 8864948,
          "idJudicaturaDestino": "09284",
          "fechaCrea": "16/11/2013 00:00",
          "incidente": 1,
          "lstLitiganteActor": [
            {
              "tipoLitigante": "ACTOR",
              "nombresLitigante": "MORAN QUIMIS MARIA DEL JESUS",
              "representadoPor": null,
              "idLitigante": 4081526
            }
          ],
          "lstLitiganteDemandado": [
            {
              "tipoLitigante": "DEMANDADO",
              "nombresLitigante": "RODRÍGUEZ ICAZA EVELIN",
              "representadoPor": null,
              "idLitigante": 17464414
            }
          ],
          "litiganteActor": null,
          "litiganteDemandado": null
        }
      ]
    }
  ]
}