{
  "0": {
    "id": 1,
    "idJuicio": "09285201901234 ",
    "estadoActual": null,
    "idMateria": 27,
    "idProvincia": null,
    "idCanton": null,
    "idJudicatura": null,
    "nombreDelito": "187 ABUSO DE CONFIANZA, INC.1",
    "fechaIngreso": "2019-04-25T20:06:45.580+00:00",
    "iEDocumentoAdjunto": "N",
    "nombre": null,
    "cedula": null,
    "idEstadoJuicio": null,
    "nombreMateria": "PENAL COIP",
    "nombreEstadoJuicio": null,
    "nombreJudicatura": null,
    "nombreTipoResolucion": null,
    "nombreTipoAccion": "ACCIÓN PENAL PÚBLICA",
    "fechaProvidencia": null,
    "nombreProvidencia": null,
    "nombreProvincia": null
  },
  "id": 3,
  "idJuicio": "09285201901234 ",
  "estadoActual": "A",
  "idMateria": 27,
  "idProvincia": null,
  "idCanton": null,
  "idJudicatura": null,
  "nombreDelito": "187 ABUSO DE CONFIANZA, INC.1",
  "fechaIngreso": "2019-04-25T20:06:45.580+00:00",
  "iEDocumentoAdjunto": "N",
  "nombre": null,
  "cedula": null,
  "idEstadoJuicio": null,
  "nombreMateria": null,
  "nombreEstadoJuicio": null,
  "nombreJudicatura": null,
  "nombreTipoResolucion": null,
  "nombreTipoAccion": null,
  "fechaProvidencia": null,
  "nombreProvidencia": null,
  "nombreProvincia": null,
  "incidentes": [
    {
      "idJudicatura": "09124",
      "nombreJudicatura": "SALA ESPECILIZADA DE LO PENAL, PENAL MILITAR, PENAL POLICIAL Y TRÁNSITO DE LA CORTE PROVINCIAL DE JUSTICIA DE GUAYAS",
      "ciudad": "GUAYAQUIL",
      "lstIncidenteJudicatura": [
        {
          "idIncidenteJudicatura": 24696479,
          "idMovimientoJuicioIncidente": 23530664,
          "idJudicaturaDestino": "09124",
          "fechaCrea": "28/12/2021 15:39",
          "incidente": 1,
          "lstLitiganteActor": [
            {
              "tipoLitigante": "FISCALÍA",
              "nombresLitigante": "FISCALIA GENERAL DEL ESTADO",
              "representadoPor": "FISCALIA GENERAL DEL ESTADO",
              "idLitigante": 36693868
            },
            {
              "tipoLitigante": "VICTIMA",
              "nombresLitigante": "CHAMPAN GUALE RAMON EMILIO",
              "representadoPor": "CHAMPAN GUALE RAMON EMILIO",
              "idLitigante": 33319818
            }
          ],
          "lstLitiganteDemandado": [
            {
              "tipoLitigante": "PERSONA PROCESADA",
              "nombresLitigante": "soliS criollo estela del carmen",
              "representadoPor": "soliS criollo estela del carmen",
              "idLitigante": 35488363
            }
          ],
          "litiganteActor": null,
          "litiganteDemandado": null
        }
      ]
    },
    {
      "idJudicatura": "09285",
      "nombreJudicatura": "UNIDAD JUDICIAL NORTE 1 PENAL CON SEDE EN EL CANTÓN GUAYAQUIL, PROVINCIA DEL GUAYAS",
      "ciudad": "GUAYAQUIL",
      "lstIncidenteJudicatura": [
        {
          "idIncidenteJudicatura": 21620903,
          "idMovimientoJuicioIncidente": 20776835,
          "idJudicaturaDestino": "09285",
          "fechaCrea": "25/04/2019 15:06",
          "incidente": 1,
          "lstLitiganteActor": [
            {
              "tipoLitigante": "FISCALÍA",
              "nombresLitigante": "FISCALIA GENERAL DEL ESTADO",
              "representadoPor": "FISCALIA GENERAL DEL ESTADO",
              "idLitigante": 35876118
            },
            {
              "tipoLitigante": "VICTIMA",
              "nombresLitigante": "CHAMPAN GUALE RAMON EMILIO",
              "representadoPor": "CHAMPAN GUALE RAMON EMILIO",
              "idLitigante": 33319818
            }
          ],
          "lstLitiganteDemandado": [
            {
              "tipoLitigante": "PERSONA PROCESADA",
              "nombresLitigante": "soliS criollo estela del carmen",
              "representadoPor": "soliS criollo estela del carmen",
              "idLitigante": 35488363
            }
          ],
          "litiganteActor": null,
          "litiganteDemandado": null
        }
      ]
    },
    {
      "idJudicatura": "09901",
      "nombreJudicatura": "TRIBUNAL DE GARANTÍAS PENALES CON SEDE EN EL CANTÓN GUAYAQUIL",
      "ciudad": "GUAYAQUIL",
      "lstIncidenteJudicatura": [
        {
          "idIncidenteJudicatura": 22234566,
          "idMovimientoJuicioIncidente": 21355247,
          "idJudicaturaDestino": "09901",
          "fechaCrea": "18/11/2019 17:00",
          "incidente": 1,
          "lstLitiganteActor": [
            {
              "tipoLitigante": "FISCALÍA",
              "nombresLitigante": "FISCALIA GENERAL DEL ESTADO",
              "representadoPor": "FISCALIA GENERAL DEL ESTADO",
              "idLitigante": 35876118
            },
            {
              "tipoLitigante": "VICTIMA",
              "nombresLitigante": "CHAMPAN GUALE RAMON EMILIO",
              "representadoPor": "CHAMPAN GUALE RAMON EMILIO",
              "idLitigante": 33319818
            }
          ],
          "lstLitiganteDemandado": [
            {
              "tipoLitigante": "PERSONA PROCESADA",
              "nombresLitigante": "soliS criollo estela del carmen",
              "representadoPor": "soliS criollo estela del carmen",
              "idLitigante": 35488363
            }
          ],
          "litiganteActor": null,
          "litiganteDemandado": null
        }
      ]
    }
  ]
}