{
  "0": {
    "id": 1,
    "idJuicio": "09284202001606 ",
    "estadoActual": null,
    "idMateria": 29,
    "idProvincia": null,
    "idCanton": null,
    "idJudicatura": null,
    "nombreDelito": "396 CONTRAVENCIONES DE CUARTA CLASE, INC.1, NUM. 1",
    "fechaIngreso": "2020-12-23T14:22:23.673+00:00",
    "iEDocumentoAdjunto": "N",
    "nombre": null,
    "cedula": null,
    "idEstadoJuicio": null,
    "nombreMateria": "CONTRAVENCIONES COIP",
    "nombreEstadoJuicio": null,
    "nombreJudicatura": null,
    "nombreTipoResolucion": null,
    "nombreTipoAccion": "CONTRAVENCIONES PENALES",
    "fechaProvidencia": null,
    "nombreProvidencia": null,
    "nombreProvincia": null
  },
  "id": 1,
  "idJuicio": "09284202001606 ",
  "estadoActual": "A",
  "idMateria": 29,
  "idProvincia": null,
  "idCanton": null,
  "idJudicatura": null,
  "nombreDelito": "396 CONTRAVENCIONES DE CUARTA CLASE, INC.1, NUM. 1",
  "fechaIngreso": "2020-12-23T14:22:23.673+00:00",
  "iEDocumentoAdjunto": "N",
  "nombre": null,
  "cedula": null,
  "idEstadoJuicio": null,
  "nombreMateria": null,
  "nombreEstadoJuicio": null,
  "nombreJudicatura": null,
  "nombreTipoResolucion": null,
  "nombreTipoAccion": null,
  "fechaProvidencia": null,
  "nombreProvidencia": null,
  "nombreProvincia": null,
  "incidentes": [
    {
      "idJudicatura": "09284",
      "nombreJudicatura": "UNIDAD JUDICIAL SUR PENAL CON SEDE EN EL CANTÓN GUAYAQUIL, PROVINCIA DEL GUAYAS",
      "ciudad": "GUAYAQUIL",
      "lstIncidenteJudicatura": [
        {
          "idIncidenteJudicatura": 23474757,
          "idMovimientoJuicioIncidente": 22395259,
          "idJudicaturaDestino": "09284",
          "fechaCrea": "23/12/2020 09:22",
          "incidente": 1,
          "lstLitiganteActor": [
            {
              "tipoLitigante": "VICTIMA O DENUNCIANTE",
              "nombresLitigante": "ALVEAR GILER ANA KAREN",
              "representadoPor": "ALVEAR GILER ANA KAREN",
              "idLitigante": 32995046
            }
          ],
          "lstLitiganteDemandado": [
            {
              "tipoLitigante": "PERSONA CONTRAVENTORA",
              "nombresLitigante": "KAREN ESPINOZA ALVAREZ",
              "representadoPor": "KAREN ESPINOZA ALVAREZ",
              "idLitigante": 38077910
            }
          ],
          "litiganteActor": null,
          "litiganteDemandado": null
        }
      ]
    }
  ]
}