{
  "0": {
    "id": 1,
    "idJuicio": "09284201604287 ",
    "estadoActual": null,
    "idMateria": 29,
    "idProvincia": null,
    "idCanton": null,
    "idJudicatura": null,
    "nombreDelito": "396 Contravenciones de cuarta clase, inc.1, num. 4",
    "fechaIngreso": "2016-11-01T13:22:57.217+00:00",
    "iEDocumentoAdjunto": "N",
    "nombre": null,
    "cedula": null,
    "idEstadoJuicio": null,
    "nombreMateria": "CONTRAVENCIONES COIP",
    "nombreEstadoJuicio": null,
    "nombreJudicatura": null,
    "nombreTipoResolucion": null,
    "nombreTipoAccion": "CONTRAVENCIONES PENALES",
    "fechaProvidencia": null,
    "nombreProvidencia": null,
    "nombreProvincia": null
  },
  "id": 1,
  "idJuicio": "09284201604287 ",
  "estadoActual": "A",
  "idMateria": 29,
  "idProvincia": null,
  "idCanton": null,
  "idJudicatura": null,
  "nombreDelito": "396 CONTRAVENCIONES DE CUARTA CLASE, INC.1, NUM. 4",
  "fechaIngreso": "2016-11-01T13:22:57.217+00:00",
  "iEDocumentoAdjunto": "N",
  "nombre": null,
  "cedula": null,
  "idEstadoJuicio": null,
  "nombreMateria": null,
  "nombreEstadoJuicio": null,
  "nombreJudicatura": null,
  "nombreTipoResolucion": null,
  "nombreTipoAccion": null,
  "fechaProvidencia": null,
  "nombreProvidencia": null,
  "nombreProvincia": null,
  "incidentes": [
    {
      "idJudicatura": "09284",
      "nombreJudicatura": "UNIDAD JUDICIAL SUR PENAL CON SEDE EN EL CANTÓN GUAYAQUIL, PROVINCIA DEL GUAYAS",
      "ciudad": "GUAYAQUIL",
      "lstIncidenteJudicatura": [
        {
          "idIncidenteJudicatura": 18445135,
          "idMovimientoJuicioIncidente": 18389597,
          "idJudicaturaDestino": "09284",
          "fechaCrea": "01/11/2016 08:22",
          "incidente": 1,
          "lstLitiganteActor": [
            {
              "tipoLitigante": "VICTIMA O DENUNCIANTE",
              "nombresLitigante": "ROJAS MACAS MARCOS RODRIGO",
              "representadoPor": "ROJAS MACAS MARCOS RODRIGO",
              "idLitigante": 31375484
            }
          ],
          "lstLitiganteDemandado": [
            {
              "tipoLitigante": "PERSONA CONTRAVENTORA/IMPUGNANTE",
              "nombresLitigante": "FORONDA WILMER",
              "representadoPor": "FORONDA WILMER",
              "idLitigante": 31375487
            }
          ],
          "litiganteActor": null,
          "litiganteDemandado": null
        }
      ]
    }
  ]
}