{
  "0": {
    "id": 1,
    "idJuicio": "09284201604059 ",
    "estadoActual": null,
    "idMateria": 28,
    "idProvincia": null,
    "idCanton": null,
    "idJudicatura": null,
    "nombreDelito": "379 Lesiones causadas por accidente de tránsito, num. 1",
    "fechaIngreso": "2016-10-13T20:20:44.700+00:00",
    "iEDocumentoAdjunto": "N",
    "nombre": null,
    "cedula": null,
    "idEstadoJuicio": null,
    "nombreMateria": "TRÁNSITO COIP",
    "nombreEstadoJuicio": null,
    "nombreJudicatura": null,
    "nombreTipoResolucion": null,
    "nombreTipoAccion": "DELITOS DE TRÁNSITO",
    "fechaProvidencia": null,
    "nombreProvidencia": null,
    "nombreProvincia": null
  },
  "id": 2,
  "idJuicio": "09284201604059 ",
  "estadoActual": "A",
  "idMateria": 28,
  "idProvincia": null,
  "idCanton": null,
  "idJudicatura": null,
  "nombreDelito": "379 LESIONES CAUSADAS POR ACCIDENTE DE TRÁNSITO, NUM. 1",
  "fechaIngreso": "2016-10-13T20:20:44.700+00:00",
  "iEDocumentoAdjunto": "N",
  "nombre": null,
  "cedula": null,
  "idEstadoJuicio": null,
  "nombreMateria": null,
  "nombreEstadoJuicio": null,
  "nombreJudicatura": null,
  "nombreTipoResolucion": null,
  "nombreTipoAccion": null,
  "fechaProvidencia": null,
  "nombreProvidencia": null,
  "nombreProvincia": null,
  "incidentes": [
    {
      "idJudicatura": "09284",
      "nombreJudicatura": "UNIDAD JUDICIAL SUR PENAL CON SEDE EN EL CANTÓN GUAYAQUIL, PROVINCIA DEL GUAYAS",
      "ciudad": "GUAYAQUIL",
      "lstIncidenteJudicatura": [
        {
          "idIncidenteJudicatura": 18399724,
          "idMovimientoJuicioIncidente": 18345333,
          "idJudicaturaDestino": "09284",
          "fechaCrea": "13/10/2016 15:20",
          "incidente": 1,
          "lstLitiganteActor": [
            {
              "tipoLitigante": "VICTIMA",
              "nombresLitigante": "ALTAMIRANO PONCE EDUARDO LUIS",
              "representadoPor": "ALTAMIRANO PONCE EDUARDO LUIS",
              "idLitigante": 31285023
            },
            {
              "tipoLitigante": "FISCALÍA",
              "nombresLitigante": "FISCALIA ESPECIALIZADO EN ACCIDENTES DE TRANSITO-PROCEDIMIENTOS DIRECTOS",
              "representadoPor": "FISCALIA ESPECIALIZADO EN ACCIDENTES DE TRANSITO-PROCEDIMIENTOS DIRECTOS",
              "idLitigante": 31279217
            }
          ],
          "lstLitiganteDemandado": [
            {
              "tipoLitigante": "PERSONA PROCESADA",
              "nombresLitigante": "MENDOZA PULECIO RONNY ALEJANDRO",
              "representadoPor": "MENDOZA PULECIO RONNY ALEJANDRO",
              "idLitigante": 31285004
            }
          ],
          "litiganteActor": null,
          "litiganteDemandado": null
        }
      ]
    }
  ]
}