{
  "0": {
    "id": 1,
    "idJuicio": "09284201320575 ",
    "estadoActual": null,
    "idMateria": 10,
    "idProvincia": null,
    "idCanton": null,
    "idJudicatura": null,
    "nombreDelito": "606 NUM.15 INJURIA NO CALUMNIOSA LEVE                                                                                                                                               ",
    "fechaIngreso": "2013-11-22T05:00:00.000+00:00",
    "iEDocumentoAdjunto": "N",
    "nombre": null,
    "cedula": null,
    "idEstadoJuicio": null,
    "nombreMateria": "CONTRAVENCIONES",
    "nombreEstadoJuicio": null,
    "nombreJudicatura": null,
    "nombreTipoResolucion": null,
    "nombreTipoAccion": "CONTRAVENCIONES PENALES DE TERCERA CLASE",
    "fechaProvidencia": null,
    "nombreProvidencia": null,
    "nombreProvincia": null
  },
  "id": 1,
  "idJuicio": "09284201320575 ",
  "estadoActual": "A",
  "idMateria": 10,
  "idProvincia": null,
  "idCanton": null,
  "idJudicatura": null,
  "nombreDelito": "606 NUM.15 INJURIA NO CALUMNIOSA LEVE                                                                                                                                               ",
  "fechaIngreso": "2013-11-22T05:00:00.000+00:00",
  "iEDocumentoAdjunto": "N",
  "nombre": null,
  "cedula": null,
  "idEstadoJuicio": null,
  "nombreMateria": null,
  "nombreEstadoJuicio": null,
  "nombreJudicatura": null,
  "nombreTipoResolucion": null,
  "nombreTipoAccion": null,
  "fechaProvidencia": null,
  "nombreProvidencia": null,
  "nombreProvincia": null,
  "incidentes": [
    {
      "idJudicatura": "09284",
      "nombreJudicatura": "UNIDAD JUDICIAL SUR PENAL CON SEDE EN EL CANTÓN GUAYAQUIL, PROVINCIA DEL GUAYAS",
      "ciudad": "GUAYAQUIL",
      "lstIncidenteJudicatura": [
        {
          "idIncidenteJudicatura": 16861404,
          "idMovimientoJuicioIncidente": 8933906,
          "idJudicaturaDestino": "09284",
          "fechaCrea": "22/11/2013 00:00",
          "incidente": 1,
          "lstLitiganteActor": [
            {
              "tipoLitigante": "ACTOR",
              "nombresLitigante": "VALENCIA PALMA MARIANA DE JESUS",
              "representadoPor": null,
              "idLitigante": 4190930
            }
          ],
          "lstLitiganteDemandado": [
            {
              "tipoLitigante": "DEMANDADO",
              "nombresLitigante": "AMADA MURILLO",
              "representadoPor": null,
              "idLitigante": 17373106
            },
            {
              "tipoLitigante": "DEMANDADO",
              "nombresLitigante": "WALTER LINDAO",
              "representadoPor": null,
              "idLitigante": 17373105
            },
            {
              "tipoLitigante": "DEMANDADO",
              "nombresLitigante": "RICHARD LINDAO",
              "representadoPor": null,
              "idLitigante": 17373104
            },
            {
              "tipoLitigante": "DEMANDADO",
              "nombresLitigante": "WILSON CORDOVA",
              "representadoPor": null,
              "idLitigante": 17373103
            }
          ],
          "litiganteActor": null,
          "litiganteDemandado": null
        }
      ]
    }
  ]
}