{
  "0": {
    "id": 1,
    "idJuicio": "09284201901509 ",
    "estadoActual": null,
    "idMateria": 29,
    "idProvincia": null,
    "idCanton": null,
    "idJudicatura": null,
    "nombreDelito": "396 CONTRAVENCIONES DE CUARTA CLASE, INC.1, NUM. 1",
    "fechaIngreso": "2019-05-14T16:31:02.117+00:00",
    "iEDocumentoAdjunto": "N",
    "nombre": null,
    "cedula": null,
    "idEstadoJuicio": null,
    "nombreMateria": "CONTRAVENCIONES COIP",
    "nombreEstadoJuicio": null,
    "nombreJudicatura": null,
    "nombreTipoResolucion": null,
    "nombreTipoAccion": "CONTRAVENCIONES PENALES",
    "fechaProvidencia": null,
    "nombreProvidencia": null,
    "nombreProvincia": null
  },
  "id": 1,
  "idJuicio": "09284201901509 ",
  "estadoActual": "A",
  "idMateria": 29,
  "idProvincia": null,
  "idCanton": null,
  "idJudicatura": null,
  "nombreDelito": "396 CONTRAVENCIONES DE CUARTA CLASE, INC.1, NUM. 1",
  "fechaIngreso": "2019-05-14T16:31:02.117+00:00",
  "iEDocumentoAdjunto": "N",
  "nombre": null,
  "cedula": null,
  "idEstadoJuicio": null,
  "nombreMateria": null,
  "nombreEstadoJuicio": null,
  "nombreJudicatura": null,
  "nombreTipoResolucion": null,
  "nombreTipoAccion": null,
  "fechaProvidencia": null,
  "nombreProvidencia": null,
  "nombreProvincia": null,
  "incidentes": [
    {
      "idJudicatura": "09284",
      "nombreJudicatura": "UNIDAD JUDICIAL SUR PENAL CON SEDE EN EL CANTÓN GUAYAQUIL, PROVINCIA DEL GUAYAS",
      "ciudad": "GUAYAQUIL",
      "lstIncidenteJudicatura": [
        {
          "idIncidenteJudicatura": 21669372,
          "idMovimientoJuicioIncidente": 20824536,
          "idJudicaturaDestino": "09284",
          "fechaCrea": "14/05/2019 11:31",
          "incidente": 1,
          "lstLitiganteActor": [
            {
              "tipoLitigante": "VICTIMA O DENUNCIANTE",
              "nombresLitigante": "LINO CATAGUA ANGELA MARIA",
              "representadoPor": "LINO CATAGUA ANGELA MARIA",
              "idLitigante": 34594211
            }
          ],
          "lstLitiganteDemandado": [
            {
              "tipoLitigante": "PERSONA CONTRAVENTORA",
              "nombresLitigante": "PEREZ  SALAZAR  EUFRACIA  ELIZABETH",
              "representadoPor": "PEREZ  SALAZAR  EUFRACIA  ELIZABETH",
              "idLitigante": 35560090
            },
            {
              "tipoLitigante": "PERSONA CONTRAVENTORA",
              "nombresLitigante": "ZAPATA  SEVERINO  XAVIER  GERMAN",
              "representadoPor": "ZAPATA  SEVERINO  XAVIER  GERMAN",
              "idLitigante": 35560086
            }
          ],
          "litiganteActor": null,
          "litiganteDemandado": null
        }
      ]
    }
  ]
}