{
  "0": {
    "id": 1,
    "idJuicio": "09284201805681G",
    "estadoActual": null,
    "idMateria": 28,
    "idProvincia": null,
    "idCanton": null,
    "idJudicatura": null,
    "nombreDelito": "391 CONTRAVENCIONES DE TRÁNSITO DE SEXTA CLASE, INC.1, NUM. 5",
    "fechaIngreso": "2018-06-27T20:21:41.057+00:00",
    "iEDocumentoAdjunto": "N",
    "nombre": null,
    "cedula": null,
    "idEstadoJuicio": null,
    "nombreMateria": "TRÁNSITO COIP",
    "nombreEstadoJuicio": null,
    "nombreJudicatura": null,
    "nombreTipoResolucion": null,
    "nombreTipoAccion": "CONTRAVENCIONES DE TRÁNSITO",
    "fechaProvidencia": null,
    "nombreProvidencia": null,
    "nombreProvincia": null
  },
  "id": 1,
  "idJuicio": "09284201805681G",
  "estadoActual": "A",
  "idMateria": 28,
  "idProvincia": null,
  "idCanton": null,
  "idJudicatura": null,
  "nombreDelito": "391 CONTRAVENCIONES DE TRÁNSITO DE SEXTA CLASE, INC.1, NUM. 5",
  "fechaIngreso": "2018-06-27T20:21:41.057+00:00",
  "iEDocumentoAdjunto": "N",
  "nombre": null,
  "cedula": null,
  "idEstadoJuicio": null,
  "nombreMateria": null,
  "nombreEstadoJuicio": null,
  "nombreJudicatura": null,
  "nombreTipoResolucion": null,
  "nombreTipoAccion": null,
  "fechaProvidencia": null,
  "nombreProvidencia": null,
  "nombreProvincia": null,
  "incidentes": [
    {
      "idJudicatura": "09284",
      "nombreJudicatura": "UNIDAD JUDICIAL SUR PENAL CON SEDE EN EL CANTÓN GUAYAQUIL, PROVINCIA DEL GUAYAS",
      "ciudad": "GUAYAQUIL",
      "lstIncidenteJudicatura": [
        {
          "idIncidenteJudicatura": 20813251,
          "idMovimientoJuicioIncidente": 19983190,
          "idJudicaturaDestino": "09284",
          "fechaCrea": "27/06/2018 15:21",
          "incidente": 1,
          "lstLitiganteActor": [
            {
              "tipoLitigante": "PERSONA CONTRAVENTORA",
              "nombresLitigante": "SABANDO GOMEZ FREDDY WILINGTON",
              "representadoPor": "SABANDO GOMEZ FREDDY WILINGTON",
              "idLitigante": 34275530
            }
          ],
          "lstLitiganteDemandado": null,
          "litiganteActor": null,
          "litiganteDemandado": null
        }
      ]
    }
  ]
}