{
  "0": {
    "id": 1,
    "idJuicio": "09284201315310 ",
    "estadoActual": null,
    "idMateria": 10,
    "idProvincia": null,
    "idCanton": null,
    "idJudicatura": null,
    "nombreDelito": "607 A LIT.C) CONTAMINACION POR RUIDO                                                                                                                                                ",
    "fechaIngreso": "2013-11-21T05:00:00.000+00:00",
    "iEDocumentoAdjunto": "N",
    "nombre": null,
    "cedula": null,
    "idEstadoJuicio": null,
    "nombreMateria": "CONTRAVENCIONES",
    "nombreEstadoJuicio": null,
    "nombreJudicatura": null,
    "nombreTipoResolucion": null,
    "nombreTipoAccion": "CONTRAVENCIONES AMBIENTALES",
    "fechaProvidencia": null,
    "nombreProvidencia": null,
    "nombreProvincia": null
  },
  "id": 1,
  "idJuicio": "09284201315310 ",
  "estadoActual": "A",
  "idMateria": 10,
  "idProvincia": null,
  "idCanton": null,
  "idJudicatura": null,
  "nombreDelito": "607 A LIT.C) CONTAMINACION POR RUIDO                                                                                                                                                ",
  "fechaIngreso": "2013-11-21T05:00:00.000+00:00",
  "iEDocumentoAdjunto": "N",
  "nombre": null,
  "cedula": null,
  "idEstadoJuicio": null,
  "nombreMateria": null,
  "nombreEstadoJuicio": null,
  "nombreJudicatura": null,
  "nombreTipoResolucion": null,
  "nombreTipoAccion": null,
  "fechaProvidencia": null,
  "nombreProvidencia": null,
  "nombreProvincia": null,
  "incidentes": [
    {
      "idJudicatura": "09284",
      "nombreJudicatura": "UNIDAD JUDICIAL SUR PENAL CON SEDE EN EL CANTÓN GUAYAQUIL, PROVINCIA DEL GUAYAS",
      "ciudad": "GUAYAQUIL",
      "lstIncidenteJudicatura": [
        {
          "idIncidenteJudicatura": 6814848,
          "idMovimientoJuicioIncidente": 8917216,
          "idJudicaturaDestino": "09284",
          "fechaCrea": "21/11/2013 00:00",
          "incidente": 1,
          "lstLitiganteActor": [
            {
              "tipoLitigante": "ACTOR",
              "nombresLitigante": "MERO SACON HERMOGENES UBALDO",
              "representadoPor": null,
              "idLitigante": 4159075
            }
          ],
          "lstLitiganteDemandado": [
            {
              "tipoLitigante": "DEMANDADO",
              "nombresLitigante": "MOSCOSO COOKE FRANCISCO XAVIER",
              "representadoPor": null,
              "idLitigante": 17370355
            }
          ],
          "litiganteActor": null,
          "litiganteDemandado": null
        }
      ]
    }
  ]
}