{
  "0": {
    "id": 1,
    "idJuicio": "09284201700580 ",
    "estadoActual": null,
    "idMateria": 27,
    "idProvincia": null,
    "idCanton": null,
    "idJudicatura": null,
    "nombreDelito": "152 LESIONES, NUM. 1",
    "fechaIngreso": "2017-02-17T21:47:06.607+00:00",
    "iEDocumentoAdjunto": "N",
    "nombre": null,
    "cedula": null,
    "idEstadoJuicio": null,
    "nombreMateria": "PENAL COIP",
    "nombreEstadoJuicio": null,
    "nombreJudicatura": null,
    "nombreTipoResolucion": null,
    "nombreTipoAccion": "EJERCICIO PRIVADO DE LA ACCIÓN PENAL",
    "fechaProvidencia": null,
    "nombreProvidencia": null,
    "nombreProvincia": null
  },
  "id": 2,
  "idJuicio": "09284201700580 ",
  "estadoActual": "A",
  "idMateria": 27,
  "idProvincia": null,
  "idCanton": null,
  "idJudicatura": null,
  "nombreDelito": "152 LESIONES, NUM. 1",
  "fechaIngreso": "2017-02-17T21:47:06.607+00:00",
  "iEDocumentoAdjunto": "N",
  "nombre": null,
  "cedula": null,
  "idEstadoJuicio": null,
  "nombreMateria": null,
  "nombreEstadoJuicio": null,
  "nombreJudicatura": null,
  "nombreTipoResolucion": null,
  "nombreTipoAccion": null,
  "fechaProvidencia": null,
  "nombreProvidencia": null,
  "nombreProvincia": null,
  "incidentes": [
    {
      "idJudicatura": "09284",
      "nombreJudicatura": "UNIDAD JUDICIAL SUR PENAL CON SEDE EN EL CANTÓN GUAYAQUIL, PROVINCIA DEL GUAYAS",
      "ciudad": "GUAYAQUIL",
      "lstIncidenteJudicatura": [
        {
          "idIncidenteJudicatura": 18770467,
          "idMovimientoJuicioIncidente": 18706603,
          "idJudicaturaDestino": "09284",
          "fechaCrea": "17/02/2017 16:47",
          "incidente": 1,
          "lstLitiganteActor": [
            {
              "tipoLitigante": "QUERELLANTE",
              "nombresLitigante": "REYES LORENZA JUSTINA",
              "representadoPor": "REYES LORENZA JUSTINA",
              "idLitigante": 32058030
            }
          ],
          "lstLitiganteDemandado": [
            {
              "tipoLitigante": "QUERELLADO",
              "nombresLitigante": "ivan alejandro mosquera moran",
              "representadoPor": "ivan alejandro mosquera moran",
              "idLitigante": 32058044
            },
            {
              "tipoLitigante": "QUERELLADO",
              "nombresLitigante": "mario cedeño barreiro",
              "representadoPor": "mario cedeño barreiro",
              "idLitigante": 32058040
            }
          ],
          "litiganteActor": null,
          "litiganteDemandado": null
        }
      ]
    }
  ]
}