{
  "0": {
    "id": 1,
    "idJuicio": "09285202203690G",
    "estadoActual": null,
    "idMateria": 27,
    "idProvincia": null,
    "idCanton": null,
    "idJudicatura": null,
    "nombreDelito": "ARCHIVO DE LA INVESTIGACIÓN PREVIA ART. 586",
    "fechaIngreso": "2022-10-20T19:07:25.067+00:00",
    "iEDocumentoAdjunto": "N",
    "nombre": null,
    "cedula": null,
    "idEstadoJuicio": null,
    "nombreMateria": "PENAL COIP",
    "nombreEstadoJuicio": null,
    "nombreJudicatura": null,
    "nombreTipoResolucion": null,
    "nombreTipoAccion": "INVESTIGACIÓN PREVIA",
    "fechaProvidencia": null,
    "nombreProvidencia": null,
    "nombreProvincia": null
  },
  "id": 1,
  "idJuicio": "09285202203690G",
  "estadoActual": "A",
  "idMateria": 27,
  "idProvincia": null,
  "idCanton": null,
  "idJudicatura": null,
  "nombreDelito": "ARCHIVO DE LA INVESTIGACIÓN PREVIA ART. 586",
  "fechaIngreso": "2022-10-20T19:07:25.067+00:00",
  "iEDocumentoAdjunto": "N",
  "nombre": null,
  "cedula": null,
  "idEstadoJuicio": null,
  "nombreMateria": null,
  "nombreEstadoJuicio": null,
  "nombreJudicatura": null,
  "nombreTipoResolucion": null,
  "nombreTipoAccion": null,
  "fechaProvidencia": null,
  "nombreProvidencia": null,
  "nombreProvincia": null,
  "incidentes": [
    {
      "idJudicatura": "09285",
      "nombreJudicatura": "UNIDAD JUDICIAL NORTE 1 PENAL CON SEDE EN EL CANTÓN GUAYAQUIL, PROVINCIA DEL GUAYAS",
      "ciudad": "GUAYAQUIL",
      "lstIncidenteJudicatura": [
        {
          "idIncidenteJudicatura": 25742310,
          "idMovimientoJuicioIncidente": 24391090,
          "idJudicaturaDestino": "09285",
          "fechaCrea": "20/10/2022 14:07",
          "incidente": 1,
          "lstLitiganteActor": [
            {
              "tipoLitigante": "FISCALÍA",
              "nombresLitigante": "FISCALIA GENERAL DEL ESTADO",
              "representadoPor": "FISCALIA GENERAL DEL ESTADO",
              "idLitigante": 36766687
            },
            {
              "tipoLitigante": "VICTIMA O DENUNCIANTE",
              "nombresLitigante": "GRIJALVA LAJE JOSE LEONIDAS",
              "representadoPor": "GRIJALVA LAJE JOSE LEONIDAS",
              "idLitigante": 28758791
            }
          ],
          "lstLitiganteDemandado": [
            {
              "tipoLitigante": "PERSONA INVESTIGADA",
              "nombresLitigante": "ORDOÑEZ MONTAÑO ERIKA SULAY",
              "representadoPor": "ORDOÑEZ MONTAÑO ERIKA SULAY",
              "idLitigante": 40728235
            }
          ],
          "litiganteActor": null,
          "litiganteDemandado": null
        }
      ]
    },
    {
      "idJudicatura": "09284",
      "nombreJudicatura": "UNIDAD JUDICIAL SUR PENAL CON SEDE EN EL CANTÓN GUAYAQUIL, PROVINCIA DEL GUAYAS",
      "ciudad": "GUAYAQUIL",
      "lstIncidenteJudicatura": [
        {
          "idIncidenteJudicatura": 25846578,
          "idMovimientoJuicioIncidente": 24391090,
          "idJudicaturaDestino": "09284",
          "fechaCrea": "28/11/2022 09:39",
          "incidente": 1,
          "lstLitiganteActor": [
            {
              "tipoLitigante": "FISCALÍA",
              "nombresLitigante": "FISCALIA GENERAL DEL ESTADO",
              "representadoPor": "FISCALIA GENERAL DEL ESTADO",
              "idLitigante": 36766687
            },
            {
              "tipoLitigante": "VICTIMA O DENUNCIANTE",
              "nombresLitigante": "GRIJALVA LAJE JOSE LEONIDAS",
              "representadoPor": "GRIJALVA LAJE JOSE LEONIDAS",
              "idLitigante": 28758791
            }
          ],
          "lstLitiganteDemandado": [
            {
              "tipoLitigante": "PERSONA INVESTIGADA",
              "nombresLitigante": "ORDOÑEZ MONTAÑO ERIKA SULAY",
              "representadoPor": "ORDOÑEZ MONTAÑO ERIKA SULAY",
              "idLitigante": 40728235
            }
          ],
          "litiganteActor": null,
          "litiganteDemandado": null
        }
      ]
    }
  ]
}