{
  "0": {
    "id": 1,
    "idJuicio": "09286202001064 ",
    "estadoActual": null,
    "idMateria": 28,
    "idProvincia": null,
    "idCanton": null,
    "idJudicatura": null,
    "nombreDelito": "379 LESIONES CAUSADAS POR ACCIDENTE DE TRÁNSITO, NUM. 1",
    "fechaIngreso": "2020-04-28T00:56:23.890+00:00",
    "iEDocumentoAdjunto": "N",
    "nombre": null,
    "cedula": null,
    "idEstadoJuicio": null,
    "nombreMateria": "TRÁNSITO COIP",
    "nombreEstadoJuicio": null,
    "nombreJudicatura": null,
    "nombreTipoResolucion": null,
    "nombreTipoAccion": "DELITOS DE TRÁNSITO",
    "fechaProvidencia": null,
    "nombreProvidencia": null,
    "nombreProvincia": null
  },
  "id": 1,
  "idJuicio": "09286202001064 ",
  "estadoActual": "A",
  "idMateria": 28,
  "idProvincia": null,
  "idCanton": null,
  "idJudicatura": null,
  "nombreDelito": "379 LESIONES CAUSADAS POR ACCIDENTE DE TRÁNSITO, NUM. 1",
  "fechaIngreso": "2020-04-28T00:56:23.890+00:00",
  "iEDocumentoAdjunto": "N",
  "nombre": null,
  "cedula": null,
  "idEstadoJuicio": null,
  "nombreMateria": null,
  "nombreEstadoJuicio": null,
  "nombreJudicatura": null,
  "nombreTipoResolucion": null,
  "nombreTipoAccion": null,
  "fechaProvidencia": null,
  "nombreProvidencia": null,
  "nombreProvincia": null,
  "incidentes": [
    {
      "idJudicatura": "09286",
      "nombreJudicatura": "UNIDAD JUDICIAL NORTE 2 PENAL CON SEDE EN EL CANTÓN GUAYAQUIL, PROVINCIA DEL GUAYAS",
      "ciudad": "GUAYAQUIL",
      "lstIncidenteJudicatura": [
        {
          "idIncidenteJudicatura": 22623836,
          "idMovimientoJuicioIncidente": 21730361,
          "idJudicaturaDestino": "09286",
          "fechaCrea": "27/04/2020 19:56",
          "incidente": 1,
          "lstLitiganteActor": [
            {
              "tipoLitigante": "VICTIMA",
              "nombresLitigante": "DAVILA MONSERRATE ORLY WILLIAM",
              "representadoPor": "DAVILA MONSERRATE ORLY WILLIAM",
              "idLitigante": 31829526
            }
          ],
          "lstLitiganteDemandado": [
            {
              "tipoLitigante": "PERSONA PROCESADA",
              "nombresLitigante": "MUÑOZ GUILCAJANA JORGE PATRICIO",
              "representadoPor": "MUÑOZ GUILCAJANA JORGE PATRICIO",
              "idLitigante": 36874381
            },
            {
              "tipoLitigante": "PERSONA PROCESADA",
              "nombresLitigante": "MENDOZA LINO JEAN CARLOS",
              "representadoPor": "MENDOZA LINO JEAN CARLOS",
              "idLitigante": 36874380
            }
          ],
          "litiganteActor": null,
          "litiganteDemandado": null
        }
      ]
    }
  ]
}