{
  "0": {
    "id": 1,
    "idJuicio": "09284201413138 ",
    "estadoActual": null,
    "idMateria": 1,
    "idProvincia": null,
    "idCanton": null,
    "idJudicatura": null,
    "nombreDelito": "ROBO                                                                                                                                                                                                                                                                                                                                                                                                                                                                                                                                                                                                                                                                                                                                                                                                                                                                                                                                ",
    "fechaIngreso": "2014-08-29T05:00:00.000+00:00",
    "iEDocumentoAdjunto": "N",
    "nombre": null,
    "cedula": null,
    "idEstadoJuicio": null,
    "nombreMateria": "PENAL",
    "nombreEstadoJuicio": null,
    "nombreJudicatura": null,
    "nombreTipoResolucion": null,
    "nombreTipoAccion": "ACCIÓN PENAL PÚBLICA                                                  ",
    "fechaProvidencia": null,
    "nombreProvidencia": null,
    "nombreProvincia": null
  },
  "id": 4,
  "idJuicio": "09284201413138 ",
  "estadoActual": "A",
  "idMateria": 1,
  "idProvincia": null,
  "idCanton": null,
  "idJudicatura": null,
  "nombreDelito": "ROBO                                                                                                                                                                                                                                                                                                                                                                                                                                                                                                                                                                                                                                                                                                                                                                                                                                                                                                                                ",
  "fechaIngreso": "2014-08-29T05:00:00.000+00:00",
  "iEDocumentoAdjunto": "N",
  "nombre": null,
  "cedula": null,
  "idEstadoJuicio": null,
  "nombreMateria": null,
  "nombreEstadoJuicio": null,
  "nombreJudicatura": null,
  "nombreTipoResolucion": null,
  "nombreTipoAccion": null,
  "fechaProvidencia": null,
  "nombreProvidencia": null,
  "nombreProvincia": null,
  "incidentes": [
    {
      "idJudicatura": "09284",
      "nombreJudicatura": "UNIDAD JUDICIAL SUR PENAL CON SEDE EN EL CANTÓN GUAYAQUIL, PROVINCIA DEL GUAYAS",
      "ciudad": "GUAYAQUIL",
      "lstIncidenteJudicatura": [
        {
          "idIncidenteJudicatura": 9953749,
          "idMovimientoJuicioIncidente": 10262255,
          "idJudicaturaDestino": "09284",
          "fechaCrea": "29/08/2014 16:12",
          "incidente": 1,
          "lstLitiganteActor": [
            {
              "tipoLitigante": "ACTOR",
              "nombresLitigante": "COORDINADORA AUDIENCIAS FISCALIA",
              "representadoPor": null,
              "idLitigante": 4109064
            },
            {
              "tipoLitigante": "ACTOR",
              "nombresLitigante": "HECTOR FELIPE PIZA VARGAS",
              "representadoPor": null,
              "idLitigante": 4109063
            },
            {
              "tipoLitigante": "ACTOR",
              "nombresLitigante": "DR/AB. ROBERTO CABRERA CARRILLO",
              "representadoPor": null,
              "idLitigante": 4109062
            }
          ],
          "lstLitiganteDemandado": [
            {
              "tipoLitigante": "DEMANDADO",
              "nombresLitigante": "BARCIA CAMEJO WILSON PABLO",
              "representadoPor": null,
              "idLitigante": 27074086
            },
            {
              "tipoLitigante": "DEMANDADO",
              "nombresLitigante": "TONY LIZANDRO GOYA NAVARRETE",
              "representadoPor": null,
              "idLitigante": 17458344
            },
            {
              "tipoLitigante": "DEMANDADO",
              "nombresLitigante": "WILSON PABLO BARCIA CAMEJO",
              "representadoPor": null,
              "idLitigante": 17458343
            },
            {
              "tipoLitigante": "DEMANDADO",
              "nombresLitigante": "GOYA NAVARRETE TONY LIZANDRO",
              "representadoPor": null,
              "idLitigante": 17458342
            },
            {
              "tipoLitigante": "DEMANDADO",
              "nombresLitigante": "GOYA NAVARRETE TONY LIZARDO",
              "representadoPor": null,
              "idLitigante": 17458341
            }
          ],
          "litiganteActor": null,
          "litiganteDemandado": null
        }
      ]
    }
  ]
}