{
  "0": {
    "id": 1,
    "idJuicio": "09284201804617G",
    "estadoActual": null,
    "idMateria": 27,
    "idProvincia": null,
    "idCanton": null,
    "idJudicatura": null,
    "nombreDelito": "ARCHIVO DE LA INVESTIGACIÓN PREVIA ART. 586",
    "fechaIngreso": "2018-05-15T21:13:00.907+00:00",
    "iEDocumentoAdjunto": "N",
    "nombre": null,
    "cedula": null,
    "idEstadoJuicio": null,
    "nombreMateria": "PENAL COIP",
    "nombreEstadoJuicio": null,
    "nombreJudicatura": null,
    "nombreTipoResolucion": null,
    "nombreTipoAccion": "INVESTIGACIÓN PREVIA",
    "fechaProvidencia": null,
    "nombreProvidencia": null,
    "nombreProvincia": null
  },
  "id": 1,
  "idJuicio": "09284201804617G",
  "estadoActual": "A",
  "idMateria": 27,
  "idProvincia": null,
  "idCanton": null,
  "idJudicatura": null,
  "nombreDelito": "ARCHIVO DE LA INVESTIGACIÓN PREVIA ART. 586",
  "fechaIngreso": "2018-05-15T21:13:00.907+00:00",
  "iEDocumentoAdjunto": "N",
  "nombre": null,
  "cedula": null,
  "idEstadoJuicio": null,
  "nombreMateria": null,
  "nombreEstadoJuicio": null,
  "nombreJudicatura": null,
  "nombreTipoResolucion": null,
  "nombreTipoAccion": null,
  "fechaProvidencia": null,
  "nombreProvidencia": null,
  "nombreProvincia": null,
  "incidentes": [
    {
      "idJudicatura": "09284",
      "nombreJudicatura": "UNIDAD JUDICIAL SUR PENAL CON SEDE EN EL CANTÓN GUAYAQUIL, PROVINCIA DEL GUAYAS",
      "ciudad": "GUAYAQUIL",
      "lstIncidenteJudicatura": [
        {
          "idIncidenteJudicatura": 20695191,
          "idMovimientoJuicioIncidente": 19867808,
          "idJudicaturaDestino": "09284",
          "fechaCrea": "15/05/2018 16:13",
          "incidente": 1,
          "lstLitiganteActor": [
            {
              "tipoLitigante": "FISCALÍA",
              "nombresLitigante": "fiscalia de violencia de genero 9",
              "representadoPor": "fiscalia de violencia de genero 9",
              "idLitigante": 34037186
            },
            {
              "tipoLitigante": "VICTIMA O DENUNCIANTE",
              "nombresLitigante": "DELGADO NAVARRETE LILIANA EREOPAGUITA",
              "representadoPor": "DELGADO NAVARRETE LILIANA EREOPAGUITA",
              "idLitigante": 27440839
            }
          ],
          "lstLitiganteDemandado": null,
          "litiganteActor": null,
          "litiganteDemandado": null
        }
      ]
    }
  ]
}