{
  "0": {
    "id": 1,
    "idJuicio": "09285202201248 ",
    "estadoActual": null,
    "idMateria": 27,
    "idProvincia": null,
    "idCanton": null,
    "idJudicatura": null,
    "nombreDelito": "186 ESTAFA, NUM. 5",
    "fechaIngreso": "2022-06-21T13:09:55.607+00:00",
    "iEDocumentoAdjunto": "N",
    "nombre": null,
    "cedula": null,
    "idEstadoJuicio": null,
    "nombreMateria": "PENAL COIP",
    "nombreEstadoJuicio": null,
    "nombreJudicatura": null,
    "nombreTipoResolucion": null,
    "nombreTipoAccion": "ACCIÓN PENAL PÚBLICA",
    "fechaProvidencia": null,
    "nombreProvidencia": null,
    "nombreProvincia": null
  },
  "id": 2,
  "idJuicio": "09285202201248 ",
  "estadoActual": "A",
  "idMateria": 27,
  "idProvincia": null,
  "idCanton": null,
  "idJudicatura": null,
  "nombreDelito": "186 ESTAFA, NUM. 5",
  "fechaIngreso": "2022-06-21T13:09:55.607+00:00",
  "iEDocumentoAdjunto": "N",
  "nombre": null,
  "cedula": null,
  "idEstadoJuicio": null,
  "nombreMateria": null,
  "nombreEstadoJuicio": null,
  "nombreJudicatura": null,
  "nombreTipoResolucion": null,
  "nombreTipoAccion": null,
  "fechaProvidencia": null,
  "nombreProvidencia": null,
  "nombreProvincia": null,
  "incidentes": [
    {
      "idJudicatura": "05283",
      "nombreJudicatura": "UNIDAD JUDICIAL PENAL CON SEDE EN EL CANTÓN LATACUNGA",
      "ciudad": "LATACUNGA",
      "lstIncidenteJudicatura": [
        {
          "idIncidenteJudicatura": 25326737,
          "idMovimientoJuicioIncidente": 24092064,
          "idJudicaturaDestino": "05283",
          "fechaCrea": "12/07/2022 10:08",
          "incidente": 2,
          "lstLitiganteActor": [
            {
              "tipoLitigante": "FISCALÍA",
              "nombresLitigante": "FISCALIA GENERAL DEL ESTADO",
              "representadoPor": "FISCALIA GENERAL DEL ESTADO",
              "idLitigante": 36900096
            },
            {
              "tipoLitigante": "VICTIMA",
              "nombresLitigante": "CHAMPAN GUALE RAMON EMILIO",
              "representadoPor": "CHAMPAN GUALE RAMON EMILIO",
              "idLitigante": 33319818
            }
          ],
          "lstLitiganteDemandado": [
            {
              "tipoLitigante": "PERSONA PROCESADA",
              "nombresLitigante": "estrella cevallos veronica alexandra, gracia roca manuel jose",
              "representadoPor": "estrella cevallos veronica alexandra, gracia roca manuel jose",
              "idLitigante": 40112201
            }
          ],
          "litiganteActor": null,
          "litiganteDemandado": null
        },
        {
          "idIncidenteJudicatura": 26005864,
          "idMovimientoJuicioIncidente": 24651081,
          "idJudicaturaDestino": "05283",
          "fechaCrea": "25/01/2023 09:28",
          "incidente": 3,
          "lstLitiganteActor": [
            {
              "tipoLitigante": "FISCALÍA",
              "nombresLitigante": "FISCALIA GENERAL DEL ESTADO",
              "representadoPor": "FISCALIA GENERAL DEL ESTADO",
              "idLitigante": 36900096
            },
            {
              "tipoLitigante": "VICTIMA",
              "nombresLitigante": "CHAMPAN GUALE RAMON EMILIO",
              "representadoPor": "CHAMPAN GUALE RAMON EMILIO",
              "idLitigante": 33319818
            }
          ],
          "lstLitiganteDemandado": [
            {
              "tipoLitigante": "PERSONA PROCESADA",
              "nombresLitigante": "manuel jose garcia roca",
              "representadoPor": "manuel jose garcia roca",
              "idLitigante": 40467141
            },
            {
              "tipoLitigante": "DEFENSA",
              "nombresLitigante": "defensoria publica",
              "representadoPor": "defensoria publica",
              "idLitigante": 40423594
            },
            {
              "tipoLitigante": "PERSONA PROCESADA",
              "nombresLitigante": "estrella cevallos veronica alexandra, gracia roca manuel jose",
              "representadoPor": "estrella cevallos veronica alexandra, gracia roca manuel jose",
              "idLitigante": 40112201
            }
          ],
          "litiganteActor": null,
          "litiganteDemandado": null
        }
      ]
    },
    {
      "idJudicatura": "09285",
      "nombreJudicatura": "UNIDAD JUDICIAL NORTE 1 PENAL CON SEDE EN EL CANTÓN GUAYAQUIL, PROVINCIA DEL GUAYAS",
      "ciudad": "GUAYAQUIL",
      "lstIncidenteJudicatura": [
        {
          "idIncidenteJudicatura": 25260413,
          "idMovimientoJuicioIncidente": 24034094,
          "idJudicaturaDestino": "09285",
          "fechaCrea": "21/06/2022 08:09",
          "incidente": 1,
          "lstLitiganteActor": [
            {
              "tipoLitigante": "FISCALÍA",
              "nombresLitigante": "FISCALIA GENERAL DEL ESTADO",
              "representadoPor": "FISCALIA GENERAL DEL ESTADO",
              "idLitigante": 36900096
            },
            {
              "tipoLitigante": "VICTIMA",
              "nombresLitigante": "CHAMPAN GUALE RAMON EMILIO",
              "representadoPor": "CHAMPAN GUALE RAMON EMILIO",
              "idLitigante": 33319818
            }
          ],
          "lstLitiganteDemandado": [
            {
              "tipoLitigante": "PERSONA PROCESADA",
              "nombresLitigante": "manuel jose garcia roca",
              "representadoPor": "manuel jose garcia roca",
              "idLitigante": 40467141
            },
            {
              "tipoLitigante": "DEFENSA",
              "nombresLitigante": "defensoria publica",
              "representadoPor": "defensoria publica",
              "idLitigante": 40423594
            },
            {
              "tipoLitigante": "PERSONA PROCESADA",
              "nombresLitigante": "MANUEL  JOSE  GARCIA ROCA",
              "representadoPor": "MANUEL  JOSE  GARCIA ROCA",
              "idLitigante": 40138389
            },
            {
              "tipoLitigante": "PERSONA PROCESADA",
              "nombresLitigante": "estrella cevallos veronica alexandra, gracia roca manuel jose",
              "representadoPor": "estrella cevallos veronica alexandra, gracia roca manuel jose",
              "idLitigante": 40112201
            }
          ],
          "litiganteActor": null,
          "litiganteDemandado": null
        }
      ]
    }
  ]
}