{
  "0": {
    "id": 1,
    "idJuicio": "09284202101423 ",
    "estadoActual": null,
    "idMateria": 27,
    "idProvincia": null,
    "idCanton": null,
    "idJudicatura": null,
    "nombreDelito": "200 USURPACIÓN, INC.1",
    "fechaIngreso": "2021-10-13T16:57:51.550+00:00",
    "iEDocumentoAdjunto": "N",
    "nombre": null,
    "cedula": null,
    "idEstadoJuicio": null,
    "nombreMateria": "PENAL COIP",
    "nombreEstadoJuicio": null,
    "nombreJudicatura": null,
    "nombreTipoResolucion": null,
    "nombreTipoAccion": "EJERCICIO PRIVADO DE LA ACCIÓN PENAL",
    "fechaProvidencia": null,
    "nombreProvidencia": null,
    "nombreProvincia": null
  },
  "id": 2,
  "idJuicio": "09284202101423 ",
  "estadoActual": "A",
  "idMateria": 27,
  "idProvincia": null,
  "idCanton": null,
  "idJudicatura": null,
  "nombreDelito": "200 USURPACIÓN, INC.1",
  "fechaIngreso": "2021-10-13T16:57:51.550+00:00",
  "iEDocumentoAdjunto": "N",
  "nombre": null,
  "cedula": null,
  "idEstadoJuicio": null,
  "nombreMateria": null,
  "nombreEstadoJuicio": null,
  "nombreJudicatura": null,
  "nombreTipoResolucion": null,
  "nombreTipoAccion": null,
  "fechaProvidencia": null,
  "nombreProvidencia": null,
  "nombreProvincia": null,
  "incidentes": [
    {
      "idJudicatura": "09284",
      "nombreJudicatura": "UNIDAD JUDICIAL SUR PENAL CON SEDE EN EL CANTÓN GUAYAQUIL, PROVINCIA DEL GUAYAS",
      "ciudad": "GUAYAQUIL",
      "lstIncidenteJudicatura": [
        {
          "idIncidenteJudicatura": 24459861,
          "idMovimientoJuicioIncidente": 23312517,
          "idJudicaturaDestino": "09284",
          "fechaCrea": "13/10/2021 11:57",
          "incidente": 1,
          "lstLitiganteActor": [
            {
              "tipoLitigante": "QUERELLANTE",
              "nombresLitigante": "CEDEÑO SANCHEZ MARIA ASUNCION",
              "representadoPor": "CEDEÑO SANCHEZ MARIA ASUNCION",
              "idLitigante": 37995963
            },
            {
              "tipoLitigante": "QUERELLANTE",
              "nombresLitigante": "RODRIGUEZ MUÑIZ FERNANDO ADAN",
              "representadoPor": "RODRIGUEZ MUÑIZ FERNANDO ADAN",
              "idLitigante": 37995955
            }
          ],
          "lstLitiganteDemandado": [
            {
              "tipoLitigante": "QUERELLADO",
              "nombresLitigante": "LEON GARCIA GINA ELIZABETH",
              "representadoPor": "LEON GARCIA GINA ELIZABETH",
              "idLitigante": 39128110
            }
          ],
          "litiganteActor": null,
          "litiganteDemandado": null
        }
      ]
    }
  ]
}