{
  "0": {
    "id": 1,
    "idJuicio": "09286201703607 ",
    "estadoActual": null,
    "idMateria": 29,
    "idProvincia": null,
    "idCanton": null,
    "idJudicatura": null,
    "nombreDelito": "396 CONTRAVENCIONES DE CUARTA CLASE, INC.1, NUM. 1",
    "fechaIngreso": "2017-08-22T16:01:43.163+00:00",
    "iEDocumentoAdjunto": "N",
    "nombre": null,
    "cedula": null,
    "idEstadoJuicio": null,
    "nombreMateria": "CONTRAVENCIONES COIP",
    "nombreEstadoJuicio": null,
    "nombreJudicatura": null,
    "nombreTipoResolucion": null,
    "nombreTipoAccion": "CONTRAVENCIONES PENALES",
    "fechaProvidencia": null,
    "nombreProvidencia": null,
    "nombreProvincia": null
  },
  "id": 1,
  "idJuicio": "09286201703607 ",
  "estadoActual": "A",
  "idMateria": 29,
  "idProvincia": null,
  "idCanton": null,
  "idJudicatura": null,
  "nombreDelito": "396 CONTRAVENCIONES DE CUARTA CLASE, INC.1, NUM. 1",
  "fechaIngreso": "2017-08-22T16:01:43.163+00:00",
  "iEDocumentoAdjunto": "N",
  "nombre": null,
  "cedula": null,
  "idEstadoJuicio": null,
  "nombreMateria": null,
  "nombreEstadoJuicio": null,
  "nombreJudicatura": null,
  "nombreTipoResolucion": null,
  "nombreTipoAccion": null,
  "fechaProvidencia": null,
  "nombreProvidencia": null,
  "nombreProvincia": null,
  "incidentes": [
    {
      "idJudicatura": "09286",
      "nombreJudicatura": "UNIDAD JUDICIAL NORTE 2 PENAL CON SEDE EN EL CANTÓN GUAYAQUIL, PROVINCIA DEL GUAYAS",
      "ciudad": "GUAYAQUIL",
      "lstIncidenteJudicatura": [
        {
          "idIncidenteJudicatura": 19689160,
          "idMovimientoJuicioIncidente": 19163241,
          "idJudicaturaDestino": "09286",
          "fechaCrea": "22/08/2017 11:01",
          "incidente": 1,
          "lstLitiganteActor": [
            {
              "tipoLitigante": "VICTIMA O DENUNCIANTE",
              "nombresLitigante": "TORRES PUGAS FLERIDA MARGARITA",
              "representadoPor": "TORRES PUGAS FLERIDA MARGARITA",
              "idLitigante": 32915829
            }
          ],
          "lstLitiganteDemandado": [
            {
              "tipoLitigante": "PERSONA CONTRAVENTORA/IMPUGNANTE",
              "nombresLitigante": "CUERO BARREZUETA MICHAEL",
              "representadoPor": "CUERO BARREZUETA MICHAEL",
              "idLitigante": 32915837
            }
          ],
          "litiganteActor": null,
          "litiganteDemandado": null
        }
      ]
    }
  ]
}