{
  "0": {
    "id": 1,
    "idJuicio": "09284201600055 ",
    "estadoActual": null,
    "idMateria": 29,
    "idProvincia": null,
    "idCanton": null,
    "idJudicatura": null,
    "nombreDelito": "396 Contravenciones de cuarta clase, inc.1, num. 4",
    "fechaIngreso": "2016-01-05T20:31:48.007+00:00",
    "iEDocumentoAdjunto": "N",
    "nombre": null,
    "cedula": null,
    "idEstadoJuicio": null,
    "nombreMateria": "CONTRAVENCIONES COIP",
    "nombreEstadoJuicio": null,
    "nombreJudicatura": null,
    "nombreTipoResolucion": null,
    "nombreTipoAccion": "CONTRAVENCIONES PENALES",
    "fechaProvidencia": null,
    "nombreProvidencia": null,
    "nombreProvincia": null
  },
  "id": 2,
  "idJuicio": "09284201600055 ",
  "estadoActual": "A",
  "idMateria": 29,
  "idProvincia": null,
  "idCanton": null,
  "idJudicatura": null,
  "nombreDelito": "396 CONTRAVENCIONES DE CUARTA CLASE, INC.1, NUM. 4",
  "fechaIngreso": "2016-01-05T20:31:48.007+00:00",
  "iEDocumentoAdjunto": "N",
  "nombre": null,
  "cedula": null,
  "idEstadoJuicio": null,
  "nombreMateria": null,
  "nombreEstadoJuicio": null,
  "nombreJudicatura": null,
  "nombreTipoResolucion": null,
  "nombreTipoAccion": null,
  "fechaProvidencia": null,
  "nombreProvidencia": null,
  "nombreProvincia": null,
  "incidentes": [
    {
      "idJudicatura": "09284",
      "nombreJudicatura": "UNIDAD JUDICIAL SUR PENAL CON SEDE EN EL CANTÓN GUAYAQUIL, PROVINCIA DEL GUAYAS",
      "ciudad": "GUAYAQUIL",
      "lstIncidenteJudicatura": [
        {
          "idIncidenteJudicatura": 2119777,
          "idMovimientoJuicioIncidente": 16479058,
          "idJudicaturaDestino": "09284",
          "fechaCrea": "05/01/2016 15:31",
          "incidente": 1,
          "lstLitiganteActor": [
            {
              "tipoLitigante": "ACTOR",
              "nombresLitigante": "DELGADO MUENTES MARILIN AUXILIADORA",
              "representadoPor": "DELGADO MUENTES MARILIN AUXILIADORA",
              "idLitigante": 29473974
            },
            {
              "tipoLitigante": "ACTOR",
              "nombresLitigante": "MUENTES PICO NILA CASILDA",
              "representadoPor": "MUENTES PICO NILA CASILDA",
              "idLitigante": 29473965
            }
          ],
          "lstLitiganteDemandado": [
            {
              "tipoLitigante": "DEMANDADO",
              "nombresLitigante": "ANDRADE ALVARADO MARTHA LORENA",
              "representadoPor": "ANDRADE ALVARADO MARTHA LORENA",
              "idLitigante": 29473983
            }
          ],
          "litiganteActor": null,
          "litiganteDemandado": null
        }
      ]
    }
  ]
}