{
  "0": {
    "id": 1,
    "idJuicio": "09287201901603 ",
    "estadoActual": null,
    "idMateria": 28,
    "idProvincia": null,
    "idCanton": null,
    "idJudicatura": null,
    "nombreDelito": "390 CONTRAVENCIONES DE TRÁNSITO DE QUINTA CLASE, INC.1, NUM. 11",
    "fechaIngreso": "2019-08-26T20:45:48.340+00:00",
    "iEDocumentoAdjunto": "N",
    "nombre": null,
    "cedula": null,
    "idEstadoJuicio": null,
    "nombreMateria": "TRÁNSITO COIP",
    "nombreEstadoJuicio": null,
    "nombreJudicatura": null,
    "nombreTipoResolucion": null,
    "nombreTipoAccion": "CONTRAVENCIONES DE TRÁNSITO",
    "fechaProvidencia": null,
    "nombreProvidencia": null,
    "nombreProvincia": null
  },
  "id": 1,
  "idJuicio": "09287201901603 ",
  "estadoActual": "A",
  "idMateria": 28,
  "idProvincia": null,
  "idCanton": null,
  "idJudicatura": null,
  "nombreDelito": "390 CONTRAVENCIONES DE TRÁNSITO DE QUINTA CLASE, INC.1, NUM. 11",
  "fechaIngreso": "2019-08-26T20:45:48.340+00:00",
  "iEDocumentoAdjunto": "N",
  "nombre": null,
  "cedula": null,
  "idEstadoJuicio": null,
  "nombreMateria": null,
  "nombreEstadoJuicio": null,
  "nombreJudicatura": null,
  "nombreTipoResolucion": null,
  "nombreTipoAccion": null,
  "fechaProvidencia": null,
  "nombreProvidencia": null,
  "nombreProvincia": null,
  "incidentes": [
    {
      "idJudicatura": "09287",
      "nombreJudicatura": "UNIDAD JUDICIAL PENAL CON SEDE EN EL CANTÓN DURÁN",
      "ciudad": "DURAN",
      "lstIncidenteJudicatura": [
        {
          "idIncidenteJudicatura": 21977435,
          "idMovimientoJuicioIncidente": 21125512,
          "idJudicaturaDestino": "09287",
          "fechaCrea": "26/08/2019 15:45",
          "incidente": 1,
          "lstLitiganteActor": [
            {
              "tipoLitigante": "PERSONA CONTRAVENTORA",
              "nombresLitigante": "LUCIO ALAVA JACINTO PELAYO",
              "representadoPor": "LUCIO ALAVA JACINTO PELAYO",
              "idLitigante": 33003861
            }
          ],
          "lstLitiganteDemandado": null,
          "litiganteActor": null,
          "litiganteDemandado": null
        }
      ]
    }
  ]
}