{
  "0": {
    "id": 1,
    "idJuicio": "09281202004446 ",
    "estadoActual": null,
    "idMateria": 9,
    "idProvincia": null,
    "idCanton": null,
    "idJudicatura": null,
    "nombreDelito": "ACCIÓN DE PROTECCIÓN",
    "fechaIngreso": "2020-12-07T15:11:49.860+00:00",
    "iEDocumentoAdjunto": "N",
    "nombre": null,
    "cedula": null,
    "idEstadoJuicio": null,
    "nombreMateria": "CONSTITUCIONAL",
    "nombreEstadoJuicio": null,
    "nombreJudicatura": null,
    "nombreTipoResolucion": null,
    "nombreTipoAccion": "GARANTÍAS JURISDICCIONALES DE LOS DERECHOS CONSTITUCIONALES           ",
    "fechaProvidencia": null,
    "nombreProvidencia": null,
    "nombreProvincia": null
  },
  "id": 2,
  "idJuicio": "09281202004446 ",
  "estadoActual": "A",
  "idMateria": 9,
  "idProvincia": null,
  "idCanton": null,
  "idJudicatura": null,
  "nombreDelito": "ACCIÓN DE PROTECCIÓN",
  "fechaIngreso": "2020-12-07T15:11:49.860+00:00",
  "iEDocumentoAdjunto": "N",
  "nombre": null,
  "cedula": null,
  "idEstadoJuicio": null,
  "nombreMateria": null,
  "nombreEstadoJuicio": null,
  "nombreJudicatura": null,
  "nombreTipoResolucion": null,
  "nombreTipoAccion": null,
  "fechaProvidencia": null,
  "nombreProvidencia": null,
  "nombreProvincia": null,
  "incidentes": [
    {
      "idJudicatura": "09281",
      "nombreJudicatura": "UNIDAD JUDICIAL DE GARANTÍAS PENALES CON COMPETENCIA EN DELITOS FLAGRANTES DE GUAYAQUIL PROVINCIA DE GUAYAS",
      "ciudad": "GUAYAQUIL",
      "lstIncidenteJudicatura": [
        {
          "idIncidenteJudicatura": 23416701,
          "idMovimientoJuicioIncidente": 22337966,
          "idJudicaturaDestino": "09281",
          "fechaCrea": "07/12/2020 10:11",
          "incidente": 1,
          "lstLitiganteActor": [
            {
              "tipoLitigante": "ACCIONANTE O PERSONA AFECTADA",
              "nombresLitigante": "PICO BARRIONUEVO MARCELO GUSTAVO",
              "representadoPor": "PICO BARRIONUEVO MARCELO GUSTAVO",
              "idLitigante": 37756661
            }
          ],
          "lstLitiganteDemandado": [
            {
              "tipoLitigante": "PERSONA O ENTIDAD ACCIONADA",
              "nombresLitigante": "laura pallmay hernandez de cajias",
              "representadoPor": "laura pallmay hernandez de cajias",
              "idLitigante": 37756690
            }
          ],
          "litiganteActor": null,
          "litiganteDemandado": null
        }
      ]
    }
  ]
}