{
  "0": {
    "id": 1,
    "idJuicio": "09286202100135G",
    "estadoActual": null,
    "idMateria": 27,
    "idProvincia": null,
    "idCanton": null,
    "idJudicatura": null,
    "nombreDelito": "ARCHIVO DE LA INVESTIGACIÓN PREVIA ART. 586",
    "fechaIngreso": "2021-01-06T14:55:24.007+00:00",
    "iEDocumentoAdjunto": "N",
    "nombre": null,
    "cedula": null,
    "idEstadoJuicio": null,
    "nombreMateria": "PENAL COIP",
    "nombreEstadoJuicio": null,
    "nombreJudicatura": null,
    "nombreTipoResolucion": null,
    "nombreTipoAccion": "INVESTIGACIÓN PREVIA",
    "fechaProvidencia": null,
    "nombreProvidencia": null,
    "nombreProvincia": null
  },
  "id": 1,
  "idJuicio": "09286202100135G",
  "estadoActual": "A",
  "idMateria": 27,
  "idProvincia": null,
  "idCanton": null,
  "idJudicatura": null,
  "nombreDelito": "ARCHIVO DE LA INVESTIGACIÓN PREVIA ART. 586",
  "fechaIngreso": "2021-01-06T14:55:24.007+00:00",
  "iEDocumentoAdjunto": "N",
  "nombre": null,
  "cedula": null,
  "idEstadoJuicio": null,
  "nombreMateria": null,
  "nombreEstadoJuicio": null,
  "nombreJudicatura": null,
  "nombreTipoResolucion": null,
  "nombreTipoAccion": null,
  "fechaProvidencia": null,
  "nombreProvidencia": null,
  "nombreProvincia": null,
  "incidentes": [
    {
      "idJudicatura": "09286",
      "nombreJudicatura": "UNIDAD JUDICIAL NORTE 2 PENAL CON SEDE EN EL CANTÓN GUAYAQUIL, PROVINCIA DEL GUAYAS",
      "ciudad": "GUAYAQUIL",
      "lstIncidenteJudicatura": [
        {
          "idIncidenteJudicatura": 23502252,
          "idMovimientoJuicioIncidente": 22422355,
          "idJudicaturaDestino": "09286",
          "fechaCrea": "06/01/2021 09:55",
          "incidente": 1,
          "lstLitiganteActor": [
            {
              "tipoLitigante": "VICTIMA O DENUNCIANTE",
              "nombresLitigante": "PICO BARRIONUEVO MARCELO GUSTAVO",
              "representadoPor": "PICO BARRIONUEVO MARCELO GUSTAVO",
              "idLitigante": 37756661
            },
            {
              "tipoLitigante": "FISCALÍA",
              "nombresLitigante": "FISCALIA GENERAL DEL ESTADO",
              "representadoPor": "FISCALIA GENERAL DEL ESTADO",
              "idLitigante": 36910474
            }
          ],
          "lstLitiganteDemandado": [
            {
              "tipoLitigante": "PERSONA INVESTIGADA",
              "nombresLitigante": "luisa herrera",
              "representadoPor": "luisa herrera",
              "idLitigante": 38012025
            }
          ],
          "litiganteActor": null,
          "litiganteDemandado": null
        }
      ]
    }
  ]
}