{
  "0": {
    "id": 1,
    "idJuicio": "09286202201337G",
    "estadoActual": null,
    "idMateria": 27,
    "idProvincia": null,
    "idCanton": null,
    "idJudicatura": null,
    "nombreDelito": "ARCHIVO DE LA INVESTIGACIÓN PREVIA ART. 586",
    "fechaIngreso": "2022-02-16T14:14:54.090+00:00",
    "iEDocumentoAdjunto": "N",
    "nombre": null,
    "cedula": null,
    "idEstadoJuicio": null,
    "nombreMateria": "PENAL COIP",
    "nombreEstadoJuicio": null,
    "nombreJudicatura": null,
    "nombreTipoResolucion": null,
    "nombreTipoAccion": "INVESTIGACIÓN PREVIA",
    "fechaProvidencia": null,
    "nombreProvidencia": null,
    "nombreProvincia": null
  },
  "id": 1,
  "idJuicio": "09286202201337G",
  "estadoActual": "A",
  "idMateria": 27,
  "idProvincia": null,
  "idCanton": null,
  "idJudicatura": null,
  "nombreDelito": "ARCHIVO DE LA INVESTIGACIÓN PREVIA ART. 586",
  "fechaIngreso": "2022-02-16T14:14:54.090+00:00",
  "iEDocumentoAdjunto": "N",
  "nombre": null,
  "cedula": null,
  "idEstadoJuicio": null,
  "nombreMateria": null,
  "nombreEstadoJuicio": null,
  "nombreJudicatura": null,
  "nombreTipoResolucion": null,
  "nombreTipoAccion": null,
  "fechaProvidencia": null,
  "nombreProvidencia": null,
  "nombreProvincia": null,
  "incidentes": [
    {
      "idJudicatura": "09286",
      "nombreJudicatura": "UNIDAD JUDICIAL NORTE 2 PENAL CON SEDE EN EL CANTÓN GUAYAQUIL, PROVINCIA DEL GUAYAS",
      "ciudad": "GUAYAQUIL",
      "lstIncidenteJudicatura": [
        {
          "idIncidenteJudicatura": 24842138,
          "idMovimientoJuicioIncidente": 23662412,
          "idJudicaturaDestino": "09286",
          "fechaCrea": "16/02/2022 09:14",
          "incidente": 1,
          "lstLitiganteActor": [
            {
              "tipoLitigante": "VICTIMA O DENUNCIANTE",
              "nombresLitigante": "FRIAS SACA GUSTAVO ALIRIO",
              "representadoPor": "FRIAS SACA GUSTAVO ALIRIO",
              "idLitigante": 39808252
            },
            {
              "tipoLitigante": "FISCALÍA",
              "nombresLitigante": "FISCALIA GENERAL DEL ESTADO",
              "representadoPor": "FISCALIA GENERAL DEL ESTADO",
              "idLitigante": 36906423
            }
          ],
          "lstLitiganteDemandado": null,
          "litiganteActor": null,
          "litiganteDemandado": null
        }
      ]
    }
  ]
}