{
  "0": {
    "id": 1,
    "idJuicio": "09284201310125 ",
    "estadoActual": null,
    "idMateria": 10,
    "idProvincia": null,
    "idCanton": null,
    "idJudicatura": null,
    "nombreDelito": "604 NUM .12) ARROJAR PIEDRAS U OTROS OBJETOS CON PELIGRO PARA LAS PERSONAS EN LUGARES PUBLICOS O EN PERJUICIOS DE CASA O EDIFICIOS                                                  ",
    "fechaIngreso": "2013-11-17T05:00:00.000+00:00",
    "iEDocumentoAdjunto": "N",
    "nombre": null,
    "cedula": null,
    "idEstadoJuicio": null,
    "nombreMateria": "CONTRAVENCIONES",
    "nombreEstadoJuicio": null,
    "nombreJudicatura": null,
    "nombreTipoResolucion": null,
    "nombreTipoAccion": "CONTRAVENCIONES PENALES DE PRIMERA CLASE",
    "fechaProvidencia": null,
    "nombreProvidencia": null,
    "nombreProvincia": null
  },
  "id": 3,
  "idJuicio": "09284201310125 ",
  "estadoActual": "A",
  "idMateria": 10,
  "idProvincia": null,
  "idCanton": null,
  "idJudicatura": null,
  "nombreDelito": "604 NUM .12) ARROJAR PIEDRAS U OTROS OBJETOS CON PELIGRO PARA LAS PERSONAS EN LUGARES PUBLICOS O EN PERJUICIOS DE CASA O EDIFICIOS                                                  ",
  "fechaIngreso": "2013-11-17T05:00:00.000+00:00",
  "iEDocumentoAdjunto": "N",
  "nombre": null,
  "cedula": null,
  "idEstadoJuicio": null,
  "nombreMateria": null,
  "nombreEstadoJuicio": null,
  "nombreJudicatura": null,
  "nombreTipoResolucion": null,
  "nombreTipoAccion": null,
  "fechaProvidencia": null,
  "nombreProvidencia": null,
  "nombreProvincia": null,
  "incidentes": [
    {
      "idJudicatura": "09284",
      "nombreJudicatura": "UNIDAD JUDICIAL SUR PENAL CON SEDE EN EL CANTÓN GUAYAQUIL, PROVINCIA DEL GUAYAS",
      "ciudad": "GUAYAQUIL",
      "lstIncidenteJudicatura": [
        {
          "idIncidenteJudicatura": 11261557,
          "idMovimientoJuicioIncidente": 8867539,
          "idJudicaturaDestino": "09284",
          "fechaCrea": "17/11/2013 00:00",
          "incidente": 1,
          "lstLitiganteActor": [
            {
              "tipoLitigante": "ACTOR",
              "nombresLitigante": "LINO CATAGUA ANGELA MARIA",
              "representadoPor": null,
              "idLitigante": 4096924
            }
          ],
          "lstLitiganteDemandado": [
            {
              "tipoLitigante": "DEMANDADO",
              "nombresLitigante": "BYRON AYOVI ALADINO",
              "representadoPor": null,
              "idLitigante": 17506612
            },
            {
              "tipoLitigante": "DEMANDADO",
              "nombresLitigante": "JEAN CARLOS AYOVI",
              "representadoPor": null,
              "idLitigante": 17506611
            },
            {
              "tipoLitigante": "DEMANDADO",
              "nombresLitigante": "GERMAN ALIAS PINGA",
              "representadoPor": null,
              "idLitigante": 17506610
            }
          ],
          "litiganteActor": null,
          "litiganteDemandado": null
        }
      ]
    }
  ]
}