{
  "0": {
    "id": 1,
    "idJuicio": "09285201603448G",
    "estadoActual": null,
    "idMateria": 27,
    "idProvincia": null,
    "idCanton": null,
    "idJudicatura": null,
    "nombreDelito": "ARCHIVO DE LA INVESTIGACIÓN PREVIA ART. 586",
    "fechaIngreso": "2016-07-14T13:12:30.610+00:00",
    "iEDocumentoAdjunto": "N",
    "nombre": null,
    "cedula": null,
    "idEstadoJuicio": null,
    "nombreMateria": "PENAL COIP",
    "nombreEstadoJuicio": null,
    "nombreJudicatura": null,
    "nombreTipoResolucion": null,
    "nombreTipoAccion": "INVESTIGACIÓN PREVIA",
    "fechaProvidencia": null,
    "nombreProvidencia": null,
    "nombreProvincia": null
  },
  "id": 1,
  "idJuicio": "09285201603448G",
  "estadoActual": "A",
  "idMateria": 27,
  "idProvincia": null,
  "idCanton": null,
  "idJudicatura": null,
  "nombreDelito": "ARCHIVO DE LA INVESTIGACIÓN PREVIA ART. 586",
  "fechaIngreso": "2016-07-14T13:12:30.610+00:00",
  "iEDocumentoAdjunto": "N",
  "nombre": null,
  "cedula": null,
  "idEstadoJuicio": null,
  "nombreMateria": null,
  "nombreEstadoJuicio": null,
  "nombreJudicatura": null,
  "nombreTipoResolucion": null,
  "nombreTipoAccion": null,
  "fechaProvidencia": null,
  "nombreProvidencia": null,
  "nombreProvincia": null,
  "incidentes": [
    {
      "idJudicatura": "09285",
      "nombreJudicatura": "UNIDAD JUDICIAL NORTE 1 PENAL CON SEDE EN EL CANTÓN GUAYAQUIL, PROVINCIA DEL GUAYAS",
      "ciudad": "GUAYAQUIL",
      "lstIncidenteJudicatura": [
        {
          "idIncidenteJudicatura": 18112311,
          "idMovimientoJuicioIncidente": 18119438,
          "idJudicaturaDestino": "09285",
          "fechaCrea": "14/07/2016 08:12",
          "incidente": 1,
          "lstLitiganteActor": [
            {
              "tipoLitigante": "FISCAL",
              "nombresLitigante": "YEPEZ BURGOS HERNAN ALBERTO",
              "representadoPor": "YEPEZ BURGOS HERNAN ALBERTO",
              "idLitigante": 28640363
            }
          ],
          "lstLitiganteDemandado": [
            {
              "tipoLitigante": "PERSONA INVESTIGADA",
              "nombresLitigante": "abogadA JUDY TUTIVEN GALVEZ, unidad ESPECIALIZADA EN PATRIMONIO CIUDADANO",
              "representadoPor": "abogadA JUDY TUTIVEN GALVEZ, unidad ESPECIALIZADA EN PATRIMONIO CIUDADANO",
              "idLitigante": 30719137
            }
          ],
          "litiganteActor": null,
          "litiganteDemandado": null
        }
      ]
    }
  ]
}