{
  "0": {
    "id": 1,
    "idJuicio": "09284201802225G",
    "estadoActual": null,
    "idMateria": 27,
    "idProvincia": null,
    "idCanton": null,
    "idJudicatura": null,
    "nombreDelito": "ARCHIVO DE LA INVESTIGACIÓN PREVIA ART. 586",
    "fechaIngreso": "2018-03-02T14:53:35.947+00:00",
    "iEDocumentoAdjunto": "N",
    "nombre": null,
    "cedula": null,
    "idEstadoJuicio": null,
    "nombreMateria": "PENAL COIP",
    "nombreEstadoJuicio": null,
    "nombreJudicatura": null,
    "nombreTipoResolucion": null,
    "nombreTipoAccion": "INVESTIGACIÓN PREVIA",
    "fechaProvidencia": null,
    "nombreProvidencia": null,
    "nombreProvincia": null
  },
  "id": 1,
  "idJuicio": "09284201802225G",
  "estadoActual": "A",
  "idMateria": 27,
  "idProvincia": null,
  "idCanton": null,
  "idJudicatura": null,
  "nombreDelito": "ARCHIVO DE LA INVESTIGACIÓN PREVIA ART. 586",
  "fechaIngreso": "2018-03-02T14:53:35.947+00:00",
  "iEDocumentoAdjunto": "N",
  "nombre": null,
  "cedula": null,
  "idEstadoJuicio": null,
  "nombreMateria": null,
  "nombreEstadoJuicio": null,
  "nombreJudicatura": null,
  "nombreTipoResolucion": null,
  "nombreTipoAccion": null,
  "fechaProvidencia": null,
  "nombreProvidencia": null,
  "nombreProvincia": null,
  "incidentes": [
    {
      "idJudicatura": "09284",
      "nombreJudicatura": "UNIDAD JUDICIAL SUR PENAL CON SEDE EN EL CANTÓN GUAYAQUIL, PROVINCIA DEL GUAYAS",
      "ciudad": "GUAYAQUIL",
      "lstIncidenteJudicatura": [
        {
          "idIncidenteJudicatura": 20492935,
          "idMovimientoJuicioIncidente": 19675854,
          "idJudicaturaDestino": "09284",
          "fechaCrea": "02/03/2018 09:53",
          "incidente": 1,
          "lstLitiganteActor": [
            {
              "tipoLitigante": "FISCALÍA",
              "nombresLitigante": "AB. MARJORIE ESCOBAR LIMONES – FISCAL TERCERO DE SOLUCIONES RAPIDAS",
              "representadoPor": "AB. MARJORIE ESCOBAR LIMONES – FISCAL TERCERO DE SOLUCIONES RAPIDAS",
              "idLitigante": 33761463
            },
            {
              "tipoLitigante": "VICTIMA O DENUNCIANTE",
              "nombresLitigante": "CARRILLO GARCIA MARIA CRISTINA",
              "representadoPor": "CARRILLO GARCIA MARIA CRISTINA",
              "idLitigante": 33761627
            }
          ],
          "lstLitiganteDemandado": [
            {
              "tipoLitigante": "PERSONA INVESTIGADA",
              "nombresLitigante": "luna arboleda marcia priscila-coronado alava luis",
              "representadoPor": "luna arboleda marcia priscila-coronado alava luis",
              "idLitigante": 33801499
            }
          ],
          "litiganteActor": null,
          "litiganteDemandado": null
        }
      ]
    }
  ]
}