{
  "0": {
    "id": 1,
    "idJuicio": "09284201909884G",
    "estadoActual": null,
    "idMateria": 27,
    "idProvincia": null,
    "idCanton": null,
    "idJudicatura": null,
    "nombreDelito": "ARCHIVO DE LA INVESTIGACIÓN PREVIA ART. 586",
    "fechaIngreso": "2019-10-23T16:01:42.663+00:00",
    "iEDocumentoAdjunto": "N",
    "nombre": null,
    "cedula": null,
    "idEstadoJuicio": null,
    "nombreMateria": "PENAL COIP",
    "nombreEstadoJuicio": null,
    "nombreJudicatura": null,
    "nombreTipoResolucion": null,
    "nombreTipoAccion": "INVESTIGACIÓN PREVIA",
    "fechaProvidencia": null,
    "nombreProvidencia": null,
    "nombreProvincia": null
  },
  "id": 1,
  "idJuicio": "09284201909884G",
  "estadoActual": "A",
  "idMateria": 27,
  "idProvincia": null,
  "idCanton": null,
  "idJudicatura": null,
  "nombreDelito": "ARCHIVO DE LA INVESTIGACIÓN PREVIA ART. 586",
  "fechaIngreso": "2019-10-23T16:01:42.663+00:00",
  "iEDocumentoAdjunto": "N",
  "nombre": null,
  "cedula": null,
  "idEstadoJuicio": null,
  "nombreMateria": null,
  "nombreEstadoJuicio": null,
  "nombreJudicatura": null,
  "nombreTipoResolucion": null,
  "nombreTipoAccion": null,
  "fechaProvidencia": null,
  "nombreProvidencia": null,
  "nombreProvincia": null,
  "incidentes": [
    {
      "idJudicatura": "09284",
      "nombreJudicatura": "UNIDAD JUDICIAL SUR PENAL CON SEDE EN EL CANTÓN GUAYAQUIL, PROVINCIA DEL GUAYAS",
      "ciudad": "GUAYAQUIL",
      "lstIncidenteJudicatura": [
        {
          "idIncidenteJudicatura": 22139926,
          "idMovimientoJuicioIncidente": 21283351,
          "idJudicaturaDestino": "09284",
          "fechaCrea": "23/10/2019 11:01",
          "incidente": 1,
          "lstLitiganteActor": [
            {
              "tipoLitigante": "VICTIMA O DENUNCIANTE",
              "nombresLitigante": "VALENCIA CEDEÑO LICSI NOEMI",
              "representadoPor": "VALENCIA CEDEÑO LICSI NOEMI",
              "idLitigante": 36247979
            },
            {
              "tipoLitigante": "FISCALÍA",
              "nombresLitigante": "FISCALIA GENERAL DEL ESTADO",
              "representadoPor": "FISCALIA GENERAL DEL ESTADO",
              "idLitigante": 36238802
            }
          ],
          "lstLitiganteDemandado": null,
          "litiganteActor": null,
          "litiganteDemandado": null
        }
      ]
    }
  ]
}