{
  "0": {
    "id": 1,
    "idJuicio": "09286201810729G",
    "estadoActual": null,
    "idMateria": 29,
    "idProvincia": null,
    "idCanton": null,
    "idJudicatura": null,
    "nombreDelito": "SOLICITUD DE OFICIO",
    "fechaIngreso": "2018-11-21T15:07:10.683+00:00",
    "iEDocumentoAdjunto": "N",
    "nombre": null,
    "cedula": null,
    "idEstadoJuicio": null,
    "nombreMateria": "CONTRAVENCIONES COIP",
    "nombreEstadoJuicio": null,
    "nombreJudicatura": null,
    "nombreTipoResolucion": null,
    "nombreTipoAccion": "DILIGENCIAS PREPROCESALES",
    "fechaProvidencia": null,
    "nombreProvidencia": null,
    "nombreProvincia": null
  },
  "id": 1,
  "idJuicio": "09286201810729G",
  "estadoActual": "A",
  "idMateria": 29,
  "idProvincia": null,
  "idCanton": null,
  "idJudicatura": null,
  "nombreDelito": "SOLICITUD DE OFICIO",
  "fechaIngreso": "2018-11-21T15:07:10.683+00:00",
  "iEDocumentoAdjunto": "N",
  "nombre": null,
  "cedula": null,
  "idEstadoJuicio": null,
  "nombreMateria": null,
  "nombreEstadoJuicio": null,
  "nombreJudicatura": null,
  "nombreTipoResolucion": null,
  "nombreTipoAccion": null,
  "fechaProvidencia": null,
  "nombreProvidencia": null,
  "nombreProvincia": null,
  "incidentes": [
    {
      "idJudicatura": "09286",
      "nombreJudicatura": "UNIDAD JUDICIAL NORTE 2 PENAL CON SEDE EN EL CANTÓN GUAYAQUIL, PROVINCIA DEL GUAYAS",
      "ciudad": "GUAYAQUIL",
      "lstIncidenteJudicatura": [
        {
          "idIncidenteJudicatura": 21204114,
          "idMovimientoJuicioIncidente": 20367581,
          "idJudicaturaDestino": "09286",
          "fechaCrea": "21/11/2018 10:07",
          "incidente": 1,
          "lstLitiganteActor": [
            {
              "tipoLitigante": "PETICIONARIO",
              "nombresLitigante": "PIN CHOEZ MARTHA DALIS",
              "representadoPor": "PIN CHOEZ MARTHA DALIS",
              "idLitigante": 34868063
            }
          ],
          "lstLitiganteDemandado": null,
          "litiganteActor": null,
          "litiganteDemandado": null
        }
      ]
    }
  ]
}