{
  "0": {
    "id": 1,
    "idJuicio": "09284202300264 ",
    "estadoActual": null,
    "idMateria": 29,
    "idProvincia": null,
    "idCanton": null,
    "idJudicatura": null,
    "nombreDelito": "396 CONTRAVENCIONES DE CUARTA CLASE, INC.1, NUM. 4",
    "fechaIngreso": "2023-03-07T16:47:26.317+00:00",
    "iEDocumentoAdjunto": "N",
    "nombre": null,
    "cedula": null,
    "idEstadoJuicio": null,
    "nombreMateria": "CONTRAVENCIONES COIP",
    "nombreEstadoJuicio": null,
    "nombreJudicatura": null,
    "nombreTipoResolucion": null,
    "nombreTipoAccion": "CONTRAVENCIONES PENALES",
    "fechaProvidencia": null,
    "nombreProvidencia": null,
    "nombreProvincia": null
  },
  "id": 1,
  "idJuicio": "09284202300264 ",
  "estadoActual": "A",
  "idMateria": 29,
  "idProvincia": null,
  "idCanton": null,
  "idJudicatura": null,
  "nombreDelito": "396 CONTRAVENCIONES DE CUARTA CLASE, INC.1, NUM. 4",
  "fechaIngreso": "2023-03-07T16:47:26.317+00:00",
  "iEDocumentoAdjunto": "N",
  "nombre": null,
  "cedula": null,
  "idEstadoJuicio": null,
  "nombreMateria": null,
  "nombreEstadoJuicio": null,
  "nombreJudicatura": null,
  "nombreTipoResolucion": null,
  "nombreTipoAccion": null,
  "fechaProvidencia": null,
  "nombreProvidencia": null,
  "nombreProvincia": null,
  "incidentes": [
    {
      "idJudicatura": "09284",
      "nombreJudicatura": "UNIDAD JUDICIAL SUR PENAL CON SEDE EN EL CANTÓN GUAYAQUIL, PROVINCIA DEL GUAYAS",
      "ciudad": "GUAYAQUIL",
      "lstIncidenteJudicatura": [
        {
          "idIncidenteJudicatura": 26130779,
          "idMovimientoJuicioIncidente": 24774429,
          "idJudicaturaDestino": "09284",
          "fechaCrea": "07/03/2023 11:47",
          "incidente": 1,
          "lstLitiganteActor": [
            {
              "tipoLitigante": "VICTIMA O DENUNCIANTE",
              "nombresLitigante": "ANDINO PAGALO BELEN NAYELI",
              "representadoPor": "ANDINO PAGALO BELEN NAYELI",
              "idLitigante": 41065673
            }
          ],
          "lstLitiganteDemandado": [
            {
              "tipoLitigante": "PERSONA CONTRAVENTORA",
              "nombresLitigante": "valenzuela benitez jennifer mariuxi",
              "representadoPor": "valenzuela benitez jennifer mariuxi",
              "idLitigante": 41065708
            }
          ],
          "litiganteActor": null,
          "litiganteDemandado": null
        }
      ]
    }
  ]
}