{
  "0": {
    "id": 1,
    "idJuicio": "09286201803546 ",
    "estadoActual": null,
    "idMateria": 27,
    "idProvincia": null,
    "idCanton": null,
    "idJudicatura": null,
    "nombreDelito": "140 ASESINATO, INC.1, NUM. 2",
    "fechaIngreso": "2018-10-04T18:03:04.310+00:00",
    "iEDocumentoAdjunto": "N",
    "nombre": null,
    "cedula": null,
    "idEstadoJuicio": null,
    "nombreMateria": "PENAL COIP",
    "nombreEstadoJuicio": null,
    "nombreJudicatura": null,
    "nombreTipoResolucion": null,
    "nombreTipoAccion": "ACCIÓN PENAL PÚBLICA",
    "fechaProvidencia": null,
    "nombreProvidencia": null,
    "nombreProvincia": null
  },
  "id": 1,
  "idJuicio": "09286201803546 ",
  "estadoActual": "A",
  "idMateria": 27,
  "idProvincia": null,
  "idCanton": null,
  "idJudicatura": null,
  "nombreDelito": "140 ASESINATO, INC.1, NUM. 2",
  "fechaIngreso": "2018-10-04T18:03:04.310+00:00",
  "iEDocumentoAdjunto": "N",
  "nombre": null,
  "cedula": null,
  "idEstadoJuicio": null,
  "nombreMateria": null,
  "nombreEstadoJuicio": null,
  "nombreJudicatura": null,
  "nombreTipoResolucion": null,
  "nombreTipoAccion": null,
  "fechaProvidencia": null,
  "nombreProvidencia": null,
  "nombreProvincia": null,
  "incidentes": [
    {
      "idJudicatura": "09124",
      "nombreJudicatura": "SALA ESPECILIZADA DE LO PENAL, PENAL MILITAR, PENAL POLICIAL Y TRÁNSITO DE LA CORTE PROVINCIAL DE JUSTICIA DE GUAYAS",
      "ciudad": "GUAYAQUIL",
      "lstIncidenteJudicatura": [
        {
          "idIncidenteJudicatura": 22380532,
          "idMovimientoJuicioIncidente": 21495226,
          "idJudicaturaDestino": "09124",
          "fechaCrea": "07/01/2020 15:31",
          "incidente": 1,
          "lstLitiganteActor": [
            {
              "tipoLitigante": "FISCALÍA",
              "nombresLitigante": "FISCALIA GENERAL DEL ESTADO",
              "representadoPor": "FISCALIA GENERAL DEL ESTADO",
              "idLitigante": 36580373
            },
            {
              "tipoLitigante": "ACUSADOR PARTICULAR",
              "nombresLitigante": "RUIZ ALAVA DIGNA MARIA",
              "representadoPor": "RUIZ ALAVA DIGNA MARIA",
              "idLitigante": 35186586
            },
            {
              "tipoLitigante": "VICTIMA",
              "nombresLitigante": "SILVA MENENDEZ ELICIO ALBERTO",
              "representadoPor": "SILVA MENENDEZ ELICIO ALBERTO",
              "idLitigante": 34697694
            }
          ],
          "lstLitiganteDemandado": [
            {
              "tipoLitigante": "PERSONA PROCESADA",
              "nombresLitigante": "BOHORQUEZ BASTIDAS JHAIR ALEXANDER",
              "representadoPor": "BOHORQUEZ BASTIDAS JHAIR ALEXANDER",
              "idLitigante": 35062700
            },
            {
              "tipoLitigante": "PERSONA PROCESADA",
              "nombresLitigante": "LAYANA LOPEZ KATHLEEN ALEXANDRA",
              "representadoPor": "LAYANA LOPEZ KATHLEEN ALEXANDRA",
              "idLitigante": 34681219
            }
          ],
          "litiganteActor": null,
          "litiganteDemandado": null
        }
      ]
    },
    {
      "idJudicatura": "09286",
      "nombreJudicatura": "UNIDAD JUDICIAL NORTE 2 PENAL CON SEDE EN EL CANTÓN GUAYAQUIL, PROVINCIA DEL GUAYAS",
      "ciudad": "GUAYAQUIL",
      "lstIncidenteJudicatura": [
        {
          "idIncidenteJudicatura": 21078934,
          "idMovimientoJuicioIncidente": 20244626,
          "idJudicaturaDestino": "09286",
          "fechaCrea": "04/10/2018 13:03",
          "incidente": 1,
          "lstLitiganteActor": [
            {
              "tipoLitigante": "ACUSADOR PARTICULAR",
              "nombresLitigante": "RUIZ ALAVA DIGNA MARIA",
              "representadoPor": "RUIZ ALAVA DIGNA MARIA",
              "idLitigante": 35186586
            },
            {
              "tipoLitigante": "VICTIMA",
              "nombresLitigante": "SILVA MENENDEZ ELICIO ALBERTO",
              "representadoPor": "SILVA MENENDEZ ELICIO ALBERTO",
              "idLitigante": 34697694
            },
            {
              "tipoLitigante": "FISCALÍA",
              "nombresLitigante": "FISCALIA GENERAL DEL ESTADO",
              "representadoPor": "FISCALIA GENERAL DEL ESTADO",
              "idLitigante": 33989999
            }
          ],
          "lstLitiganteDemandado": [
            {
              "tipoLitigante": "PERSONA PROCESADA",
              "nombresLitigante": "BOHORQUEZ BASTIDAS JHAIR ALEXANDER",
              "representadoPor": "BOHORQUEZ BASTIDAS JHAIR ALEXANDER",
              "idLitigante": 35062700
            },
            {
              "tipoLitigante": "PERSONA PROCESADA",
              "nombresLitigante": "LAYANA LOPEZ KATHLEEN ALEXANDRA",
              "representadoPor": "LAYANA LOPEZ KATHLEEN ALEXANDRA",
              "idLitigante": 34681219
            }
          ],
          "litiganteActor": null,
          "litiganteDemandado": null
        }
      ]
    },
    {
      "idJudicatura": "09284",
      "nombreJudicatura": "UNIDAD JUDICIAL SUR PENAL CON SEDE EN EL CANTÓN GUAYAQUIL, PROVINCIA DEL GUAYAS",
      "ciudad": "GUAYAQUIL",
      "lstIncidenteJudicatura": [
        {
          "idIncidenteJudicatura": 21093276,
          "idMovimientoJuicioIncidente": 20244626,
          "idJudicaturaDestino": "09284",
          "fechaCrea": "10/10/2018 16:04",
          "incidente": 1,
          "lstLitiganteActor": [
            {
              "tipoLitigante": "ACUSADOR PARTICULAR",
              "nombresLitigante": "RUIZ ALAVA DIGNA MARIA",
              "representadoPor": "RUIZ ALAVA DIGNA MARIA",
              "idLitigante": 35186586
            },
            {
              "tipoLitigante": "VICTIMA",
              "nombresLitigante": "SILVA MENENDEZ ELICIO ALBERTO",
              "representadoPor": "SILVA MENENDEZ ELICIO ALBERTO",
              "idLitigante": 34697694
            },
            {
              "tipoLitigante": "FISCALÍA",
              "nombresLitigante": "FISCALIA GENERAL DEL ESTADO",
              "representadoPor": "FISCALIA GENERAL DEL ESTADO",
              "idLitigante": 33989999
            }
          ],
          "lstLitiganteDemandado": [
            {
              "tipoLitigante": "PERSONA PROCESADA",
              "nombresLitigante": "BOHORQUEZ BASTIDAS JHAIR ALEXANDER",
              "representadoPor": "BOHORQUEZ BASTIDAS JHAIR ALEXANDER",
              "idLitigante": 35062700
            },
            {
              "tipoLitigante": "PERSONA PROCESADA",
              "nombresLitigante": "LAYANA LOPEZ KATHLEEN ALEXANDRA",
              "representadoPor": "LAYANA LOPEZ KATHLEEN ALEXANDRA",
              "idLitigante": 34681219
            }
          ],
          "litiganteActor": null,
          "litiganteDemandado": null
        }
      ]
    },
    {
      "idJudicatura": "09901",
      "nombreJudicatura": "TRIBUNAL DE GARANTÍAS PENALES CON SEDE EN EL CANTÓN GUAYAQUIL",
      "ciudad": "GUAYAQUIL",
      "lstIncidenteJudicatura": [
        {
          "idIncidenteJudicatura": 21646645,
          "idMovimientoJuicioIncidente": 20802178,
          "idJudicaturaDestino": "09901",
          "fechaCrea": "06/05/2019 16:17",
          "incidente": 1,
          "lstLitiganteActor": [
            {
              "tipoLitigante": "ACUSADOR PARTICULAR",
              "nombresLitigante": "RUIZ ALAVA DIGNA MARIA",
              "representadoPor": "RUIZ ALAVA DIGNA MARIA",
              "idLitigante": 35186586
            },
            {
              "tipoLitigante": "VICTIMA",
              "nombresLitigante": "SILVA MENENDEZ ELICIO ALBERTO",
              "representadoPor": "SILVA MENENDEZ ELICIO ALBERTO",
              "idLitigante": 34697694
            },
            {
              "tipoLitigante": "FISCALÍA",
              "nombresLitigante": "FISCALIA GENERAL DEL ESTADO",
              "representadoPor": "FISCALIA GENERAL DEL ESTADO",
              "idLitigante": 33989999
            }
          ],
          "lstLitiganteDemandado": [
            {
              "tipoLitigante": "PERSONA PROCESADA",
              "nombresLitigante": "BOHORQUEZ BASTIDAS JHAIR ALEXANDER",
              "representadoPor": "BOHORQUEZ BASTIDAS JHAIR ALEXANDER",
              "idLitigante": 35062700
            },
            {
              "tipoLitigante": "PERSONA PROCESADA",
              "nombresLitigante": "LAYANA LOPEZ KATHLEEN ALEXANDRA",
              "representadoPor": "LAYANA LOPEZ KATHLEEN ALEXANDRA",
              "idLitigante": 34681219
            }
          ],
          "litiganteActor": null,
          "litiganteDemandado": null
        }
      ]
    }
  ]
}