{
  "0": {
    "id": 1,
    "idJuicio": "09290202000289 ",
    "estadoActual": null,
    "idMateria": 28,
    "idProvincia": null,
    "idCanton": null,
    "idJudicatura": null,
    "nombreDelito": "389 CONTRAVENCIONES DE TRÁNSITO DE CUARTA CLASE, INC.1, NUM. 6",
    "fechaIngreso": "2020-02-12T20:19:10.680+00:00",
    "iEDocumentoAdjunto": "N",
    "nombre": null,
    "cedula": null,
    "idEstadoJuicio": null,
    "nombreMateria": "TRÁNSITO COIP",
    "nombreEstadoJuicio": null,
    "nombreJudicatura": null,
    "nombreTipoResolucion": null,
    "nombreTipoAccion": "CONTRAVENCIONES DE TRÁNSITO",
    "fechaProvidencia": null,
    "nombreProvidencia": null,
    "nombreProvincia": null
  },
  "id": 5,
  "idJuicio": "09290202000289 ",
  "estadoActual": "A",
  "idMateria": 28,
  "idProvincia": null,
  "idCanton": null,
  "idJudicatura": null,
  "nombreDelito": "389 CONTRAVENCIONES DE TRÁNSITO DE CUARTA CLASE, INC.1, NUM. 6",
  "fechaIngreso": "2020-02-12T20:19:10.680+00:00",
  "iEDocumentoAdjunto": "N",
  "nombre": null,
  "cedula": null,
  "idEstadoJuicio": null,
  "nombreMateria": null,
  "nombreEstadoJuicio": null,
  "nombreJudicatura": null,
  "nombreTipoResolucion": null,
  "nombreTipoAccion": null,
  "fechaProvidencia": null,
  "nombreProvidencia": null,
  "nombreProvincia": null,
  "incidentes": [
    {
      "idJudicatura": "09290",
      "nombreJudicatura": "UNIDAD JUDICIAL MULTICOMPETENTE PENAL CON SEDE EN EL CANTÓN PLAYAS, PROVINCIA DE GUAYAS",
      "ciudad": "PLAYAS",
      "lstIncidenteJudicatura": [
        {
          "idIncidenteJudicatura": 22510235,
          "idMovimientoJuicioIncidente": 21621052,
          "idJudicaturaDestino": "09290",
          "fechaCrea": "12/02/2020 15:19",
          "incidente": 1,
          "lstLitiganteActor": [
            {
              "tipoLitigante": "PERSONA CONTRAVENTORA",
              "nombresLitigante": "LANDIVAR VELIZ CARLOS MANUEL",
              "representadoPor": "LANDIVAR VELIZ CARLOS MANUEL",
              "idLitigante": 36686856
            }
          ],
          "lstLitiganteDemandado": null,
          "litiganteActor": null,
          "litiganteDemandado": null
        }
      ]
    }
  ]
}