{
  "0": {
    "id": 1,
    "idJuicio": "09318201800088G",
    "estadoActual": null,
    "idMateria": 32,
    "idProvincia": null,
    "idCanton": null,
    "idJudicatura": null,
    "nombreDelito": "INSPECCIÓN PREPARATORIA",
    "fechaIngreso": "2018-02-02T16:43:44.960+00:00",
    "iEDocumentoAdjunto": "N",
    "nombre": null,
    "cedula": null,
    "idEstadoJuicio": null,
    "nombreMateria": "CIVIL",
    "nombreEstadoJuicio": null,
    "nombreJudicatura": null,
    "nombreTipoResolucion": null,
    "nombreTipoAccion": "DILIGENCIA PREPARATORIA",
    "fechaProvidencia": null,
    "nombreProvidencia": null,
    "nombreProvincia": null
  },
  "id": 3,
  "idJuicio": "09318201800088G",
  "estadoActual": "A",
  "idMateria": 32,
  "idProvincia": null,
  "idCanton": null,
  "idJudicatura": null,
  "nombreDelito": "INSPECCIÓN PREPARATORIA",
  "fechaIngreso": "2018-02-02T16:43:44.960+00:00",
  "iEDocumentoAdjunto": "N",
  "nombre": null,
  "cedula": null,
  "idEstadoJuicio": null,
  "nombreMateria": null,
  "nombreEstadoJuicio": null,
  "nombreJudicatura": null,
  "nombreTipoResolucion": null,
  "nombreTipoAccion": null,
  "fechaProvidencia": null,
  "nombreProvidencia": null,
  "nombreProvincia": null,
  "incidentes": [
    {
      "idJudicatura": "09318",
      "nombreJudicatura": "UNIDAD JUDICIAL MULTICOMPETENTE CON SEDE EN EL CANTÓN SAN JACINTO DE YAGUACHI, PROVINCIA DEL GUAYAS",
      "ciudad": "SAN JACINTO DE YAGUACHI",
      "lstIncidenteJudicatura": [
        {
          "idIncidenteJudicatura": 20424386,
          "idMovimientoJuicioIncidente": 19608752,
          "idJudicaturaDestino": "09318",
          "fechaCrea": "02/02/2018 11:43",
          "incidente": 1,
          "lstLitiganteActor": [
            {
              "tipoLitigante": "ACTOR",
              "nombresLitigante": "TAPIA AVILA LOTIS OTITA",
              "representadoPor": "TAPIA AVILA LOTIS OTITA",
              "idLitigante": 33650036
            }
          ],
          "lstLitiganteDemandado": [
            {
              "tipoLitigante": "DEMANDADO",
              "nombresLitigante": "ARREAGA MARIDUENA PLUTARCO ABDON",
              "representadoPor": "ARREAGA MARIDUENA PLUTARCO ABDON",
              "idLitigante": 33650078
            },
            {
              "tipoLitigante": "DEMANDADO",
              "nombresLitigante": "ARREAGA TRIANA AMPARITO ANNABEL",
              "representadoPor": "ARREAGA TRIANA AMPARITO ANNABEL",
              "idLitigante": 33650073
            }
          ],
          "litiganteActor": null,
          "litiganteDemandado": null
        }
      ]
    }
  ]
}