{
  "0": {
    "id": 1,
    "idJuicio": "09318201501276 ",
    "estadoActual": null,
    "idMateria": 2,
    "idProvincia": null,
    "idCanton": null,
    "idJudicatura": null,
    "nombreDelito": "EXTINCIÓN DE PATRIMONIO FAMILIAR",
    "fechaIngreso": "2015-09-11T13:47:33.403+00:00",
    "iEDocumentoAdjunto": "N",
    "nombre": null,
    "cedula": null,
    "idEstadoJuicio": null,
    "nombreMateria": "CIVIL NO_COGEP",
    "nombreEstadoJuicio": null,
    "nombreJudicatura": null,
    "nombreTipoResolucion": null,
    "nombreTipoAccion": "ESPECIAL                                                              ",
    "fechaProvidencia": null,
    "nombreProvidencia": null,
    "nombreProvincia": null
  },
  "id": 5,
  "idJuicio": "09318201501276 ",
  "estadoActual": "A",
  "idMateria": 2,
  "idProvincia": null,
  "idCanton": null,
  "idJudicatura": null,
  "nombreDelito": "EXTINCIÓN DE PATRIMONIO FAMILIAR",
  "fechaIngreso": "2015-09-11T13:47:33.403+00:00",
  "iEDocumentoAdjunto": "N",
  "nombre": null,
  "cedula": null,
  "idEstadoJuicio": null,
  "nombreMateria": null,
  "nombreEstadoJuicio": null,
  "nombreJudicatura": null,
  "nombreTipoResolucion": null,
  "nombreTipoAccion": null,
  "fechaProvidencia": null,
  "nombreProvidencia": null,
  "nombreProvincia": null,
  "incidentes": [
    {
      "idJudicatura": "09318",
      "nombreJudicatura": "UNIDAD JUDICIAL MULTICOMPETENTE CON SEDE EN EL CANTÓN SAN JACINTO DE YAGUACHI, PROVINCIA DEL GUAYAS",
      "ciudad": "SAN JACINTO DE YAGUACHI",
      "lstIncidenteJudicatura": [
        {
          "idIncidenteJudicatura": 14454737,
          "idMovimientoJuicioIncidente": 15879990,
          "idJudicaturaDestino": "09318",
          "fechaCrea": "11/09/2015 08:47",
          "incidente": 1,
          "lstLitiganteActor": [
            {
              "tipoLitigante": "ACTOR",
              "nombresLitigante": "CEVALLOS BAÑO LUPITA CECILIA",
              "representadoPor": "CEVALLOS BAÑO LUPITA CECILIA",
              "idLitigante": 28544666
            },
            {
              "tipoLitigante": "ACTOR",
              "nombresLitigante": "CHAVEZ MOREIRA HERIBERTO HERMEL",
              "representadoPor": "CHAVEZ MOREIRA HERIBERTO HERMEL",
              "idLitigante": 28544656
            }
          ],
          "lstLitiganteDemandado": null,
          "litiganteActor": null,
          "litiganteDemandado": null
        }
      ]
    }
  ]
}