{
  "0": {
    "id": 1,
    "idJuicio": "0932220110929  ",
    "estadoActual": null,
    "idMateria": 2,
    "idProvincia": null,
    "idCanton": null,
    "idJudicatura": null,
    "nombreDelito": "DIVORCIO LITIGIOSO                                                                                                                                                                  ",
    "fechaIngreso": "2011-08-18T05:00:00.000+00:00",
    "iEDocumentoAdjunto": "N",
    "nombre": null,
    "cedula": null,
    "idEstadoJuicio": null,
    "nombreMateria": "CIVIL NO_COGEP",
    "nombreEstadoJuicio": null,
    "nombreJudicatura": null,
    "nombreTipoResolucion": null,
    "nombreTipoAccion": "VERBAL SUMARIO                                                        ",
    "fechaProvidencia": null,
    "nombreProvidencia": null,
    "nombreProvincia": null
  },
  "id": 2,
  "idJuicio": "0932220110929  ",
  "estadoActual": "A",
  "idMateria": 2,
  "idProvincia": null,
  "idCanton": null,
  "idJudicatura": null,
  "nombreDelito": "DIVORCIO LITIGIOSO                                                                                                                                                                  ",
  "fechaIngreso": "2011-08-18T05:00:00.000+00:00",
  "iEDocumentoAdjunto": "N",
  "nombre": null,
  "cedula": null,
  "idEstadoJuicio": null,
  "nombreMateria": null,
  "nombreEstadoJuicio": null,
  "nombreJudicatura": null,
  "nombreTipoResolucion": null,
  "nombreTipoAccion": null,
  "fechaProvidencia": null,
  "nombreProvidencia": null,
  "nombreProvincia": null,
  "incidentes": [
    {
      "idJudicatura": "09322",
      "nombreJudicatura": "UNIDAD JUDICIAL MULTICOMPETENTE CON SEDE EN EL CANTÓN SALITRE DE LA PROVINCIA DEL GUAYAS",
      "ciudad": "SALITRE (URBINA JADO)",
      "lstIncidenteJudicatura": [
        {
          "idIncidenteJudicatura": 3439443,
          "idMovimientoJuicioIncidente": 5990516,
          "idJudicaturaDestino": "09322",
          "fechaCrea": "18/08/2011 00:00",
          "incidente": 1,
          "lstLitiganteActor": [
            {
              "tipoLitigante": "ACTOR",
              "nombresLitigante": "AGUILAR CASTRO MONICA ELIZABETH",
              "representadoPor": null,
              "idLitigante": 4822378
            }
          ],
          "lstLitiganteDemandado": [
            {
              "tipoLitigante": "DEMANDADO",
              "nombresLitigante": "MOSQUERA ROBLES JOSE GILBERTO",
              "representadoPor": null,
              "idLitigante": 17912209
            }
          ],
          "litiganteActor": null,
          "litiganteDemandado": null
        }
      ]
    }
  ]
}