{
  "0": {
    "id": 1,
    "idJuicio": "0932220120899  ",
    "estadoActual": null,
    "idMateria": 2,
    "idProvincia": null,
    "idCanton": null,
    "idJudicatura": null,
    "nombreDelito": "EXTINCION DE PATRIMONIO FAMILIAR                                                                                                                                                    ",
    "fechaIngreso": "2012-08-01T05:00:00.000+00:00",
    "iEDocumentoAdjunto": "N",
    "nombre": null,
    "cedula": null,
    "idEstadoJuicio": null,
    "nombreMateria": "CIVIL NO_COGEP",
    "nombreEstadoJuicio": null,
    "nombreJudicatura": null,
    "nombreTipoResolucion": null,
    "nombreTipoAccion": "ESPECIAL                                                              ",
    "fechaProvidencia": null,
    "nombreProvidencia": null,
    "nombreProvincia": null
  },
  "id": 1,
  "idJuicio": "0932220120899  ",
  "estadoActual": "A",
  "idMateria": 2,
  "idProvincia": null,
  "idCanton": null,
  "idJudicatura": null,
  "nombreDelito": "EXTINCION DE PATRIMONIO FAMILIAR                                                                                                                                                    ",
  "fechaIngreso": "2012-08-01T05:00:00.000+00:00",
  "iEDocumentoAdjunto": "N",
  "nombre": null,
  "cedula": null,
  "idEstadoJuicio": null,
  "nombreMateria": null,
  "nombreEstadoJuicio": null,
  "nombreJudicatura": null,
  "nombreTipoResolucion": null,
  "nombreTipoAccion": null,
  "fechaProvidencia": null,
  "nombreProvidencia": null,
  "nombreProvincia": null,
  "incidentes": [
    {
      "idJudicatura": "09322",
      "nombreJudicatura": "UNIDAD JUDICIAL MULTICOMPETENTE CON SEDE EN EL CANTÓN SALITRE DE LA PROVINCIA DEL GUAYAS",
      "ciudad": "SALITRE (URBINA JADO)",
      "lstIncidenteJudicatura": [
        {
          "idIncidenteJudicatura": 16077158,
          "idMovimientoJuicioIncidente": 6940721,
          "idJudicaturaDestino": "09322",
          "fechaCrea": "01/08/2012 00:00",
          "incidente": 1,
          "lstLitiganteActor": [
            {
              "tipoLitigante": "ACTOR",
              "nombresLitigante": "MEDINA SALVATIERRA NOLA MARINA",
              "representadoPor": null,
              "idLitigante": 4643188
            }
          ],
          "lstLitiganteDemandado": null,
          "litiganteActor": null,
          "litiganteDemandado": null
        }
      ]
    }
  ]
}