{
  "0": {
    "id": 1,
    "idJuicio": "0932220140965  ",
    "estadoActual": null,
    "idMateria": 2,
    "idProvincia": null,
    "idCanton": null,
    "idJudicatura": null,
    "nombreDelito": "EXTINCIÓN DE PATRIMONIO FAMILIAR                                                                                                                                                                                                                                                                                                                                                                                                                                                                                                                                                                                                                                                                                                                                                                                                                                                                                                    ",
    "fechaIngreso": "2014-09-24T05:00:00.000+00:00",
    "iEDocumentoAdjunto": "N",
    "nombre": null,
    "cedula": null,
    "idEstadoJuicio": null,
    "nombreMateria": "CIVIL NO_COGEP",
    "nombreEstadoJuicio": null,
    "nombreJudicatura": null,
    "nombreTipoResolucion": null,
    "nombreTipoAccion": "ESPECIAL                                                              ",
    "fechaProvidencia": null,
    "nombreProvidencia": null,
    "nombreProvincia": null
  },
  "id": 1,
  "idJuicio": "0932220140965  ",
  "estadoActual": "A",
  "idMateria": 2,
  "idProvincia": null,
  "idCanton": null,
  "idJudicatura": null,
  "nombreDelito": "EXTINCIÓN DE PATRIMONIO FAMILIAR                                                                                                                                                                                                                                                                                                                                                                                                                                                                                                                                                                                                                                                                                                                                                                                                                                                                                                    ",
  "fechaIngreso": "2014-09-24T05:00:00.000+00:00",
  "iEDocumentoAdjunto": "N",
  "nombre": null,
  "cedula": null,
  "idEstadoJuicio": null,
  "nombreMateria": null,
  "nombreEstadoJuicio": null,
  "nombreJudicatura": null,
  "nombreTipoResolucion": null,
  "nombreTipoAccion": null,
  "fechaProvidencia": null,
  "nombreProvidencia": null,
  "nombreProvincia": null,
  "incidentes": [
    {
      "idJudicatura": "09322",
      "nombreJudicatura": "UNIDAD JUDICIAL MULTICOMPETENTE CON SEDE EN EL CANTÓN SALITRE DE LA PROVINCIA DEL GUAYAS",
      "ciudad": "SALITRE (URBINA JADO)",
      "lstIncidenteJudicatura": [
        {
          "idIncidenteJudicatura": 2298901,
          "idMovimientoJuicioIncidente": 10357382,
          "idJudicaturaDestino": "09322",
          "fechaCrea": "24/09/2014 12:05",
          "incidente": 1,
          "lstLitiganteActor": [
            {
              "tipoLitigante": "ACTOR",
              "nombresLitigante": "MEZA ALCIVAR MARIANA ELIZABETH",
              "representadoPor": null,
              "idLitigante": 4682264
            },
            {
              "tipoLitigante": "ACTOR",
              "nombresLitigante": "URUCHIMA CUZCO CARLOS IVAN",
              "representadoPor": null,
              "idLitigante": 4682263
            }
          ],
          "lstLitiganteDemandado": [
            {
              "tipoLitigante": "DEMANDADO",
              "nombresLitigante": "",
              "representadoPor": null,
              "idLitigante": 17859758
            }
          ],
          "litiganteActor": null,
          "litiganteDemandado": null
        }
      ]
    }
  ]
}