{
  "0": {
    "id": 1,
    "idJuicio": "09322201500471 ",
    "estadoActual": null,
    "idMateria": 2,
    "idProvincia": null,
    "idCanton": null,
    "idJudicatura": null,
    "nombreDelito": "EXTINCIÓN DE PATRIMONIO FAMILIAR",
    "fechaIngreso": "2015-04-27T17:19:11.073+00:00",
    "iEDocumentoAdjunto": "N",
    "nombre": null,
    "cedula": null,
    "idEstadoJuicio": null,
    "nombreMateria": "CIVIL NO_COGEP",
    "nombreEstadoJuicio": null,
    "nombreJudicatura": null,
    "nombreTipoResolucion": null,
    "nombreTipoAccion": "ESPECIAL                                                              ",
    "fechaProvidencia": null,
    "nombreProvidencia": null,
    "nombreProvincia": null
  },
  "id": 1,
  "idJuicio": "09322201500471 ",
  "estadoActual": "A",
  "idMateria": 2,
  "idProvincia": null,
  "idCanton": null,
  "idJudicatura": null,
  "nombreDelito": "EXTINCIÓN DE PATRIMONIO FAMILIAR",
  "fechaIngreso": "2015-04-27T17:19:11.073+00:00",
  "iEDocumentoAdjunto": "N",
  "nombre": null,
  "cedula": null,
  "idEstadoJuicio": null,
  "nombreMateria": null,
  "nombreEstadoJuicio": null,
  "nombreJudicatura": null,
  "nombreTipoResolucion": null,
  "nombreTipoAccion": null,
  "fechaProvidencia": null,
  "nombreProvidencia": null,
  "nombreProvincia": null,
  "incidentes": [
    {
      "idJudicatura": "09322",
      "nombreJudicatura": "UNIDAD JUDICIAL MULTICOMPETENTE CON SEDE EN EL CANTÓN SALITRE DE LA PROVINCIA DEL GUAYAS",
      "ciudad": "SALITRE (URBINA JADO)",
      "lstIncidenteJudicatura": [
        {
          "idIncidenteJudicatura": 530735,
          "idMovimientoJuicioIncidente": 14936210,
          "idJudicaturaDestino": "09322",
          "fechaCrea": "27/04/2015 12:19",
          "incidente": 1,
          "lstLitiganteActor": [
            {
              "tipoLitigante": "ACTOR",
              "nombresLitigante": "HURTADO QUIÑONEZ KARINA YANEL",
              "representadoPor": "HURTADO QUIÑONEZ KARINA YANEL",
              "idLitigante": 27498882
            },
            {
              "tipoLitigante": "ACTOR",
              "nombresLitigante": "PINCAY RODRIGUEZ FERNANDO AGUSTIN",
              "representadoPor": "PINCAY RODRIGUEZ FERNANDO AGUSTIN",
              "idLitigante": 27498876
            }
          ],
          "lstLitiganteDemandado": null,
          "litiganteActor": null,
          "litiganteDemandado": null
        }
      ]
    }
  ]
}