{
  "0": {
    "id": 1,
    "idJuicio": "09332202101440 ",
    "estadoActual": null,
    "idMateria": 32,
    "idProvincia": null,
    "idCanton": null,
    "idJudicatura": null,
    "nombreDelito": "REINVINDICACIÓN",
    "fechaIngreso": "2021-02-03T18:23:34.337+00:00",
    "iEDocumentoAdjunto": "N",
    "nombre": null,
    "cedula": null,
    "idEstadoJuicio": null,
    "nombreMateria": "CIVIL",
    "nombreEstadoJuicio": null,
    "nombreJudicatura": null,
    "nombreTipoResolucion": null,
    "nombreTipoAccion": "ORDINARIO",
    "fechaProvidencia": null,
    "nombreProvidencia": null,
    "nombreProvincia": null
  },
  "id": 3,
  "idJuicio": "09332202101440 ",
  "estadoActual": "A",
  "idMateria": 32,
  "idProvincia": null,
  "idCanton": null,
  "idJudicatura": null,
  "nombreDelito": "REINVINDICACIÓN",
  "fechaIngreso": "2021-02-03T18:23:34.337+00:00",
  "iEDocumentoAdjunto": "N",
  "nombre": null,
  "cedula": null,
  "idEstadoJuicio": null,
  "nombreMateria": null,
  "nombreEstadoJuicio": null,
  "nombreJudicatura": null,
  "nombreTipoResolucion": null,
  "nombreTipoAccion": null,
  "fechaProvidencia": null,
  "nombreProvidencia": null,
  "nombreProvincia": null,
  "incidentes": [
    {
      "idJudicatura": "09332",
      "nombreJudicatura": "UNIDAD JUDICIAL CIVIL CON SEDE EN EL CANTÓN GUAYAQUIL",
      "ciudad": "GUAYAQUIL",
      "lstIncidenteJudicatura": [
        {
          "idIncidenteJudicatura": 23597105,
          "idMovimientoJuicioIncidente": 22515837,
          "idJudicaturaDestino": "09332",
          "fechaCrea": "03/02/2021 13:23",
          "incidente": 1,
          "lstLitiganteActor": [
            {
              "tipoLitigante": "ACTOR",
              "nombresLitigante": "CEDEÑO SANCHEZ MARIA ASUNCION",
              "representadoPor": "CEDEÑO SANCHEZ MARIA ASUNCION",
              "idLitigante": 37995963
            }
          ],
          "lstLitiganteDemandado": [
            {
              "tipoLitigante": "DEMANDADO",
              "nombresLitigante": "RODRIGUEZ CEDEÑO RAUL FERNANDO",
              "representadoPor": "RODRIGUEZ CEDEÑO RAUL FERNANDO",
              "idLitigante": 34826157
            }
          ],
          "litiganteActor": null,
          "litiganteDemandado": null
        }
      ]
    }
  ]
}