{
  "0": {
    "id": 1,
    "idJuicio": "09332201806116 ",
    "estadoActual": null,
    "idMateria": 34,
    "idProvincia": null,
    "idCanton": null,
    "idJudicatura": null,
    "nombreDelito": "TERMINACIÓN DE CONTRATO",
    "fechaIngreso": "2018-06-14T16:33:02.600+00:00",
    "iEDocumentoAdjunto": "N",
    "nombre": null,
    "cedula": null,
    "idEstadoJuicio": null,
    "nombreMateria": "INQUILINATO",
    "nombreEstadoJuicio": null,
    "nombreJudicatura": null,
    "nombreTipoResolucion": null,
    "nombreTipoAccion": "SUMARIO",
    "fechaProvidencia": null,
    "nombreProvidencia": null,
    "nombreProvincia": null
  },
  "id": 1,
  "idJuicio": "09332201806116 ",
  "estadoActual": "A",
  "idMateria": 34,
  "idProvincia": null,
  "idCanton": null,
  "idJudicatura": null,
  "nombreDelito": "TERMINACIÓN DE CONTRATO",
  "fechaIngreso": "2018-06-14T16:33:02.600+00:00",
  "iEDocumentoAdjunto": "N",
  "nombre": null,
  "cedula": null,
  "idEstadoJuicio": null,
  "nombreMateria": null,
  "nombreEstadoJuicio": null,
  "nombreJudicatura": null,
  "nombreTipoResolucion": null,
  "nombreTipoAccion": null,
  "fechaProvidencia": null,
  "nombreProvidencia": null,
  "nombreProvincia": null,
  "incidentes": [
    {
      "idJudicatura": "09332",
      "nombreJudicatura": "UNIDAD JUDICIAL CIVIL CON SEDE EN EL CANTÓN GUAYAQUIL",
      "ciudad": "GUAYAQUIL",
      "lstIncidenteJudicatura": [
        {
          "idIncidenteJudicatura": 20778338,
          "idMovimientoJuicioIncidente": 19948742,
          "idJudicaturaDestino": "09332",
          "fechaCrea": "14/06/2018 11:33",
          "incidente": 1,
          "lstLitiganteActor": [
            {
              "tipoLitigante": "ACTOR",
              "nombresLitigante": "BARRETO VACA EMILIA DEL PILAR",
              "representadoPor": "BARRETO VACA EMILIA DEL PILAR",
              "idLitigante": 34219166
            }
          ],
          "lstLitiganteDemandado": [
            {
              "tipoLitigante": "DEMANDADO",
              "nombresLitigante": "GARCIA MORA AGUSTINA ENRIQUETA",
              "representadoPor": "GARCIA MORA AGUSTINA ENRIQUETA",
              "idLitigante": 34219185
            }
          ],
          "litiganteActor": null,
          "litiganteDemandado": null
        }
      ]
    }
  ]
}