{
  "0": {
    "id": 1,
    "idJuicio": "09332202204593 ",
    "estadoActual": null,
    "idMateria": 32,
    "idProvincia": null,
    "idCanton": null,
    "idJudicatura": null,
    "nombreDelito": "COBRO DE LETRA DE CAMBIO",
    "fechaIngreso": "2022-04-07T16:35:10.557+00:00",
    "iEDocumentoAdjunto": "N",
    "nombre": null,
    "cedula": null,
    "idEstadoJuicio": null,
    "nombreMateria": "CIVIL",
    "nombreEstadoJuicio": null,
    "nombreJudicatura": null,
    "nombreTipoResolucion": null,
    "nombreTipoAccion": "EJECUTIVO",
    "fechaProvidencia": null,
    "nombreProvidencia": null,
    "nombreProvincia": null
  },
  "id": 1,
  "idJuicio": "09332202204593 ",
  "estadoActual": "A",
  "idMateria": 32,
  "idProvincia": null,
  "idCanton": null,
  "idJudicatura": null,
  "nombreDelito": "COBRO DE LETRA DE CAMBIO",
  "fechaIngreso": "2022-04-07T16:35:10.557+00:00",
  "iEDocumentoAdjunto": "N",
  "nombre": null,
  "cedula": null,
  "idEstadoJuicio": null,
  "nombreMateria": null,
  "nombreEstadoJuicio": null,
  "nombreJudicatura": null,
  "nombreTipoResolucion": null,
  "nombreTipoAccion": null,
  "fechaProvidencia": null,
  "nombreProvidencia": null,
  "nombreProvincia": null,
  "incidentes": [
    {
      "idJudicatura": "09U03",
      "nombreJudicatura": "UNIDAD JUDICIAL MULTICOMPETENTE EN MATERIA PENAL CON SEDE EN LA PARROQUIA SATÉLITE LA AURORA, CANTÓN DAULE, PROVINCIA DE GUAYAS.",
      "ciudad": "DAULE",
      "lstIncidenteJudicatura": [
        {
          "idIncidenteJudicatura": 26076071,
          "idMovimientoJuicioIncidente": 24720354,
          "idJudicaturaDestino": "09U03",
          "fechaCrea": "15/02/2023 16:12",
          "incidente": 2,
          "lstLitiganteActor": [
            {
              "tipoLitigante": "ACTOR",
              "nombresLitigante": "GARATE MORALES GEOVANNY GENARO",
              "representadoPor": "GARATE MORALES GEOVANNY GENARO",
              "idLitigante": 39817929
            }
          ],
          "lstLitiganteDemandado": [
            {
              "tipoLitigante": "DEMANDADO",
              "nombresLitigante": "ORDOÑEZ ANASTACIO NORA LIDIA",
              "representadoPor": "ORDOÑEZ ANASTACIO NORA LIDIA",
              "idLitigante": 34068980
            },
            {
              "tipoLitigante": "DEMANDADO",
              "nombresLitigante": "MONTESDEOCA ORDOÑEZ JOSE ISRAEL",
              "representadoPor": "MONTESDEOCA ORDOÑEZ JOSE ISRAEL",
              "idLitigante": 31752382
            }
          ],
          "litiganteActor": null,
          "litiganteDemandado": null
        }
      ]
    },
    {
      "idJudicatura": "09315",
      "nombreJudicatura": "UNIDAD JUDICIAL CIVIL CON SEDE EN EL CANTÓN DAULE",
      "ciudad": "DAULE",
      "lstIncidenteJudicatura": [
        {
          "idIncidenteJudicatura": 25456153,
          "idMovimientoJuicioIncidente": 24219539,
          "idJudicaturaDestino": "09315",
          "fechaCrea": "24/08/2022 16:20",
          "incidente": 2,
          "lstLitiganteActor": [
            {
              "tipoLitigante": "ACTOR",
              "nombresLitigante": "GARATE MORALES GEOVANNY GENARO",
              "representadoPor": "GARATE MORALES GEOVANNY GENARO",
              "idLitigante": 39817929
            }
          ],
          "lstLitiganteDemandado": [
            {
              "tipoLitigante": "DEMANDADO",
              "nombresLitigante": "ORDOÑEZ ANASTACIO NORA LIDIA",
              "representadoPor": "ORDOÑEZ ANASTACIO NORA LIDIA",
              "idLitigante": 34068980
            },
            {
              "tipoLitigante": "DEMANDADO",
              "nombresLitigante": "MONTESDEOCA ORDOÑEZ JOSE ISRAEL",
              "representadoPor": "MONTESDEOCA ORDOÑEZ JOSE ISRAEL",
              "idLitigante": 31752382
            }
          ],
          "litiganteActor": null,
          "litiganteDemandado": null
        }
      ]
    },
    {
      "idJudicatura": "09U02",
      "nombreJudicatura": "UNIDAD JUDICIAL MULTICOMPETENTE EN MATERIA NO PENAL CON SEDE EN LA PARROQUIA SATÉLITE LA AURORA, CANTÓN DAULE, PROVINCIA DE GUAYAS",
      "ciudad": "DAULE",
      "lstIncidenteJudicatura": [
        {
          "idIncidenteJudicatura": 26127965,
          "idMovimientoJuicioIncidente": 24771644,
          "idJudicaturaDestino": "09U02",
          "fechaCrea": "06/03/2023 15:44",
          "incidente": 2,
          "lstLitiganteActor": [
            {
              "tipoLitigante": "ACTOR",
              "nombresLitigante": "GARATE MORALES GEOVANNY GENARO",
              "representadoPor": "GARATE MORALES GEOVANNY GENARO",
              "idLitigante": 39817929
            }
          ],
          "lstLitiganteDemandado": [
            {
              "tipoLitigante": "DEMANDADO",
              "nombresLitigante": "ORDOÑEZ ANASTACIO NORA LIDIA",
              "representadoPor": "ORDOÑEZ ANASTACIO NORA LIDIA",
              "idLitigante": 34068980
            },
            {
              "tipoLitigante": "DEMANDADO",
              "nombresLitigante": "MONTESDEOCA ORDOÑEZ JOSE ISRAEL",
              "representadoPor": "MONTESDEOCA ORDOÑEZ JOSE ISRAEL",
              "idLitigante": 31752382
            }
          ],
          "litiganteActor": null,
          "litiganteDemandado": null
        }
      ]
    },
    {
      "idJudicatura": "09332",
      "nombreJudicatura": "UNIDAD JUDICIAL CIVIL CON SEDE EN EL CANTÓN GUAYAQUIL",
      "ciudad": "GUAYAQUIL",
      "lstIncidenteJudicatura": [
        {
          "idIncidenteJudicatura": 25004000,
          "idMovimientoJuicioIncidente": 23813629,
          "idJudicaturaDestino": "09332",
          "fechaCrea": "07/04/2022 11:35",
          "incidente": 1,
          "lstLitiganteActor": [
            {
              "tipoLitigante": "ACTOR",
              "nombresLitigante": "GARATE MORALES GEOVANNY GENARO",
              "representadoPor": "GARATE MORALES GEOVANNY GENARO",
              "idLitigante": 39817929
            }
          ],
          "lstLitiganteDemandado": [
            {
              "tipoLitigante": "DEMANDADO",
              "nombresLitigante": "ORDOÑEZ ANASTACIO NORA LIDIA",
              "representadoPor": "ORDOÑEZ ANASTACIO NORA LIDIA",
              "idLitigante": 34068980
            },
            {
              "tipoLitigante": "DEMANDADO",
              "nombresLitigante": "MONTESDEOCA ORDOÑEZ JOSE ISRAEL",
              "representadoPor": "MONTESDEOCA ORDOÑEZ JOSE ISRAEL",
              "idLitigante": 31752382
            }
          ],
          "litiganteActor": null,
          "litiganteDemandado": null
        }
      ]
    }
  ]
}