{
  "0": {
    "id": 1,
    "idJuicio": "0933320140580  ",
    "estadoActual": null,
    "idMateria": 5,
    "idProvincia": null,
    "idCanton": null,
    "idJudicatura": null,
    "nombreDelito": "INSCRIPCION DE CONTRATO DE ARRENDAMIENTO                                                                                                                                            ",
    "fechaIngreso": "2014-07-15T05:00:00.000+00:00",
    "iEDocumentoAdjunto": "N",
    "nombre": null,
    "cedula": null,
    "idEstadoJuicio": null,
    "nombreMateria": "INQUILINATO NO_COGEP",
    "nombreEstadoJuicio": null,
    "nombreJudicatura": null,
    "nombreTipoResolucion": null,
    "nombreTipoAccion": "TRÁMITE ESPECIAL                                                      ",
    "fechaProvidencia": null,
    "nombreProvidencia": null,
    "nombreProvincia": null
  },
  "id": 1,
  "idJuicio": "0933320140580  ",
  "estadoActual": "A",
  "idMateria": 5,
  "idProvincia": null,
  "idCanton": null,
  "idJudicatura": null,
  "nombreDelito": "INSCRIPCION DE CONTRATO DE ARRENDAMIENTO                                                                                                                                            ",
  "fechaIngreso": "2014-07-15T05:00:00.000+00:00",
  "iEDocumentoAdjunto": "N",
  "nombre": null,
  "cedula": null,
  "idEstadoJuicio": null,
  "nombreMateria": null,
  "nombreEstadoJuicio": null,
  "nombreJudicatura": null,
  "nombreTipoResolucion": null,
  "nombreTipoAccion": null,
  "fechaProvidencia": null,
  "nombreProvidencia": null,
  "nombreProvincia": null,
  "incidentes": [
    {
      "idJudicatura": "09333",
      "nombreJudicatura": "UNIDAD JUDICIAL MULTICOMPETENTE CON SEDE EN EL CANTÓN SAMBORONDÓN, PROVINCIA DEL GUAYAS",
      "ciudad": "SAMBORONDON",
      "lstIncidenteJudicatura": [
        {
          "idIncidenteJudicatura": 10439001,
          "idMovimientoJuicioIncidente": 10070684,
          "idJudicaturaDestino": "09333",
          "fechaCrea": "15/07/2014 00:00",
          "incidente": 1,
          "lstLitiganteActor": [
            {
              "tipoLitigante": "ACTOR",
              "nombresLitigante": "PILCO NAULA JANNETH ALEJANDRA",
              "representadoPor": null,
              "idLitigante": 4942704
            },
            {
              "tipoLitigante": "ACTOR",
              "nombresLitigante": "DIAZ AIDA PIEDAD-ARRENDADORA",
              "representadoPor": null,
              "idLitigante": 4942703
            },
            {
              "tipoLitigante": "ACTOR",
              "nombresLitigante": "CHIQUITO CHELE JUANA ANTONIA-ARRENDATARIA",
              "representadoPor": null,
              "idLitigante": 4942702
            }
          ],
          "lstLitiganteDemandado": null,
          "litiganteActor": null,
          "litiganteDemandado": null
        }
      ]
    }
  ]
}