{
  "0": {
    "id": 1,
    "idJuicio": "09332201600572 ",
    "estadoActual": null,
    "idMateria": 2,
    "idProvincia": null,
    "idCanton": null,
    "idJudicatura": null,
    "nombreDelito": "ACTAS DE TRANSACCIÓN U OTRAS QUE CONTENGAN OBLIGACIÓN DE DAR O HACER",
    "fechaIngreso": "2016-01-19T14:38:56.290+00:00",
    "iEDocumentoAdjunto": "N",
    "nombre": null,
    "cedula": null,
    "idEstadoJuicio": null,
    "nombreMateria": "CIVIL NO_COGEP",
    "nombreEstadoJuicio": null,
    "nombreJudicatura": null,
    "nombreTipoResolucion": null,
    "nombreTipoAccion": "EJECUTIVO                                                             ",
    "fechaProvidencia": null,
    "nombreProvidencia": null,
    "nombreProvincia": null
  },
  "id": 2,
  "idJuicio": "09332201600572 ",
  "estadoActual": "A",
  "idMateria": 2,
  "idProvincia": null,
  "idCanton": null,
  "idJudicatura": null,
  "nombreDelito": "ACTAS DE TRANSACCIÓN U OTRAS QUE CONTENGAN OBLIGACIÓN DE DAR O HACER",
  "fechaIngreso": "2016-01-19T14:38:56.290+00:00",
  "iEDocumentoAdjunto": "N",
  "nombre": null,
  "cedula": null,
  "idEstadoJuicio": null,
  "nombreMateria": null,
  "nombreEstadoJuicio": null,
  "nombreJudicatura": null,
  "nombreTipoResolucion": null,
  "nombreTipoAccion": null,
  "fechaProvidencia": null,
  "nombreProvidencia": null,
  "nombreProvincia": null,
  "incidentes": [
    {
      "idJudicatura": "09332",
      "nombreJudicatura": "UNIDAD JUDICIAL CIVIL CON SEDE EN EL CANTÓN GUAYAQUIL",
      "ciudad": "GUAYAQUIL",
      "lstIncidenteJudicatura": [
        {
          "idIncidenteJudicatura": 14072153,
          "idMovimientoJuicioIncidente": 16687809,
          "idJudicaturaDestino": "09332",
          "fechaCrea": "19/01/2016 09:38",
          "incidente": 1,
          "lstLitiganteActor": [
            {
              "tipoLitigante": "ACTOR",
              "nombresLitigante": "TORRES PROAÑO YESENNIA MONSERRATTE",
              "representadoPor": "TORRES PROAÑO YESENNIA MONSERRATTE",
              "idLitigante": 29186149
            }
          ],
          "lstLitiganteDemandado": [
            {
              "tipoLitigante": "DEMANDADO",
              "nombresLitigante": "JIMENEZ BRITO JOHNNY REINALDO EN CALIDAD DE VICE PRECIDENTE DE LA CIA. VERMIGLIO S.A.",
              "representadoPor": "JIMENEZ BRITO JOHNNY REINALDO EN CALIDAD DE VICE PRECIDENTE DE LA CIA. VERMIGLIO S.A.",
              "idLitigante": 29575179
            },
            {
              "tipoLitigante": "DEMANDADO",
              "nombresLitigante": "MAN HING LOPEZ FAUSTO JAVIER, EN CALIDAD DE GERENTE GENERAL CIA. VERMIGLIO S.A.",
              "representadoPor": "MAN HING LOPEZ FAUSTO JAVIER, EN CALIDAD DE GERENTE GENERAL CIA. VERMIGLIO S.A.",
              "idLitigante": 29575178
            },
            {
              "tipoLitigante": "DEMANDADO",
              "nombresLitigante": "CIA. VERMIGLIO S.A.",
              "representadoPor": "CIA. VERMIGLIO S.A.",
              "idLitigante": 29575177
            }
          ],
          "litiganteActor": null,
          "litiganteDemandado": null
        }
      ]
    }
  ]
}