{
  "0": {
    "id": 1,
    "idJuicio": "09332202111349 ",
    "estadoActual": null,
    "idMateria": 32,
    "idProvincia": null,
    "idCanton": null,
    "idJudicatura": null,
    "nombreDelito": "INCUMPLIMIENTO DE CONTRATO",
    "fechaIngreso": "2021-09-03T17:24:04.393+00:00",
    "iEDocumentoAdjunto": "N",
    "nombre": null,
    "cedula": null,
    "idEstadoJuicio": null,
    "nombreMateria": "CIVIL",
    "nombreEstadoJuicio": null,
    "nombreJudicatura": null,
    "nombreTipoResolucion": null,
    "nombreTipoAccion": "ORDINARIO",
    "fechaProvidencia": null,
    "nombreProvidencia": null,
    "nombreProvincia": null
  },
  "id": 4,
  "idJuicio": "09332202111349 ",
  "estadoActual": "A",
  "idMateria": 32,
  "idProvincia": null,
  "idCanton": null,
  "idJudicatura": null,
  "nombreDelito": "INCUMPLIMIENTO DE CONTRATO",
  "fechaIngreso": "2021-09-03T17:24:04.393+00:00",
  "iEDocumentoAdjunto": "N",
  "nombre": null,
  "cedula": null,
  "idEstadoJuicio": null,
  "nombreMateria": null,
  "nombreEstadoJuicio": null,
  "nombreJudicatura": null,
  "nombreTipoResolucion": null,
  "nombreTipoAccion": null,
  "fechaProvidencia": null,
  "nombreProvidencia": null,
  "nombreProvincia": null,
  "incidentes": [
    {
      "idJudicatura": "09332",
      "nombreJudicatura": "UNIDAD JUDICIAL CIVIL CON SEDE EN EL CANTÓN GUAYAQUIL",
      "ciudad": "GUAYAQUIL",
      "lstIncidenteJudicatura": [
        {
          "idIncidenteJudicatura": 24326292,
          "idMovimientoJuicioIncidente": 23182526,
          "idJudicaturaDestino": "09332",
          "fechaCrea": "03/09/2021 12:24",
          "incidente": 1,
          "lstLitiganteActor": [
            {
              "tipoLitigante": "ACTOR",
              "nombresLitigante": "SOLORZANO CEVALLOS SUSANA ISABEL",
              "representadoPor": "SOLORZANO CEVALLOS SUSANA ISABEL",
              "idLitigante": 35012439
            }
          ],
          "lstLitiganteDemandado": [
            {
              "tipoLitigante": "DEMANDADO",
              "nombresLitigante": "CHUCA CALI SEGUNDO VICENTE",
              "representadoPor": "CHUCA CALI SEGUNDO VICENTE",
              "idLitigante": 34131254
            }
          ],
          "litiganteActor": null,
          "litiganteDemandado": null
        }
      ]
    }
  ]
}