{
  "0": {
    "id": 1,
    "idJuicio": "09332202000025G",
    "estadoActual": null,
    "idMateria": 32,
    "idProvincia": null,
    "idCanton": null,
    "idJudicatura": null,
    "nombreDelito": "OTROS",
    "fechaIngreso": "2020-01-30T21:18:35.390+00:00",
    "iEDocumentoAdjunto": "N",
    "nombre": null,
    "cedula": null,
    "idEstadoJuicio": null,
    "nombreMateria": "CIVIL",
    "nombreEstadoJuicio": null,
    "nombreJudicatura": null,
    "nombreTipoResolucion": null,
    "nombreTipoAccion": "DILIGENCIA PREPARATORIA",
    "fechaProvidencia": null,
    "nombreProvidencia": null,
    "nombreProvincia": null
  },
  "id": 1,
  "idJuicio": "09332202000025G",
  "estadoActual": "A",
  "idMateria": 32,
  "idProvincia": null,
  "idCanton": null,
  "idJudicatura": null,
  "nombreDelito": "OTROS",
  "fechaIngreso": "2020-01-30T21:18:35.390+00:00",
  "iEDocumentoAdjunto": "N",
  "nombre": null,
  "cedula": null,
  "idEstadoJuicio": null,
  "nombreMateria": null,
  "nombreEstadoJuicio": null,
  "nombreJudicatura": null,
  "nombreTipoResolucion": null,
  "nombreTipoAccion": null,
  "fechaProvidencia": null,
  "nombreProvidencia": null,
  "nombreProvincia": null,
  "incidentes": [
    {
      "idJudicatura": "09332",
      "nombreJudicatura": "UNIDAD JUDICIAL CIVIL CON SEDE EN EL CANTÓN GUAYAQUIL",
      "ciudad": "GUAYAQUIL",
      "lstIncidenteJudicatura": [
        {
          "idIncidenteJudicatura": 22467283,
          "idMovimientoJuicioIncidente": 21579826,
          "idJudicaturaDestino": "09332",
          "fechaCrea": "30/01/2020 16:18",
          "incidente": 1,
          "lstLitiganteActor": [
            {
              "tipoLitigante": "SOLICITANTE",
              "nombresLitigante": "SACON ALMEIDA RAMON ZENEN",
              "representadoPor": "SACON ALMEIDA RAMON ZENEN",
              "idLitigante": 36653633
            }
          ],
          "lstLitiganteDemandado": [
            {
              "tipoLitigante": "SOLICITADO",
              "nombresLitigante": "electrosambo s.a.",
              "representadoPor": "electrosambo s.a.",
              "idLitigante": 36653655
            }
          ],
          "litiganteActor": null,
          "litiganteDemandado": null
        }
      ]
    }
  ]
}