{
  "0": {
    "id": 1,
    "idJuicio": "09332201813858 ",
    "estadoActual": null,
    "idMateria": 32,
    "idProvincia": null,
    "idCanton": null,
    "idJudicatura": null,
    "nombreDelito": "COBRO DE FACTURAS",
    "fechaIngreso": "2018-12-20T21:41:52.327+00:00",
    "iEDocumentoAdjunto": "N",
    "nombre": null,
    "cedula": null,
    "idEstadoJuicio": null,
    "nombreMateria": "CIVIL",
    "nombreEstadoJuicio": null,
    "nombreJudicatura": null,
    "nombreTipoResolucion": null,
    "nombreTipoAccion": "MONITORIO",
    "fechaProvidencia": null,
    "nombreProvidencia": null,
    "nombreProvincia": null
  },
  "id": 1,
  "idJuicio": "09332201813858 ",
  "estadoActual": "A",
  "idMateria": 32,
  "idProvincia": null,
  "idCanton": null,
  "idJudicatura": null,
  "nombreDelito": "COBRO DE FACTURAS",
  "fechaIngreso": "2018-12-20T21:41:52.327+00:00",
  "iEDocumentoAdjunto": "N",
  "nombre": null,
  "cedula": null,
  "idEstadoJuicio": null,
  "nombreMateria": null,
  "nombreEstadoJuicio": null,
  "nombreJudicatura": null,
  "nombreTipoResolucion": null,
  "nombreTipoAccion": null,
  "fechaProvidencia": null,
  "nombreProvidencia": null,
  "nombreProvincia": null,
  "incidentes": [
    {
      "idJudicatura": "09332",
      "nombreJudicatura": "UNIDAD JUDICIAL CIVIL CON SEDE EN EL CANTÓN GUAYAQUIL",
      "ciudad": "GUAYAQUIL",
      "lstIncidenteJudicatura": [
        {
          "idIncidenteJudicatura": 21292352,
          "idMovimientoJuicioIncidente": 20454431,
          "idJudicaturaDestino": "09332",
          "fechaCrea": "20/12/2018 16:41",
          "incidente": 1,
          "lstLitiganteActor": [
            {
              "tipoLitigante": "ACTOR",
              "nombresLitigante": "MARCILLO ANDRADE RAMON ANTONIO",
              "representadoPor": "MARCILLO ANDRADE RAMON ANTONIO",
              "idLitigante": 35020540
            },
            {
              "tipoLitigante": "ACTOR",
              "nombresLitigante": "MANTUANO PARRAGA TERESA RAMONA",
              "representadoPor": "MANTUANO PARRAGA TERESA RAMONA",
              "idLitigante": 34998530
            }
          ],
          "lstLitiganteDemandado": [
            {
              "tipoLitigante": "DEMANDADO",
              "nombresLitigante": "heimdaltrust administradora de fondos y fideicomisos s.a.",
              "representadoPor": "heimdaltrust administradora de fondos y fideicomisos s.a.",
              "idLitigante": 34998546
            },
            {
              "tipoLitigante": "DEMANDADO",
              "nombresLitigante": "fideicomiso emaulme credimetrica",
              "representadoPor": "fideicomiso emaulme credimetrica",
              "idLitigante": 34998528
            }
          ],
          "litiganteActor": null,
          "litiganteDemandado": null
        }
      ]
    }
  ]
}