{
  "0": {
    "id": 1,
    "idJuicio": "09332201916094 ",
    "estadoActual": null,
    "idMateria": 34,
    "idProvincia": null,
    "idCanton": null,
    "idJudicatura": null,
    "nombreDelito": "TERMINACIÓN DE CONTRATO",
    "fechaIngreso": "2019-12-27T15:51:28.240+00:00",
    "iEDocumentoAdjunto": "N",
    "nombre": null,
    "cedula": null,
    "idEstadoJuicio": null,
    "nombreMateria": "INQUILINATO",
    "nombreEstadoJuicio": null,
    "nombreJudicatura": null,
    "nombreTipoResolucion": null,
    "nombreTipoAccion": "SUMARIO",
    "fechaProvidencia": null,
    "nombreProvidencia": null,
    "nombreProvincia": null
  },
  "id": 1,
  "idJuicio": "09332201916094 ",
  "estadoActual": "A",
  "idMateria": 34,
  "idProvincia": null,
  "idCanton": null,
  "idJudicatura": null,
  "nombreDelito": "TERMINACIÓN DE CONTRATO",
  "fechaIngreso": "2019-12-27T15:51:28.240+00:00",
  "iEDocumentoAdjunto": "N",
  "nombre": null,
  "cedula": null,
  "idEstadoJuicio": null,
  "nombreMateria": null,
  "nombreEstadoJuicio": null,
  "nombreJudicatura": null,
  "nombreTipoResolucion": null,
  "nombreTipoAccion": null,
  "fechaProvidencia": null,
  "nombreProvidencia": null,
  "nombreProvincia": null,
  "incidentes": [
    {
      "idJudicatura": "09332",
      "nombreJudicatura": "UNIDAD JUDICIAL CIVIL CON SEDE EN EL CANTÓN GUAYAQUIL",
      "ciudad": "GUAYAQUIL",
      "lstIncidenteJudicatura": [
        {
          "idIncidenteJudicatura": 22357853,
          "idMovimientoJuicioIncidente": 21472987,
          "idJudicaturaDestino": "09332",
          "fechaCrea": "27/12/2019 10:51",
          "incidente": 1,
          "lstLitiganteActor": [
            {
              "tipoLitigante": "ACTOR",
              "nombresLitigante": "ZAMBRANO NAVARRETE MIGUEL ERACLIO",
              "representadoPor": "ZAMBRANO NAVARRETE MIGUEL ERACLIO",
              "idLitigante": 36492978
            }
          ],
          "lstLitiganteDemandado": [
            {
              "tipoLitigante": "DEMANDADO",
              "nombresLitigante": "MONTES NARVAEZ ANA DEL ROCIO",
              "representadoPor": "MONTES NARVAEZ ANA DEL ROCIO",
              "idLitigante": 36441930
            }
          ],
          "litiganteActor": null,
          "litiganteDemandado": null
        }
      ]
    }
  ]
}