{
  "0": {
    "id": 1,
    "idJuicio": "09332201424328 ",
    "estadoActual": null,
    "idMateria": 2,
    "idProvincia": null,
    "idCanton": null,
    "idJudicatura": null,
    "nombreDelito": "FACTURAS ART. 828 C.P.C                                                                                                                                                             ",
    "fechaIngreso": "2014-02-04T05:00:00.000+00:00",
    "iEDocumentoAdjunto": "N",
    "nombre": null,
    "cedula": null,
    "idEstadoJuicio": null,
    "nombreMateria": "CIVIL NO_COGEP",
    "nombreEstadoJuicio": null,
    "nombreJudicatura": null,
    "nombreTipoResolucion": null,
    "nombreTipoAccion": "VERBAL SUMARIO                                                        ",
    "fechaProvidencia": null,
    "nombreProvidencia": null,
    "nombreProvincia": null
  },
  "id": 1,
  "idJuicio": "09332201424328 ",
  "estadoActual": "A",
  "idMateria": 2,
  "idProvincia": null,
  "idCanton": null,
  "idJudicatura": null,
  "nombreDelito": "FACTURAS ART. 828 C.P.C                                                                                                                                                             ",
  "fechaIngreso": "2014-02-04T05:00:00.000+00:00",
  "iEDocumentoAdjunto": "N",
  "nombre": null,
  "cedula": null,
  "idEstadoJuicio": null,
  "nombreMateria": null,
  "nombreEstadoJuicio": null,
  "nombreJudicatura": null,
  "nombreTipoResolucion": null,
  "nombreTipoAccion": null,
  "fechaProvidencia": null,
  "nombreProvidencia": null,
  "nombreProvincia": null,
  "incidentes": [
    {
      "idJudicatura": "17230",
      "nombreJudicatura": "UNIDAD JUDICIAL CIVIL CON SEDE EN LA PARROQUIA IÑAQUITO DEL DISTRITO METROPOLITANO DE QUITO, PROVINCIA DE PICHINCHA",
      "ciudad": "QUITO",
      "lstIncidenteJudicatura": [
        {
          "idIncidenteJudicatura": 20796819,
          "idMovimientoJuicioIncidente": 19966962,
          "idJudicaturaDestino": "17230",
          "fechaCrea": "21/06/2018 11:07",
          "incidente": 2,
          "lstLitiganteActor": [
            {
              "tipoLitigante": "ACTOR",
              "nombresLitigante": "MARIA LUISA MARZO ARBOLEDA DE VELASCO",
              "representadoPor": "MARIA LUISA MARZO ARBOLEDA DE VELASCO",
              "idLitigante": 30412312
            },
            {
              "tipoLitigante": "ACTOR",
              "nombresLitigante": "CPA EDWARD HERRERA, PERITO",
              "representadoPor": "CPA EDWARD HERRERA, PERITO",
              "idLitigante": 4845387
            },
            {
              "tipoLitigante": "ACTOR",
              "nombresLitigante": "FRENOSEGURO CIA LTDA ING.RENATO AGUILAR",
              "representadoPor": "FRENOSEGURO CIA LTDA ING.RENATO AGUILAR",
              "idLitigante": 4845386
            }
          ],
          "lstLitiganteDemandado": [
            {
              "tipoLitigante": "DEMANDADO",
              "nombresLitigante": "VASCONEZ CALLEJAS SANTIAGO P.L..D.QR/ AUTOMEKANO CIA LTDA /",
              "representadoPor": "VASCONEZ CALLEJAS SANTIAGO P.L..D.QR/ AUTOMEKANO CIA LTDA /",
              "idLitigante": 18110736
            }
          ],
          "litiganteActor": null,
          "litiganteDemandado": null
        },
        {
          "idIncidenteJudicatura": 21160595,
          "idMovimientoJuicioIncidente": 20324752,
          "idJudicaturaDestino": "17230",
          "fechaCrea": "06/11/2018 14:57",
          "incidente": 3,
          "lstLitiganteActor": [
            {
              "tipoLitigante": "ACTOR",
              "nombresLitigante": "MARIA LUISA MARZO ARBOLEDA DE VELASCO",
              "representadoPor": "MARIA LUISA MARZO ARBOLEDA DE VELASCO",
              "idLitigante": 30412312
            },
            {
              "tipoLitigante": "ACTOR",
              "nombresLitigante": "CPA EDWARD HERRERA, PERITO",
              "representadoPor": "CPA EDWARD HERRERA, PERITO",
              "idLitigante": 4845387
            },
            {
              "tipoLitigante": "ACTOR",
              "nombresLitigante": "FRENOSEGURO CIA LTDA ING.RENATO AGUILAR",
              "representadoPor": "FRENOSEGURO CIA LTDA ING.RENATO AGUILAR",
              "idLitigante": 4845386
            }
          ],
          "lstLitiganteDemandado": [
            {
              "tipoLitigante": "DEMANDADO",
              "nombresLitigante": "VASCONEZ CALLEJAS SANTIAGO P.L..D.QR/ AUTOMEKANO CIA LTDA /",
              "representadoPor": "VASCONEZ CALLEJAS SANTIAGO P.L..D.QR/ AUTOMEKANO CIA LTDA /",
              "idLitigante": 18110736
            }
          ],
          "litiganteActor": null,
          "litiganteDemandado": null
        }
      ]
    },
    {
      "idJudicatura": "09332",
      "nombreJudicatura": "UNIDAD JUDICIAL CIVIL CON SEDE EN EL CANTÓN GUAYAQUIL",
      "ciudad": "GUAYAQUIL",
      "lstIncidenteJudicatura": [
        {
          "idIncidenteJudicatura": 6677604,
          "idMovimientoJuicioIncidente": 9375086,
          "idJudicaturaDestino": "09332",
          "fechaCrea": "04/02/2014 00:00",
          "incidente": 1,
          "lstLitiganteActor": [
            {
              "tipoLitigante": "ACTOR",
              "nombresLitigante": "MARIA LUISA MARZO ARBOLEDA DE VELASCO",
              "representadoPor": "MARIA LUISA MARZO ARBOLEDA DE VELASCO",
              "idLitigante": 30412312
            },
            {
              "tipoLitigante": "ACTOR",
              "nombresLitigante": "CPA EDWARD HERRERA, PERITO",
              "representadoPor": null,
              "idLitigante": 4845387
            },
            {
              "tipoLitigante": "ACTOR",
              "nombresLitigante": "FRENOSEGURO CIA LTDA ING.RENATO AGUILAR",
              "representadoPor": null,
              "idLitigante": 4845386
            }
          ],
          "lstLitiganteDemandado": [
            {
              "tipoLitigante": "DEMANDADO",
              "nombresLitigante": "VASCONEZ CALLEJAS SANTIAGO P.L..D.QR/ AUTOMEKANO CIA LTDA /",
              "representadoPor": null,
              "idLitigante": 18110736
            }
          ],
          "litiganteActor": null,
          "litiganteDemandado": null
        }
      ]
    }
  ]
}