{
  "0": {
    "id": 1,
    "idJuicio": "09332201513007 ",
    "estadoActual": null,
    "idMateria": 2,
    "idProvincia": null,
    "idCanton": null,
    "idJudicatura": null,
    "nombreDelito": "REQUERIMIENTO JUDICIAL",
    "fechaIngreso": "2015-12-03T17:38:22.667+00:00",
    "iEDocumentoAdjunto": "N",
    "nombre": null,
    "cedula": null,
    "idEstadoJuicio": null,
    "nombreMateria": "CIVIL NO_COGEP",
    "nombreEstadoJuicio": null,
    "nombreJudicatura": null,
    "nombreTipoResolucion": null,
    "nombreTipoAccion": "ESPECIAL                                                              ",
    "fechaProvidencia": null,
    "nombreProvidencia": null,
    "nombreProvincia": null
  },
  "id": 3,
  "idJuicio": "09332201513007 ",
  "estadoActual": "A",
  "idMateria": 2,
  "idProvincia": null,
  "idCanton": null,
  "idJudicatura": null,
  "nombreDelito": "REQUERIMIENTO JUDICIAL",
  "fechaIngreso": "2015-12-03T17:38:22.667+00:00",
  "iEDocumentoAdjunto": "N",
  "nombre": null,
  "cedula": null,
  "idEstadoJuicio": null,
  "nombreMateria": null,
  "nombreEstadoJuicio": null,
  "nombreJudicatura": null,
  "nombreTipoResolucion": null,
  "nombreTipoAccion": null,
  "fechaProvidencia": null,
  "nombreProvidencia": null,
  "nombreProvincia": null,
  "incidentes": [
    {
      "idJudicatura": "09332",
      "nombreJudicatura": "UNIDAD JUDICIAL CIVIL CON SEDE EN EL CANTÓN GUAYAQUIL",
      "ciudad": "GUAYAQUIL",
      "lstIncidenteJudicatura": [
        {
          "idIncidenteJudicatura": 15214676,
          "idMovimientoJuicioIncidente": 16305928,
          "idJudicaturaDestino": "09332",
          "fechaCrea": "03/12/2015 12:38",
          "incidente": 1,
          "lstLitiganteActor": [
            {
              "tipoLitigante": "ACTOR",
              "nombresLitigante": "TORRES PROAÑO YESENNIA MONSERRATTE",
              "representadoPor": "TORRES PROAÑO YESENNIA MONSERRATTE",
              "idLitigante": 29186149
            }
          ],
          "lstLitiganteDemandado": [
            {
              "tipoLitigante": "DEMANDADO",
              "nombresLitigante": "COMPAÑIA VERMIGLIO S.A",
              "representadoPor": "COMPAÑIA VERMIGLIO S.A",
              "idLitigante": 29186157
            }
          ],
          "litiganteActor": null,
          "litiganteDemandado": null
        }
      ]
    }
  ]
}