{
  "0": {
    "id": 1,
    "idJuicio": "09332202000188G",
    "estadoActual": null,
    "idMateria": 32,
    "idProvincia": null,
    "idCanton": null,
    "idJudicatura": null,
    "nombreDelito": "DECLARACIÓN DE PARTE",
    "fechaIngreso": "2020-12-03T14:23:43.810+00:00",
    "iEDocumentoAdjunto": "N",
    "nombre": null,
    "cedula": null,
    "idEstadoJuicio": null,
    "nombreMateria": "CIVIL",
    "nombreEstadoJuicio": null,
    "nombreJudicatura": null,
    "nombreTipoResolucion": null,
    "nombreTipoAccion": "DILIGENCIA PREPARATORIA",
    "fechaProvidencia": null,
    "nombreProvidencia": null,
    "nombreProvincia": null
  },
  "id": 1,
  "idJuicio": "09332202000188G",
  "estadoActual": "A",
  "idMateria": 32,
  "idProvincia": null,
  "idCanton": null,
  "idJudicatura": null,
  "nombreDelito": "DECLARACIÓN DE PARTE",
  "fechaIngreso": "2020-12-03T14:23:43.810+00:00",
  "iEDocumentoAdjunto": "N",
  "nombre": null,
  "cedula": null,
  "idEstadoJuicio": null,
  "nombreMateria": null,
  "nombreEstadoJuicio": null,
  "nombreJudicatura": null,
  "nombreTipoResolucion": null,
  "nombreTipoAccion": null,
  "fechaProvidencia": null,
  "nombreProvidencia": null,
  "nombreProvincia": null,
  "incidentes": [
    {
      "idJudicatura": "09332",
      "nombreJudicatura": "UNIDAD JUDICIAL CIVIL CON SEDE EN EL CANTÓN GUAYAQUIL",
      "ciudad": "GUAYAQUIL",
      "lstIncidenteJudicatura": [
        {
          "idIncidenteJudicatura": 23405766,
          "idMovimientoJuicioIncidente": 22327156,
          "idJudicaturaDestino": "09332",
          "fechaCrea": "03/12/2020 09:23",
          "incidente": 1,
          "lstLitiganteActor": [
            {
              "tipoLitigante": "SOLICITANTE",
              "nombresLitigante": "TAPIA AVILA LOTIS OTITA",
              "representadoPor": "TAPIA AVILA LOTIS OTITA",
              "idLitigante": 33650036
            }
          ],
          "lstLitiganteDemandado": [
            {
              "tipoLitigante": "SOLICITADO",
              "nombresLitigante": "BARQUET RENDON EDUARDO JOSE",
              "representadoPor": "BARQUET RENDON EDUARDO JOSE",
              "idLitigante": 27294947
            },
            {
              "tipoLitigante": "SOLICITADO",
              "nombresLitigante": "ROMERO BASTIDAS MARIVEL ADRIANGELA",
              "representadoPor": "ROMERO BASTIDAS MARIVEL ADRIANGELA",
              "idLitigante": 37741453
            }
          ],
          "litiganteActor": null,
          "litiganteDemandado": null
        }
      ]
    }
  ]
}