{
  "0": {
    "id": 1,
    "idJuicio": "09332202300459 ",
    "estadoActual": null,
    "idMateria": 32,
    "idProvincia": null,
    "idCanton": null,
    "idJudicatura": null,
    "nombreDelito": "PRESCRIPCIÓN EXTRAORDINARIA ADQUISITIVA DE DOMINIO",
    "fechaIngreso": "2023-01-13T19:23:13.267+00:00",
    "iEDocumentoAdjunto": "N",
    "nombre": null,
    "cedula": null,
    "idEstadoJuicio": null,
    "nombreMateria": "CIVIL",
    "nombreEstadoJuicio": null,
    "nombreJudicatura": null,
    "nombreTipoResolucion": null,
    "nombreTipoAccion": "ORDINARIO",
    "fechaProvidencia": null,
    "nombreProvidencia": null,
    "nombreProvincia": null
  },
  "id": 1,
  "idJuicio": "09332202300459 ",
  "estadoActual": "A",
  "idMateria": 32,
  "idProvincia": null,
  "idCanton": null,
  "idJudicatura": null,
  "nombreDelito": "PRESCRIPCIÓN EXTRAORDINARIA ADQUISITIVA DE DOMINIO",
  "fechaIngreso": "2023-01-13T19:23:13.267+00:00",
  "iEDocumentoAdjunto": "N",
  "nombre": null,
  "cedula": null,
  "idEstadoJuicio": null,
  "nombreMateria": null,
  "nombreEstadoJuicio": null,
  "nombreJudicatura": null,
  "nombreTipoResolucion": null,
  "nombreTipoAccion": null,
  "fechaProvidencia": null,
  "nombreProvidencia": null,
  "nombreProvincia": null,
  "incidentes": [
    {
      "idJudicatura": "09113",
      "nombreJudicatura": "SALA ESPECIALIZADA DE LO CIVIL Y MERCANTIL DE LA CORTE PROVINCIAL DE JUSTICIA DE GUAYAS",
      "ciudad": "GUAYAQUIL",
      "lstIncidenteJudicatura": [
        {
          "idIncidenteJudicatura": 26407460,
          "idMovimientoJuicioIncidente": 25047611,
          "idJudicaturaDestino": "09113",
          "fechaCrea": "30/05/2023 11:39",
          "incidente": 1,
          "lstLitiganteActor": [
            {
              "tipoLitigante": "ACTOR",
              "nombresLitigante": "PALMA MOSQUERA JUAN ALFONSO",
              "representadoPor": "PALMA MOSQUERA JUAN ALFONSO",
              "idLitigante": 40869876
            }
          ],
          "lstLitiganteDemandado": [
            {
              "tipoLitigante": "DEMANDADO",
              "nombresLitigante": "pedro gonzalo holguin rizo",
              "representadoPor": "pedro gonzalo holguin rizo",
              "idLitigante": 40869901
            }
          ],
          "litiganteActor": null,
          "litiganteDemandado": null
        }
      ]
    },
    {
      "idJudicatura": "09332",
      "nombreJudicatura": "UNIDAD JUDICIAL CIVIL CON SEDE EN EL CANTÓN GUAYAQUIL",
      "ciudad": "GUAYAQUIL",
      "lstIncidenteJudicatura": [
        {
          "idIncidenteJudicatura": 25971419,
          "idMovimientoJuicioIncidente": 24617080,
          "idJudicaturaDestino": "09332",
          "fechaCrea": "13/01/2023 14:23",
          "incidente": 1,
          "lstLitiganteActor": [
            {
              "tipoLitigante": "ACTOR",
              "nombresLitigante": "PALMA MOSQUERA JUAN ALFONSO",
              "representadoPor": "PALMA MOSQUERA JUAN ALFONSO",
              "idLitigante": 40869876
            }
          ],
          "lstLitiganteDemandado": [
            {
              "tipoLitigante": "DEMANDADO",
              "nombresLitigante": "pedro gonzalo holguin rizo",
              "representadoPor": "pedro gonzalo holguin rizo",
              "idLitigante": 40869901
            }
          ],
          "litiganteActor": null,
          "litiganteDemandado": null
        }
      ]
    }
  ]
}