{
  "0": {
    "id": 1,
    "idJuicio": "09332202308579 ",
    "estadoActual": null,
    "idMateria": 32,
    "idProvincia": null,
    "idCanton": null,
    "idJudicatura": null,
    "nombreDelito": "LAS ORDENADAS POR LEY (ART. 332 # 1)",
    "fechaIngreso": "2023-05-16T18:39:55.380+00:00",
    "iEDocumentoAdjunto": "N",
    "nombre": null,
    "cedula": null,
    "idEstadoJuicio": null,
    "nombreMateria": "CIVIL",
    "nombreEstadoJuicio": null,
    "nombreJudicatura": null,
    "nombreTipoResolucion": null,
    "nombreTipoAccion": "SUMARIO",
    "fechaProvidencia": null,
    "nombreProvidencia": null,
    "nombreProvincia": null
  },
  "id": 1,
  "idJuicio": "09332202308579 ",
  "estadoActual": "A",
  "idMateria": 32,
  "idProvincia": null,
  "idCanton": null,
  "idJudicatura": null,
  "nombreDelito": "LAS ORDENADAS POR LEY (ART. 332 # 1)",
  "fechaIngreso": "2023-05-16T18:39:55.380+00:00",
  "iEDocumentoAdjunto": "N",
  "nombre": null,
  "cedula": null,
  "idEstadoJuicio": null,
  "nombreMateria": null,
  "nombreEstadoJuicio": null,
  "nombreJudicatura": null,
  "nombreTipoResolucion": null,
  "nombreTipoAccion": null,
  "fechaProvidencia": null,
  "nombreProvidencia": null,
  "nombreProvincia": null,
  "incidentes": [
    {
      "idJudicatura": "09332",
      "nombreJudicatura": "UNIDAD JUDICIAL CIVIL CON SEDE EN EL CANTÓN GUAYAQUIL",
      "ciudad": "GUAYAQUIL",
      "lstIncidenteJudicatura": [
        {
          "idIncidenteJudicatura": 26362842,
          "idMovimientoJuicioIncidente": 25003530,
          "idJudicaturaDestino": "09332",
          "fechaCrea": "16/05/2023 13:39",
          "incidente": 1,
          "lstLitiganteActor": [
            {
              "tipoLitigante": "ACTOR",
              "nombresLitigante": "SOLORZANO CEVALLOS SUSANA ISABEL",
              "representadoPor": "SOLORZANO CEVALLOS SUSANA ISABEL",
              "idLitigante": 35012439
            }
          ],
          "lstLitiganteDemandado": [
            {
              "tipoLitigante": "DEMANDADO",
              "nombresLitigante": "procurador sindico de la m.i. municipalidad de guayaquil",
              "representadoPor": "procurador sindico de la m.i. municipalidad de guayaquil",
              "idLitigante": 41336282
            },
            {
              "tipoLitigante": "DEMANDADO",
              "nombresLitigante": "alcalde de la m.i. municipalidad de guayaquil",
              "representadoPor": "alcalde de la m.i. municipalidad de guayaquil",
              "idLitigante": 41336280
            },
            {
              "tipoLitigante": "DEMANDADO",
              "nombresLitigante": "señor director del servicio de rentas internas - sri",
              "representadoPor": "señor director del servicio de rentas internas - sri",
              "idLitigante": 41336278
            },
            {
              "tipoLitigante": "DEMANDADO",
              "nombresLitigante": "HERRERA PALMA NANCY MARITZA",
              "representadoPor": "HERRERA PALMA NANCY MARITZA",
              "idLitigante": 38277669
            },
            {
              "tipoLitigante": "DEMANDADO",
              "nombresLitigante": "GARCIA CHUCA GRACE KATIUSKA",
              "representadoPor": "GARCIA CHUCA GRACE KATIUSKA",
              "idLitigante": 38277663
            },
            {
              "tipoLitigante": "DEMANDADO",
              "nombresLitigante": "CHUCA MUÑOZ LUIS ANIBAL",
              "representadoPor": "CHUCA MUÑOZ LUIS ANIBAL",
              "idLitigante": 38277656
            },
            {
              "tipoLitigante": "DEMANDADO",
              "nombresLitigante": "TOLOZANO CHUCA ISABEL VICTORIA",
              "representadoPor": "TOLOZANO CHUCA ISABEL VICTORIA",
              "idLitigante": 38277649
            },
            {
              "tipoLitigante": "DEMANDADO",
              "nombresLitigante": "CHUCA MUÑOZ SEGUNDO EUGENIO",
              "representadoPor": "CHUCA MUÑOZ SEGUNDO EUGENIO",
              "idLitigante": 38277640
            },
            {
              "tipoLitigante": "DEMANDADO",
              "nombresLitigante": "CHUCA MUÑOZ WILFRIDO VICENTE",
              "representadoPor": "CHUCA MUÑOZ WILFRIDO VICENTE",
              "idLitigante": 30721692
            }
          ],
          "litiganteActor": null,
          "litiganteDemandado": null
        }
      ]
    }
  ]
}