{
  "0": {
    "id": 1,
    "idJuicio": "09332202011201 ",
    "estadoActual": null,
    "idMateria": 32,
    "idProvincia": null,
    "idCanton": null,
    "idJudicatura": null,
    "nombreDelito": "EJECUCIÓN DE ACTA DE MEDIACIÓN",
    "fechaIngreso": "2020-12-08T20:12:03.513+00:00",
    "iEDocumentoAdjunto": "N",
    "nombre": null,
    "cedula": null,
    "idEstadoJuicio": null,
    "nombreMateria": "CIVIL",
    "nombreEstadoJuicio": null,
    "nombreJudicatura": null,
    "nombreTipoResolucion": null,
    "nombreTipoAccion": "EJECUCIÓN",
    "fechaProvidencia": null,
    "nombreProvidencia": null,
    "nombreProvincia": null
  },
  "id": 1,
  "idJuicio": "09332202011201 ",
  "estadoActual": "A",
  "idMateria": 32,
  "idProvincia": null,
  "idCanton": null,
  "idJudicatura": null,
  "nombreDelito": "EJECUCIÓN DE ACTA DE MEDIACIÓN",
  "fechaIngreso": "2020-12-08T20:12:03.513+00:00",
  "iEDocumentoAdjunto": "N",
  "nombre": null,
  "cedula": null,
  "idEstadoJuicio": null,
  "nombreMateria": null,
  "nombreEstadoJuicio": null,
  "nombreJudicatura": null,
  "nombreTipoResolucion": null,
  "nombreTipoAccion": null,
  "fechaProvidencia": null,
  "nombreProvidencia": null,
  "nombreProvincia": null,
  "incidentes": [
    {
      "idJudicatura": "09332",
      "nombreJudicatura": "UNIDAD JUDICIAL CIVIL CON SEDE EN EL CANTÓN GUAYAQUIL",
      "ciudad": "GUAYAQUIL",
      "lstIncidenteJudicatura": [
        {
          "idIncidenteJudicatura": 23423195,
          "idMovimientoJuicioIncidente": 22344406,
          "idJudicaturaDestino": "09332",
          "fechaCrea": "08/12/2020 15:12",
          "incidente": 1,
          "lstLitiganteActor": [
            {
              "tipoLitigante": "ACTOR",
              "nombresLitigante": "OJEDA FLORES CHRISTIAN OMAR",
              "representadoPor": "OJEDA FLORES CHRISTIAN OMAR",
              "idLitigante": 37766261
            },
            {
              "tipoLitigante": "ACTOR",
              "nombresLitigante": "LEON PABON JUAN CARLOS",
              "representadoPor": "LEON PABON JUAN CARLOS",
              "idLitigante": 37766253
            }
          ],
          "lstLitiganteDemandado": [
            {
              "tipoLitigante": "DEMANDADO",
              "nombresLitigante": "COOPERATIVA DE VIVIENDA ARMADA NACIONAL",
              "representadoPor": "COOPERATIVA DE VIVIENDA ARMADA NACIONAL",
              "idLitigante": 36794611
            },
            {
              "tipoLitigante": "DEMANDADO",
              "nombresLitigante": "PALACIOS SALVADOR JOSE ARMANDO",
              "representadoPor": "PALACIOS SALVADOR JOSE ARMANDO",
              "idLitigante": 35752088
            }
          ],
          "litiganteActor": null,
          "litiganteDemandado": null
        }
      ]
    }
  ]
}