{
  "0": {
    "id": 1,
    "idJuicio": "09332202215125 ",
    "estadoActual": null,
    "idMateria": 32,
    "idProvincia": null,
    "idCanton": null,
    "idJudicatura": null,
    "nombreDelito": "REINVINDICACIÓN",
    "fechaIngreso": "2022-09-30T16:29:49.843+00:00",
    "iEDocumentoAdjunto": "N",
    "nombre": null,
    "cedula": null,
    "idEstadoJuicio": null,
    "nombreMateria": "CIVIL",
    "nombreEstadoJuicio": null,
    "nombreJudicatura": null,
    "nombreTipoResolucion": null,
    "nombreTipoAccion": "ORDINARIO",
    "fechaProvidencia": null,
    "nombreProvidencia": null,
    "nombreProvincia": null
  },
  "id": 3,
  "idJuicio": "09332202215125 ",
  "estadoActual": "A",
  "idMateria": 32,
  "idProvincia": null,
  "idCanton": null,
  "idJudicatura": null,
  "nombreDelito": "REINVINDICACIÓN",
  "fechaIngreso": "2022-09-30T16:29:49.843+00:00",
  "iEDocumentoAdjunto": "N",
  "nombre": null,
  "cedula": null,
  "idEstadoJuicio": null,
  "nombreMateria": null,
  "nombreEstadoJuicio": null,
  "nombreJudicatura": null,
  "nombreTipoResolucion": null,
  "nombreTipoAccion": null,
  "fechaProvidencia": null,
  "nombreProvidencia": null,
  "nombreProvincia": null,
  "incidentes": [
    {
      "idJudicatura": "09332",
      "nombreJudicatura": "UNIDAD JUDICIAL CIVIL CON SEDE EN EL CANTÓN GUAYAQUIL",
      "ciudad": "GUAYAQUIL",
      "lstIncidenteJudicatura": [
        {
          "idIncidenteJudicatura": 25571626,
          "idMovimientoJuicioIncidente": 24333170,
          "idJudicaturaDestino": "09332",
          "fechaCrea": "30/09/2022 11:29",
          "incidente": 1,
          "lstLitiganteActor": [
            {
              "tipoLitigante": "ACTOR",
              "nombresLitigante": "SOLORZANO CEVALLOS SUSANA ISABEL",
              "representadoPor": "SOLORZANO CEVALLOS SUSANA ISABEL",
              "idLitigante": 35012439
            }
          ],
          "lstLitiganteDemandado": [
            {
              "tipoLitigante": "DEMANDADO",
              "nombresLitigante": "HERRERA PALMA NANCY MARITZA",
              "representadoPor": "HERRERA PALMA NANCY MARITZA",
              "idLitigante": 38277669
            },
            {
              "tipoLitigante": "DEMANDADO",
              "nombresLitigante": "GARCIA CHUCA GRACE KATIUSKA",
              "representadoPor": "GARCIA CHUCA GRACE KATIUSKA",
              "idLitigante": 38277663
            },
            {
              "tipoLitigante": "DEMANDADO",
              "nombresLitigante": "CHUCA MUÑOZ LUIS ANIBAL",
              "representadoPor": "CHUCA MUÑOZ LUIS ANIBAL",
              "idLitigante": 38277656
            },
            {
              "tipoLitigante": "DEMANDADO",
              "nombresLitigante": "TOLOZANO CHUCA ISABEL VICTORIA",
              "representadoPor": "TOLOZANO CHUCA ISABEL VICTORIA",
              "idLitigante": 38277649
            },
            {
              "tipoLitigante": "DEMANDADO",
              "nombresLitigante": "CHUCA MUÑOZ SEGUNDO EUGENIO",
              "representadoPor": "CHUCA MUÑOZ SEGUNDO EUGENIO",
              "idLitigante": 38277640
            },
            {
              "tipoLitigante": "DEMANDADO",
              "nombresLitigante": "CHUCA MUÑOZ WILFRIDO VICENTE",
              "representadoPor": "CHUCA MUÑOZ WILFRIDO VICENTE",
              "idLitigante": 30721692
            }
          ],
          "litiganteActor": null,
          "litiganteDemandado": null
        }
      ]
    }
  ]
}