{
  "0": {
    "id": 1,
    "idJuicio": "0935220080261  ",
    "estadoActual": null,
    "idMateria": 4,
    "idProvincia": null,
    "idCanton": null,
    "idJudicatura": null,
    "nombreDelito": "HABERES E INDEMNIZACIONES LABORALES                                                                                                                                                 ",
    "fechaIngreso": "2008-04-25T05:00:00.000+00:00",
    "iEDocumentoAdjunto": "N",
    "nombre": null,
    "cedula": null,
    "idEstadoJuicio": null,
    "nombreMateria": "TRABAJO NO_COGEP",
    "nombreEstadoJuicio": null,
    "nombreJudicatura": null,
    "nombreTipoResolucion": null,
    "nombreTipoAccion": "PROCEDIMIENTO ORAL                                                    ",
    "fechaProvidencia": null,
    "nombreProvidencia": null,
    "nombreProvincia": null
  },
  "id": 2,
  "idJuicio": "0935220080261  ",
  "estadoActual": "P",
  "idMateria": 4,
  "idProvincia": null,
  "idCanton": null,
  "idJudicatura": null,
  "nombreDelito": "HABERES E INDEMNIZACIONES LABORALES                                                                                                                                                 ",
  "fechaIngreso": "2008-04-25T05:00:00.000+00:00",
  "iEDocumentoAdjunto": "N",
  "nombre": null,
  "cedula": null,
  "idEstadoJuicio": null,
  "nombreMateria": null,
  "nombreEstadoJuicio": null,
  "nombreJudicatura": null,
  "nombreTipoResolucion": null,
  "nombreTipoAccion": null,
  "fechaProvidencia": null,
  "nombreProvidencia": null,
  "nombreProvincia": null,
  "incidentes": [
    {
      "idJudicatura": "09359",
      "nombreJudicatura": "UNIDAD JUDICIAL DE TRABAJO  CON SEDE EN EL CANTÓN GUAYAQUIL, PROVINCIA DEL GUAYAS",
      "ciudad": "GUAYAQUIL",
      "lstIncidenteJudicatura": [
        {
          "idIncidenteJudicatura": 2090107,
          "idMovimientoJuicioIncidente": 12738382,
          "idJudicaturaDestino": "09359",
          "fechaCrea": "24/10/2014 06:39",
          "incidente": 1,
          "lstLitiganteActor": [
            {
              "tipoLitigante": "ACTOR",
              "nombresLitigante": "TROYA ACOSTA CARLOS  ALBERTO",
              "representadoPor": null,
              "idLitigante": 4958730
            }
          ],
          "lstLitiganteDemandado": [
            {
              "tipoLitigante": "DEMANDADO",
              "nombresLitigante": "SANCHEZ MENDIETA OFELIA DE JESUS",
              "representadoPor": null,
              "idLitigante": 18188824
            }
          ],
          "litiganteActor": null,
          "litiganteDemandado": null
        }
      ]
    },
    {
      "idJudicatura": "09352",
      "nombreJudicatura": "JUZGADO SEGUNDO DE TRABAJO",
      "ciudad": "GUAYAQUIL",
      "lstIncidenteJudicatura": [
        {
          "idIncidenteJudicatura": 15601874,
          "idMovimientoJuicioIncidente": 3194838,
          "idJudicaturaDestino": "09352",
          "fechaCrea": "25/04/2008 00:00",
          "incidente": 1,
          "lstLitiganteActor": [
            {
              "tipoLitigante": "ACTOR",
              "nombresLitigante": "TROYA ACOSTA CARLOS  ALBERTO",
              "representadoPor": null,
              "idLitigante": 4958730
            }
          ],
          "lstLitiganteDemandado": [
            {
              "tipoLitigante": "DEMANDADO",
              "nombresLitigante": "SANCHEZ MENDIETA OFELIA DE JESUS",
              "representadoPor": null,
              "idLitigante": 18188824
            }
          ],
          "litiganteActor": null,
          "litiganteDemandado": null
        }
      ]
    }
  ]
}