{
  "0": {
    "id": 1,
    "idJuicio": "09359201504885 ",
    "estadoActual": null,
    "idMateria": 4,
    "idProvincia": null,
    "idCanton": null,
    "idJudicatura": null,
    "nombreDelito": "PAGO DE HABERES LABORALES",
    "fechaIngreso": "2015-11-10T17:41:34.113+00:00",
    "iEDocumentoAdjunto": "N",
    "nombre": null,
    "cedula": null,
    "idEstadoJuicio": null,
    "nombreMateria": "TRABAJO NO_COGEP",
    "nombreEstadoJuicio": null,
    "nombreJudicatura": null,
    "nombreTipoResolucion": null,
    "nombreTipoAccion": "PROCEDIMIENTO ORAL                                                    ",
    "fechaProvidencia": null,
    "nombreProvidencia": null,
    "nombreProvincia": null
  },
  "id": 1,
  "idJuicio": "09359201504885 ",
  "estadoActual": "A",
  "idMateria": 4,
  "idProvincia": null,
  "idCanton": null,
  "idJudicatura": null,
  "nombreDelito": "PAGO DE HABERES LABORALES",
  "fechaIngreso": "2015-11-10T17:41:34.113+00:00",
  "iEDocumentoAdjunto": "N",
  "nombre": null,
  "cedula": null,
  "idEstadoJuicio": null,
  "nombreMateria": null,
  "nombreEstadoJuicio": null,
  "nombreJudicatura": null,
  "nombreTipoResolucion": null,
  "nombreTipoAccion": null,
  "fechaProvidencia": null,
  "nombreProvidencia": null,
  "nombreProvincia": null,
  "incidentes": [
    {
      "idJudicatura": "09359",
      "nombreJudicatura": "UNIDAD JUDICIAL DE TRABAJO  CON SEDE EN EL CANTÓN GUAYAQUIL, PROVINCIA DEL GUAYAS",
      "ciudad": "GUAYAQUIL",
      "lstIncidenteJudicatura": [
        {
          "idIncidenteJudicatura": 1568216,
          "idMovimientoJuicioIncidente": 16177217,
          "idJudicaturaDestino": "09359",
          "fechaCrea": "10/11/2015 12:41",
          "incidente": 1,
          "lstLitiganteActor": [
            {
              "tipoLitigante": "ACTOR",
              "nombresLitigante": "LEON ARREAGA GENARO ISMAEL",
              "representadoPor": "LEON ARREAGA GENARO ISMAEL",
              "idLitigante": 28995260
            }
          ],
          "lstLitiganteDemandado": [
            {
              "tipoLitigante": "DEMANDADO",
              "nombresLitigante": "FALQUEZ COBO FRANCISCO XAVIER",
              "representadoPor": null,
              "idLitigante": 29027360
            },
            {
              "tipoLitigante": "DEMANDADO",
              "nombresLitigante": "RADA ALPRECHT ROSA EDITH",
              "representadoPor": "RADA ALPRECHT ROSA EDITH",
              "idLitigante": 28995291
            },
            {
              "tipoLitigante": "DEMANDADO",
              "nombresLitigante": "CORREA DELGADO PIERINA SARA MERCEDES",
              "representadoPor": "CORREA DELGADO PIERINA SARA MERCEDES",
              "idLitigante": 28995290
            },
            {
              "tipoLitigante": "DEMANDADO",
              "nombresLitigante": "FEDERACION DEPORTIVA DEL GUAYAS",
              "representadoPor": "FEDERACION DEPORTIVA DEL GUAYAS",
              "idLitigante": 28995289
            }
          ],
          "litiganteActor": null,
          "litiganteDemandado": null
        }
      ]
    },
    {
      "idJudicatura": "17731",
      "nombreJudicatura": "SALA ESPECIALIZADA DE LO LABORAL DE LA CORTE NACIONAL DE JUSTICIA",
      "ciudad": "QUITO",
      "lstIncidenteJudicatura": [
        {
          "idIncidenteJudicatura": 19138979,
          "idMovimientoJuicioIncidente": 18877127,
          "idJudicaturaDestino": "17731",
          "fechaCrea": "27/04/2017 16:14",
          "incidente": 1,
          "lstLitiganteActor": [
            {
              "tipoLitigante": "ACTOR",
              "nombresLitigante": "LEON ARREAGA GENARO ISMAEL",
              "representadoPor": "LEON ARREAGA GENARO ISMAEL",
              "idLitigante": 28995260
            }
          ],
          "lstLitiganteDemandado": [
            {
              "tipoLitigante": "DEMANDADO",
              "nombresLitigante": "FALQUEZ COBO FRANCISCO XAVIER",
              "representadoPor": "FALQUEZ COBO FRANCISCO XAVIER",
              "idLitigante": 29027360
            },
            {
              "tipoLitigante": "DEMANDADO",
              "nombresLitigante": "RADA ALPRECHT ROSA EDITH",
              "representadoPor": "RADA ALPRECHT ROSA EDITH",
              "idLitigante": 28995291
            },
            {
              "tipoLitigante": "DEMANDADO",
              "nombresLitigante": "CORREA DELGADO PIERINA SARA MERCEDES",
              "representadoPor": "CORREA DELGADO PIERINA SARA MERCEDES",
              "idLitigante": 28995290
            },
            {
              "tipoLitigante": "DEMANDADO",
              "nombresLitigante": "FEDERACION DEPORTIVA DEL GUAYAS",
              "representadoPor": "FEDERACION DEPORTIVA DEL GUAYAS",
              "idLitigante": 28995289
            }
          ],
          "litiganteActor": null,
          "litiganteDemandado": null
        }
      ]
    },
    {
      "idJudicatura": "09133",
      "nombreJudicatura": "SALA ESPECIALIZADA DE LO LABORAL DE LA CORTE PROVINCIAL DE JUSTICIA DE GUAYAS",
      "ciudad": "GUAYAQUIL",
      "lstIncidenteJudicatura": [
        {
          "idIncidenteJudicatura": 5890696,
          "idMovimientoJuicioIncidente": 17840483,
          "idJudicaturaDestino": "09133",
          "fechaCrea": "04/05/2016 11:42",
          "incidente": 1,
          "lstLitiganteActor": [
            {
              "tipoLitigante": "ACTOR",
              "nombresLitigante": "LEON ARREAGA GENARO ISMAEL",
              "representadoPor": "LEON ARREAGA GENARO ISMAEL",
              "idLitigante": 28995260
            }
          ],
          "lstLitiganteDemandado": [
            {
              "tipoLitigante": "DEMANDADO",
              "nombresLitigante": "FALQUEZ COBO FRANCISCO XAVIER",
              "representadoPor": "FALQUEZ COBO FRANCISCO XAVIER",
              "idLitigante": 29027360
            },
            {
              "tipoLitigante": "DEMANDADO",
              "nombresLitigante": "RADA ALPRECHT ROSA EDITH",
              "representadoPor": "RADA ALPRECHT ROSA EDITH",
              "idLitigante": 28995291
            },
            {
              "tipoLitigante": "DEMANDADO",
              "nombresLitigante": "CORREA DELGADO PIERINA SARA MERCEDES",
              "representadoPor": "CORREA DELGADO PIERINA SARA MERCEDES",
              "idLitigante": 28995290
            },
            {
              "tipoLitigante": "DEMANDADO",
              "nombresLitigante": "FEDERACION DEPORTIVA DEL GUAYAS",
              "representadoPor": "FEDERACION DEPORTIVA DEL GUAYAS",
              "idLitigante": 28995289
            }
          ],
          "litiganteActor": null,
          "litiganteDemandado": null
        }
      ]
    }
  ]
}