{
  "0": {
    "id": 1,
    "idJuicio": "0935720090780  ",
    "estadoActual": null,
    "idMateria": 4,
    "idProvincia": null,
    "idCanton": null,
    "idJudicatura": null,
    "nombreDelito": "TERMINACION DE RELACIONES LABORALES ART. 584 C.T.                                                                                                                                   ",
    "fechaIngreso": "2009-09-07T05:00:00.000+00:00",
    "iEDocumentoAdjunto": "N",
    "nombre": null,
    "cedula": null,
    "idEstadoJuicio": null,
    "nombreMateria": "TRABAJO NO_COGEP",
    "nombreEstadoJuicio": null,
    "nombreJudicatura": null,
    "nombreTipoResolucion": null,
    "nombreTipoAccion": "PROCEDIMIENTO ORAL                                                    ",
    "fechaProvidencia": null,
    "nombreProvidencia": null,
    "nombreProvincia": null
  },
  "id": 3,
  "idJuicio": "0935720090780  ",
  "estadoActual": "A",
  "idMateria": 4,
  "idProvincia": null,
  "idCanton": null,
  "idJudicatura": null,
  "nombreDelito": "TERMINACION DE RELACIONES LABORALES ART. 584 C.T.                                                                                                                                   ",
  "fechaIngreso": "2009-09-07T05:00:00.000+00:00",
  "iEDocumentoAdjunto": "N",
  "nombre": null,
  "cedula": null,
  "idEstadoJuicio": null,
  "nombreMateria": null,
  "nombreEstadoJuicio": null,
  "nombreJudicatura": null,
  "nombreTipoResolucion": null,
  "nombreTipoAccion": null,
  "fechaProvidencia": null,
  "nombreProvidencia": null,
  "nombreProvincia": null,
  "incidentes": [
    {
      "idJudicatura": "09359",
      "nombreJudicatura": "UNIDAD JUDICIAL DE TRABAJO  CON SEDE EN EL CANTÓN GUAYAQUIL, PROVINCIA DEL GUAYAS",
      "ciudad": "GUAYAQUIL",
      "lstIncidenteJudicatura": [
        {
          "idIncidenteJudicatura": 9630999,
          "idMovimientoJuicioIncidente": 12791211,
          "idJudicaturaDestino": "09359",
          "fechaCrea": "24/10/2014 06:45",
          "incidente": 1,
          "lstLitiganteActor": [
            {
              "tipoLitigante": "ACTOR",
              "nombresLitigante": "SANTILLAN AYALA MANUEL SEGUNDO",
              "representadoPor": null,
              "idLitigante": 5066932
            }
          ],
          "lstLitiganteDemandado": [
            {
              "tipoLitigante": "DEMANDADO",
              "nombresLitigante": "EGAS VITERI DE WEISON ANTONIETA MARIANA .",
              "representadoPor": null,
              "idLitigante": 18295747
            }
          ],
          "litiganteActor": null,
          "litiganteDemandado": null
        }
      ]
    },
    {
      "idJudicatura": "09357",
      "nombreJudicatura": "JUZGADO SÉPTIMO DE TRABAJO",
      "ciudad": "GUAYAQUIL",
      "lstIncidenteJudicatura": [
        {
          "idIncidenteJudicatura": 2912456,
          "idMovimientoJuicioIncidente": 4209957,
          "idJudicaturaDestino": "09357",
          "fechaCrea": "07/09/2009 00:00",
          "incidente": 1,
          "lstLitiganteActor": [
            {
              "tipoLitigante": "ACTOR",
              "nombresLitigante": "SANTILLAN AYALA MANUEL SEGUNDO",
              "representadoPor": null,
              "idLitigante": 5066932
            }
          ],
          "lstLitiganteDemandado": [
            {
              "tipoLitigante": "DEMANDADO",
              "nombresLitigante": "EGAS VITERI DE WEISON ANTONIETA MARIANA .",
              "representadoPor": null,
              "idLitigante": 18295747
            }
          ],
          "litiganteActor": null,
          "litiganteDemandado": null
        }
      ]
    }
  ]
}