{
  "0": {
    "id": 1,
    "idJuicio": "09359201505457 ",
    "estadoActual": null,
    "idMateria": 4,
    "idProvincia": null,
    "idCanton": null,
    "idJudicatura": null,
    "nombreDelito": "PAGO DE HABERES LABORALES",
    "fechaIngreso": "2015-12-22T18:24:31.857+00:00",
    "iEDocumentoAdjunto": "N",
    "nombre": null,
    "cedula": null,
    "idEstadoJuicio": null,
    "nombreMateria": "TRABAJO NO_COGEP",
    "nombreEstadoJuicio": null,
    "nombreJudicatura": null,
    "nombreTipoResolucion": null,
    "nombreTipoAccion": "PROCEDIMIENTO ORAL                                                    ",
    "fechaProvidencia": null,
    "nombreProvidencia": null,
    "nombreProvincia": null
  },
  "id": 1,
  "idJuicio": "09359201505457 ",
  "estadoActual": "A",
  "idMateria": 4,
  "idProvincia": null,
  "idCanton": null,
  "idJudicatura": null,
  "nombreDelito": "PAGO DE HABERES LABORALES",
  "fechaIngreso": "2015-12-22T18:24:31.857+00:00",
  "iEDocumentoAdjunto": "N",
  "nombre": null,
  "cedula": null,
  "idEstadoJuicio": null,
  "nombreMateria": null,
  "nombreEstadoJuicio": null,
  "nombreJudicatura": null,
  "nombreTipoResolucion": null,
  "nombreTipoAccion": null,
  "fechaProvidencia": null,
  "nombreProvidencia": null,
  "nombreProvincia": null,
  "incidentes": [
    {
      "idJudicatura": "09359",
      "nombreJudicatura": "UNIDAD JUDICIAL DE TRABAJO  CON SEDE EN EL CANTÓN GUAYAQUIL, PROVINCIA DEL GUAYAS",
      "ciudad": "GUAYAQUIL",
      "lstIncidenteJudicatura": [
        {
          "idIncidenteJudicatura": 5038799,
          "idMovimientoJuicioIncidente": 16428964,
          "idJudicaturaDestino": "09359",
          "fechaCrea": "22/12/2015 13:24",
          "incidente": 1,
          "lstLitiganteActor": [
            {
              "tipoLitigante": "ACTOR",
              "nombresLitigante": "MERA MERA JORGE SILVERIO",
              "representadoPor": "MERA MERA JORGE SILVERIO",
              "idLitigante": 29335245
            }
          ],
          "lstLitiganteDemandado": [
            {
              "tipoLitigante": "DEMANDADO",
              "nombresLitigante": "compañia trinipuerto",
              "representadoPor": "compañia trinipuerto",
              "idLitigante": 32174767
            },
            {
              "tipoLitigante": "DEMANDADO",
              "nombresLitigante": "WERNER PELLEHN DEKMANN",
              "representadoPor": null,
              "idLitigante": 30196277
            },
            {
              "tipoLitigante": "DEMANDADO",
              "nombresLitigante": "FAUSTO MONCAYO ALVAREZ P.S.P.D. Y P.L.D.Q.R (PRESIDENTE ADMINISTRADOR )",
              "representadoPor": "FAUSTO MONCAYO ALVAREZ P.S.P.D. Y P.L.D.Q.R (PRESIDENTE ADMINISTRADOR )",
              "idLitigante": 29335255
            },
            {
              "tipoLitigante": "DEMANDADO",
              "nombresLitigante": "WERNER PELLEHN DEKMANN P.S.P.D. Y P.L.D.Q.R",
              "representadoPor": "WERNER PELLEHN DEKMANN P.S.P.D. Y P.L.D.Q.R",
              "idLitigante": 29335254
            }
          ],
          "litiganteActor": null,
          "litiganteDemandado": null
        }
      ]
    }
  ]
}