{
  "0": {
    "id": 1,
    "idJuicio": "09359202001204 ",
    "estadoActual": null,
    "idMateria": 35,
    "idProvincia": null,
    "idCanton": null,
    "idJudicatura": null,
    "nombreDelito": "INDEMNIZACIÓN POR DESPIDO INTEMPESTIVO",
    "fechaIngreso": "2020-06-23T14:15:32.067+00:00",
    "iEDocumentoAdjunto": "N",
    "nombre": null,
    "cedula": null,
    "idEstadoJuicio": null,
    "nombreMateria": "TRABAJO",
    "nombreEstadoJuicio": null,
    "nombreJudicatura": null,
    "nombreTipoResolucion": null,
    "nombreTipoAccion": "SUMARIO",
    "fechaProvidencia": null,
    "nombreProvidencia": null,
    "nombreProvincia": null
  },
  "id": 2,
  "idJuicio": "09359202001204 ",
  "estadoActual": "A",
  "idMateria": 35,
  "idProvincia": null,
  "idCanton": null,
  "idJudicatura": null,
  "nombreDelito": "INDEMNIZACIÓN POR DESPIDO INTEMPESTIVO",
  "fechaIngreso": "2020-06-23T14:15:32.067+00:00",
  "iEDocumentoAdjunto": "N",
  "nombre": null,
  "cedula": null,
  "idEstadoJuicio": null,
  "nombreMateria": null,
  "nombreEstadoJuicio": null,
  "nombreJudicatura": null,
  "nombreTipoResolucion": null,
  "nombreTipoAccion": null,
  "fechaProvidencia": null,
  "nombreProvidencia": null,
  "nombreProvincia": null,
  "incidentes": [
    {
      "idJudicatura": "09359",
      "nombreJudicatura": "UNIDAD JUDICIAL DE TRABAJO  CON SEDE EN EL CANTÓN GUAYAQUIL, PROVINCIA DEL GUAYAS",
      "ciudad": "GUAYAQUIL",
      "lstIncidenteJudicatura": [
        {
          "idIncidenteJudicatura": 22694632,
          "idMovimientoJuicioIncidente": 21795773,
          "idJudicaturaDestino": "09359",
          "fechaCrea": "23/06/2020 09:15",
          "incidente": 1,
          "lstLitiganteActor": [
            {
              "tipoLitigante": "ACTOR",
              "nombresLitigante": "BRAVO GARCIA NELLY DIOSELINA",
              "representadoPor": "BRAVO GARCIA NELLY DIOSELINA",
              "idLitigante": 36976172
            }
          ],
          "lstLitiganteDemandado": [
            {
              "tipoLitigante": "DEMANDADO",
              "nombresLitigante": "CASTRO BERMELLO JAVIER LEONARDO",
              "representadoPor": "CASTRO BERMELLO JAVIER LEONARDO",
              "idLitigante": 30990272
            }
          ],
          "litiganteActor": null,
          "litiganteDemandado": null
        }
      ]
    }
  ]
}