{
  "0": {
    "id": 1,
    "idJuicio": "09359202000379 ",
    "estadoActual": null,
    "idMateria": 35,
    "idProvincia": null,
    "idCanton": null,
    "idJudicatura": null,
    "nombreDelito": "JUBILACIÓN",
    "fechaIngreso": "2020-02-03T21:37:38.963+00:00",
    "iEDocumentoAdjunto": "N",
    "nombre": null,
    "cedula": null,
    "idEstadoJuicio": null,
    "nombreMateria": "TRABAJO",
    "nombreEstadoJuicio": null,
    "nombreJudicatura": null,
    "nombreTipoResolucion": null,
    "nombreTipoAccion": "SUMARIO",
    "fechaProvidencia": null,
    "nombreProvidencia": null,
    "nombreProvincia": null
  },
  "id": 1,
  "idJuicio": "09359202000379 ",
  "estadoActual": "A",
  "idMateria": 35,
  "idProvincia": null,
  "idCanton": null,
  "idJudicatura": null,
  "nombreDelito": "JUBILACIÓN",
  "fechaIngreso": "2020-02-03T21:37:38.963+00:00",
  "iEDocumentoAdjunto": "N",
  "nombre": null,
  "cedula": null,
  "idEstadoJuicio": null,
  "nombreMateria": null,
  "nombreEstadoJuicio": null,
  "nombreJudicatura": null,
  "nombreTipoResolucion": null,
  "nombreTipoAccion": null,
  "fechaProvidencia": null,
  "nombreProvidencia": null,
  "nombreProvincia": null,
  "incidentes": [
    {
      "idJudicatura": "09359",
      "nombreJudicatura": "UNIDAD JUDICIAL DE TRABAJO  CON SEDE EN EL CANTÓN GUAYAQUIL, PROVINCIA DEL GUAYAS",
      "ciudad": "GUAYAQUIL",
      "lstIncidenteJudicatura": [
        {
          "idIncidenteJudicatura": 22477470,
          "idMovimientoJuicioIncidente": 21589779,
          "idJudicaturaDestino": "09359",
          "fechaCrea": "03/02/2020 16:37",
          "incidente": 1,
          "lstLitiganteActor": [
            {
              "tipoLitigante": "ACTOR",
              "nombresLitigante": "JARA PACHECO BERTHA MARIA",
              "representadoPor": "JARA PACHECO BERTHA MARIA",
              "idLitigante": 36668628
            }
          ],
          "lstLitiganteDemandado": [
            {
              "tipoLitigante": "DEMANDADO",
              "nombresLitigante": "JUNTA DE BENEFICENCIA DE GUAYAQUIL en persona del nuevo Director General Dr. JUAN JAVIER CORDOVÉZ ORTEGA.",
              "representadoPor": "JUNTA DE BENEFICENCIA DE GUAYAQUIL en persona del nuevo Director General Dr. JUAN JAVIER CORDOVÉZ ORTEGA.",
              "idLitigante": 37516415
            },
            {
              "tipoLitigante": "DEMANDADO",
              "nombresLitigante": "LINCE MANRIQUE GERMAN FRANCISCO",
              "representadoPor": "LINCE MANRIQUE GERMAN FRANCISCO",
              "idLitigante": 36841032
            },
            {
              "tipoLitigante": "DEMANDADO",
              "nombresLitigante": "NOBOA BEJARANO ERNESTO RAMON",
              "representadoPor": "NOBOA BEJARANO ERNESTO RAMON",
              "idLitigante": 36668643
            },
            {
              "tipoLitigante": "DEMANDADO",
              "nombresLitigante": "JUNTA DE BENEFICENCIA DE GUAYAQUIL",
              "representadoPor": "JUNTA DE BENEFICENCIA DE GUAYAQUIL",
              "idLitigante": 36668638
            }
          ],
          "litiganteActor": null,
          "litiganteDemandado": null
        }
      ]
    }
  ]
}