{
  "0": {
    "id": 1,
    "idJuicio": "0935720091153  ",
    "estadoActual": null,
    "idMateria": 4,
    "idProvincia": null,
    "idCanton": null,
    "idJudicatura": null,
    "nombreDelito": "HABERES E INDEMNIZACIONES LABORALES                                                                                                                                                 ",
    "fechaIngreso": "2009-11-13T05:00:00.000+00:00",
    "iEDocumentoAdjunto": "N",
    "nombre": null,
    "cedula": null,
    "idEstadoJuicio": null,
    "nombreMateria": "TRABAJO NO_COGEP",
    "nombreEstadoJuicio": null,
    "nombreJudicatura": null,
    "nombreTipoResolucion": null,
    "nombreTipoAccion": "PROCEDIMIENTO ORAL                                                    ",
    "fechaProvidencia": null,
    "nombreProvidencia": null,
    "nombreProvincia": null
  },
  "id": 1,
  "idJuicio": "0935720091153  ",
  "estadoActual": "P",
  "idMateria": 4,
  "idProvincia": null,
  "idCanton": null,
  "idJudicatura": null,
  "nombreDelito": "HABERES E INDEMNIZACIONES LABORALES                                                                                                                                                 ",
  "fechaIngreso": "2009-11-13T05:00:00.000+00:00",
  "iEDocumentoAdjunto": "N",
  "nombre": null,
  "cedula": null,
  "idEstadoJuicio": null,
  "nombreMateria": null,
  "nombreEstadoJuicio": null,
  "nombreJudicatura": null,
  "nombreTipoResolucion": null,
  "nombreTipoAccion": null,
  "fechaProvidencia": null,
  "nombreProvidencia": null,
  "nombreProvincia": null,
  "incidentes": [
    {
      "idJudicatura": "09359",
      "nombreJudicatura": "UNIDAD JUDICIAL DE TRABAJO  CON SEDE EN EL CANTÓN GUAYAQUIL, PROVINCIA DEL GUAYAS",
      "ciudad": "GUAYAQUIL",
      "lstIncidenteJudicatura": [
        {
          "idIncidenteJudicatura": 11186609,
          "idMovimientoJuicioIncidente": 12788158,
          "idJudicaturaDestino": "09359",
          "fechaCrea": "24/10/2014 06:44",
          "incidente": 1,
          "lstLitiganteActor": [
            {
              "tipoLitigante": "ACTOR",
              "nombresLitigante": "ALVAREZ SOLIS PERVIS DARIO",
              "representadoPor": null,
              "idLitigante": 5070453
            }
          ],
          "lstLitiganteDemandado": [
            {
              "tipoLitigante": "DEMANDADO",
              "nombresLitigante": "VALAREZO SANCHEZ JOSE",
              "representadoPor": null,
              "idLitigante": 18234796
            },
            {
              "tipoLitigante": "DEMANDADO",
              "nombresLitigante": "VALAREZO GUZMAN CARLOS JULIO",
              "representadoPor": null,
              "idLitigante": 18234795
            }
          ],
          "litiganteActor": null,
          "litiganteDemandado": null
        }
      ]
    },
    {
      "idJudicatura": "09357",
      "nombreJudicatura": "JUZGADO SÉPTIMO DE TRABAJO",
      "ciudad": "GUAYAQUIL",
      "lstIncidenteJudicatura": [
        {
          "idIncidenteJudicatura": 14136699,
          "idMovimientoJuicioIncidente": 4374397,
          "idJudicaturaDestino": "09357",
          "fechaCrea": "13/11/2009 00:00",
          "incidente": 1,
          "lstLitiganteActor": [
            {
              "tipoLitigante": "ACTOR",
              "nombresLitigante": "ALVAREZ SOLIS PERVIS DARIO",
              "representadoPor": null,
              "idLitigante": 5070453
            }
          ],
          "lstLitiganteDemandado": [
            {
              "tipoLitigante": "DEMANDADO",
              "nombresLitigante": "VALAREZO SANCHEZ JOSE",
              "representadoPor": null,
              "idLitigante": 18234796
            },
            {
              "tipoLitigante": "DEMANDADO",
              "nombresLitigante": "VALAREZO GUZMAN CARLOS JULIO",
              "representadoPor": null,
              "idLitigante": 18234795
            }
          ],
          "litiganteActor": null,
          "litiganteDemandado": null
        }
      ]
    }
  ]
}