{
  "0": {
    "id": 1,
    "idJuicio": "0935220080702  ",
    "estadoActual": null,
    "idMateria": 4,
    "idProvincia": null,
    "idCanton": null,
    "idJudicatura": null,
    "nombreDelito": "HABERES E INDEMNIZACIONES LABORALES                                                                                                                                                 ",
    "fechaIngreso": "2008-09-23T05:00:00.000+00:00",
    "iEDocumentoAdjunto": "N",
    "nombre": null,
    "cedula": null,
    "idEstadoJuicio": null,
    "nombreMateria": "TRABAJO NO_COGEP",
    "nombreEstadoJuicio": null,
    "nombreJudicatura": null,
    "nombreTipoResolucion": null,
    "nombreTipoAccion": "PROCEDIMIENTO ORAL                                                    ",
    "fechaProvidencia": null,
    "nombreProvidencia": null,
    "nombreProvincia": null
  },
  "id": 4,
  "idJuicio": "0935220080702  ",
  "estadoActual": "P",
  "idMateria": 4,
  "idProvincia": null,
  "idCanton": null,
  "idJudicatura": null,
  "nombreDelito": "HABERES E INDEMNIZACIONES LABORALES                                                                                                                                                 ",
  "fechaIngreso": "2008-09-23T05:00:00.000+00:00",
  "iEDocumentoAdjunto": "N",
  "nombre": null,
  "cedula": null,
  "idEstadoJuicio": null,
  "nombreMateria": null,
  "nombreEstadoJuicio": null,
  "nombreJudicatura": null,
  "nombreTipoResolucion": null,
  "nombreTipoAccion": null,
  "fechaProvidencia": null,
  "nombreProvidencia": null,
  "nombreProvincia": null,
  "incidentes": [
    {
      "idJudicatura": "09359",
      "nombreJudicatura": "UNIDAD JUDICIAL DE TRABAJO  CON SEDE EN EL CANTÓN GUAYAQUIL, PROVINCIA DEL GUAYAS",
      "ciudad": "GUAYAQUIL",
      "lstIncidenteJudicatura": [
        {
          "idIncidenteJudicatura": 964673,
          "idMovimientoJuicioIncidente": 12737937,
          "idJudicaturaDestino": "09359",
          "fechaCrea": "24/10/2014 06:39",
          "incidente": 1,
          "lstLitiganteActor": [
            {
              "tipoLitigante": "ACTOR",
              "nombresLitigante": "SANTILLAN AYALA MANUEL SEGUNDO",
              "representadoPor": null,
              "idLitigante": 4966893
            }
          ],
          "lstLitiganteDemandado": [
            {
              "tipoLitigante": "DEMANDADO",
              "nombresLitigante": "VILLACIS GARCIA DIOGENES",
              "representadoPor": null,
              "idLitigante": 18148556
            },
            {
              "tipoLitigante": "DEMANDADO",
              "nombresLitigante": "MORENO MORENO JOSE TOMAS",
              "representadoPor": null,
              "idLitigante": 18148555
            },
            {
              "tipoLitigante": "DEMANDADO",
              "nombresLitigante": "KURT MAEIR NILSON",
              "representadoPor": null,
              "idLitigante": 18148554
            },
            {
              "tipoLitigante": "DEMANDADO",
              "nombresLitigante": "EGAS VITERI ANTONIETA MARIANA",
              "representadoPor": null,
              "idLitigante": 18148553
            }
          ],
          "litiganteActor": null,
          "litiganteDemandado": null
        }
      ]
    },
    {
      "idJudicatura": "09352",
      "nombreJudicatura": "JUZGADO SEGUNDO DE TRABAJO",
      "ciudad": "GUAYAQUIL",
      "lstIncidenteJudicatura": [
        {
          "idIncidenteJudicatura": 6387031,
          "idMovimientoJuicioIncidente": 3413981,
          "idJudicaturaDestino": "09352",
          "fechaCrea": "23/09/2008 00:00",
          "incidente": 1,
          "lstLitiganteActor": [
            {
              "tipoLitigante": "ACTOR",
              "nombresLitigante": "SANTILLAN AYALA MANUEL SEGUNDO",
              "representadoPor": null,
              "idLitigante": 4966893
            }
          ],
          "lstLitiganteDemandado": [
            {
              "tipoLitigante": "DEMANDADO",
              "nombresLitigante": "VILLACIS GARCIA DIOGENES",
              "representadoPor": null,
              "idLitigante": 18148556
            },
            {
              "tipoLitigante": "DEMANDADO",
              "nombresLitigante": "MORENO MORENO JOSE TOMAS",
              "representadoPor": null,
              "idLitigante": 18148555
            },
            {
              "tipoLitigante": "DEMANDADO",
              "nombresLitigante": "KURT MAEIR NILSON",
              "representadoPor": null,
              "idLitigante": 18148554
            },
            {
              "tipoLitigante": "DEMANDADO",
              "nombresLitigante": "EGAS VITERI ANTONIETA MARIANA",
              "representadoPor": null,
              "idLitigante": 18148553
            }
          ],
          "litiganteActor": null,
          "litiganteDemandado": null
        }
      ]
    }
  ]
}