{
  "0": {
    "id": 1,
    "idJuicio": "09359201903414 ",
    "estadoActual": null,
    "idMateria": 35,
    "idProvincia": null,
    "idCanton": null,
    "idJudicatura": null,
    "nombreDelito": "PAGO DE HABERES LABORALES",
    "fechaIngreso": "2019-12-16T20:06:42.837+00:00",
    "iEDocumentoAdjunto": "N",
    "nombre": null,
    "cedula": null,
    "idEstadoJuicio": null,
    "nombreMateria": "TRABAJO",
    "nombreEstadoJuicio": null,
    "nombreJudicatura": null,
    "nombreTipoResolucion": null,
    "nombreTipoAccion": "SUMARIO",
    "fechaProvidencia": null,
    "nombreProvidencia": null,
    "nombreProvincia": null
  },
  "id": 1,
  "idJuicio": "09359201903414 ",
  "estadoActual": "A",
  "idMateria": 35,
  "idProvincia": null,
  "idCanton": null,
  "idJudicatura": null,
  "nombreDelito": "PAGO DE HABERES LABORALES",
  "fechaIngreso": "2019-12-16T20:06:42.837+00:00",
  "iEDocumentoAdjunto": "N",
  "nombre": null,
  "cedula": null,
  "idEstadoJuicio": null,
  "nombreMateria": null,
  "nombreEstadoJuicio": null,
  "nombreJudicatura": null,
  "nombreTipoResolucion": null,
  "nombreTipoAccion": null,
  "fechaProvidencia": null,
  "nombreProvidencia": null,
  "nombreProvincia": null,
  "incidentes": [
    {
      "idJudicatura": "09359",
      "nombreJudicatura": "UNIDAD JUDICIAL DE TRABAJO  CON SEDE EN EL CANTÓN GUAYAQUIL, PROVINCIA DEL GUAYAS",
      "ciudad": "GUAYAQUIL",
      "lstIncidenteJudicatura": [
        {
          "idIncidenteJudicatura": 22324483,
          "idMovimientoJuicioIncidente": 21441587,
          "idJudicaturaDestino": "09359",
          "fechaCrea": "16/12/2019 15:06",
          "incidente": 1,
          "lstLitiganteActor": [
            {
              "tipoLitigante": "ACTOR",
              "nombresLitigante": "NIETO PINELA BOLIVAR ALFREDO",
              "representadoPor": "NIETO PINELA BOLIVAR ALFREDO",
              "idLitigante": 36447670
            }
          ],
          "lstLitiganteDemandado": [
            {
              "tipoLitigante": "DEMANDADO",
              "nombresLitigante": "ESTUARDO ALCIDES SANCHEZ GARCIA",
              "representadoPor": "ESTUARDO ALCIDES SANCHEZ GARCIA",
              "idLitigante": 36447704
            },
            {
              "tipoLitigante": "DEMANDADO",
              "nombresLitigante": "COMPAÑIA ALESSA S.A.",
              "representadoPor": "COMPAÑIA ALESSA S.A.",
              "idLitigante": 36447693
            }
          ],
          "litiganteActor": null,
          "litiganteDemandado": null
        }
      ]
    }
  ]
}