{
  "0": {
    "id": 1,
    "idJuicio": "09359202100232 ",
    "estadoActual": null,
    "idMateria": 35,
    "idProvincia": null,
    "idCanton": null,
    "idJudicatura": null,
    "nombreDelito": "INDEMNIZACIÓN POR DESPIDO INTEMPESTIVO",
    "fechaIngreso": "2021-01-14T18:49:15.360+00:00",
    "iEDocumentoAdjunto": "N",
    "nombre": null,
    "cedula": null,
    "idEstadoJuicio": null,
    "nombreMateria": "TRABAJO",
    "nombreEstadoJuicio": null,
    "nombreJudicatura": null,
    "nombreTipoResolucion": null,
    "nombreTipoAccion": "SUMARIO",
    "fechaProvidencia": null,
    "nombreProvidencia": null,
    "nombreProvincia": null
  },
  "id": 1,
  "idJuicio": "09359202100232 ",
  "estadoActual": "A",
  "idMateria": 35,
  "idProvincia": null,
  "idCanton": null,
  "idJudicatura": null,
  "nombreDelito": "INDEMNIZACIÓN POR DESPIDO INTEMPESTIVO",
  "fechaIngreso": "2021-01-14T18:49:15.360+00:00",
  "iEDocumentoAdjunto": "N",
  "nombre": null,
  "cedula": null,
  "idEstadoJuicio": null,
  "nombreMateria": null,
  "nombreEstadoJuicio": null,
  "nombreJudicatura": null,
  "nombreTipoResolucion": null,
  "nombreTipoAccion": null,
  "fechaProvidencia": null,
  "nombreProvidencia": null,
  "nombreProvincia": null,
  "incidentes": [
    {
      "idJudicatura": "09359",
      "nombreJudicatura": "UNIDAD JUDICIAL DE TRABAJO  CON SEDE EN EL CANTÓN GUAYAQUIL, PROVINCIA DEL GUAYAS",
      "ciudad": "GUAYAQUIL",
      "lstIncidenteJudicatura": [
        {
          "idIncidenteJudicatura": 23531346,
          "idMovimientoJuicioIncidente": 22451070,
          "idJudicaturaDestino": "09359",
          "fechaCrea": "14/01/2021 13:49",
          "incidente": 1,
          "lstLitiganteActor": [
            {
              "tipoLitigante": "ACTOR",
              "nombresLitigante": "BRAVO GARCIA NELLY DIOSELINA",
              "representadoPor": "BRAVO GARCIA NELLY DIOSELINA",
              "idLitigante": 36976172
            }
          ],
          "lstLitiganteDemandado": [
            {
              "tipoLitigante": "DEMANDADO",
              "nombresLitigante": "JAVIER LEONARDO CASTRO BERMELLO",
              "representadoPor": "JAVIER LEONARDO CASTRO BERMELLO",
              "idLitigante": 40481057
            }
          ],
          "litiganteActor": null,
          "litiganteDemandado": null
        }
      ]
    }
  ]
}