{
  "0": {
    "id": 1,
    "idJuicio": "09359202300238 ",
    "estadoActual": null,
    "idMateria": 35,
    "idProvincia": null,
    "idCanton": null,
    "idJudicatura": null,
    "nombreDelito": "INDEMNIZACIÓN POR DESPIDO INTEMPESTIVO",
    "fechaIngreso": "2023-02-08T19:17:08.907+00:00",
    "iEDocumentoAdjunto": "N",
    "nombre": null,
    "cedula": null,
    "idEstadoJuicio": null,
    "nombreMateria": "TRABAJO",
    "nombreEstadoJuicio": null,
    "nombreJudicatura": null,
    "nombreTipoResolucion": null,
    "nombreTipoAccion": "SUMARIO",
    "fechaProvidencia": null,
    "nombreProvidencia": null,
    "nombreProvincia": null
  },
  "id": 1,
  "idJuicio": "09359202300238 ",
  "estadoActual": "A",
  "idMateria": 35,
  "idProvincia": null,
  "idCanton": null,
  "idJudicatura": null,
  "nombreDelito": "INDEMNIZACIÓN POR DESPIDO INTEMPESTIVO",
  "fechaIngreso": "2023-02-08T19:17:08.907+00:00",
  "iEDocumentoAdjunto": "N",
  "nombre": null,
  "cedula": null,
  "idEstadoJuicio": null,
  "nombreMateria": null,
  "nombreEstadoJuicio": null,
  "nombreJudicatura": null,
  "nombreTipoResolucion": null,
  "nombreTipoAccion": null,
  "fechaProvidencia": null,
  "nombreProvidencia": null,
  "nombreProvincia": null,
  "incidentes": [
    {
      "idJudicatura": "09359",
      "nombreJudicatura": "UNIDAD JUDICIAL DE TRABAJO  CON SEDE EN EL CANTÓN GUAYAQUIL, PROVINCIA DEL GUAYAS",
      "ciudad": "GUAYAQUIL",
      "lstIncidenteJudicatura": [
        {
          "idIncidenteJudicatura": 26050745,
          "idMovimientoJuicioIncidente": 24695296,
          "idJudicaturaDestino": "09359",
          "fechaCrea": "08/02/2023 14:17",
          "incidente": 1,
          "lstLitiganteActor": [
            {
              "tipoLitigante": "ACTOR",
              "nombresLitigante": "ZARATE OLAYA CARLOS AURELIO",
              "representadoPor": "ZARATE OLAYA CARLOS AURELIO",
              "idLitigante": 34622254
            }
          ],
          "lstLitiganteDemandado": [
            {
              "tipoLitigante": "DEMANDADO",
              "nombresLitigante": "VELASCO  ASTUDILLO  JESSICA  ELIZABETH  EN  CALIDAD  DE  GERENTE  GENERAL DE LA COMPAÑÍA SALJUPER S.A.",
              "representadoPor": "VELASCO  ASTUDILLO  JESSICA  ELIZABETH  EN  CALIDAD  DE  GERENTE  GENERAL DE LA COMPAÑÍA SALJUPER S.A.",
              "idLitigante": 41356424
            },
            {
              "tipoLitigante": "DEMANDADO",
              "nombresLitigante": "ASTUDILLO   MIÑO   RUTH   ELIZABETH   EN   CALIDAD   DE   PRESIDENTE    EJECUTIVO DE LA COMPAÑÍA SALJUPER S.A.",
              "representadoPor": "ASTUDILLO   MIÑO   RUTH   ELIZABETH   EN   CALIDAD   DE   PRESIDENTE    EJECUTIVO DE LA COMPAÑÍA SALJUPER S.A.",
              "idLitigante": 41356349
            },
            {
              "tipoLitigante": "DEMANDADO",
              "nombresLitigante": "saljuper  s.a",
              "representadoPor": "saljuper  s.a",
              "idLitigante": 40967149
            }
          ],
          "litiganteActor": null,
          "litiganteDemandado": null
        }
      ]
    }
  ]
}