{
  "0": {
    "id": 1,
    "idJuicio": "09359202002142 ",
    "estadoActual": null,
    "idMateria": 35,
    "idProvincia": null,
    "idCanton": null,
    "idJudicatura": null,
    "nombreDelito": "JUBILACIÓN",
    "fechaIngreso": "2020-07-28T14:54:08.917+00:00",
    "iEDocumentoAdjunto": "N",
    "nombre": null,
    "cedula": null,
    "idEstadoJuicio": null,
    "nombreMateria": "TRABAJO",
    "nombreEstadoJuicio": null,
    "nombreJudicatura": null,
    "nombreTipoResolucion": null,
    "nombreTipoAccion": "SUMARIO",
    "fechaProvidencia": null,
    "nombreProvidencia": null,
    "nombreProvincia": null
  },
  "id": 2,
  "idJuicio": "09359202002142 ",
  "estadoActual": "A",
  "idMateria": 35,
  "idProvincia": null,
  "idCanton": null,
  "idJudicatura": null,
  "nombreDelito": "JUBILACIÓN",
  "fechaIngreso": "2020-07-28T14:54:08.917+00:00",
  "iEDocumentoAdjunto": "N",
  "nombre": null,
  "cedula": null,
  "idEstadoJuicio": null,
  "nombreMateria": null,
  "nombreEstadoJuicio": null,
  "nombreJudicatura": null,
  "nombreTipoResolucion": null,
  "nombreTipoAccion": null,
  "fechaProvidencia": null,
  "nombreProvidencia": null,
  "nombreProvincia": null,
  "incidentes": [
    {
      "idJudicatura": "09359",
      "nombreJudicatura": "UNIDAD JUDICIAL DE TRABAJO  CON SEDE EN EL CANTÓN GUAYAQUIL, PROVINCIA DEL GUAYAS",
      "ciudad": "GUAYAQUIL",
      "lstIncidenteJudicatura": [
        {
          "idIncidenteJudicatura": 22817530,
          "idMovimientoJuicioIncidente": 21917315,
          "idJudicaturaDestino": "09359",
          "fechaCrea": "28/07/2020 09:54",
          "incidente": 1,
          "lstLitiganteActor": [
            {
              "tipoLitigante": "ACTOR",
              "nombresLitigante": "TAPIA AVILA LOTIS OTITA",
              "representadoPor": "TAPIA AVILA LOTIS OTITA",
              "idLitigante": 33650036
            }
          ],
          "lstLitiganteDemandado": [
            {
              "tipoLitigante": "DEMANDADO",
              "nombresLitigante": "SEGUROS ALIANZA S A",
              "representadoPor": "SEGUROS ALIANZA S A",
              "idLitigante": 36936237
            },
            {
              "tipoLitigante": "DEMANDADO",
              "nombresLitigante": "BARQUET RENDON EDUARDO JOSE",
              "representadoPor": "BARQUET RENDON EDUARDO JOSE",
              "idLitigante": 27294947
            }
          ],
          "litiganteActor": null,
          "litiganteDemandado": null
        }
      ]
    },
    {
      "idJudicatura": "17731",
      "nombreJudicatura": "SALA ESPECIALIZADA DE LO LABORAL DE LA CORTE NACIONAL DE JUSTICIA",
      "ciudad": "QUITO",
      "lstIncidenteJudicatura": [
        {
          "idIncidenteJudicatura": 24537569,
          "idMovimientoJuicioIncidente": 23381604,
          "idJudicaturaDestino": "17731",
          "fechaCrea": "08/11/2021 15:44",
          "incidente": 1,
          "lstLitiganteActor": [
            {
              "tipoLitigante": "ACTOR",
              "nombresLitigante": "TAPIA AVILA LOTIS OTITA",
              "representadoPor": "TAPIA AVILA LOTIS OTITA",
              "idLitigante": 33650036
            }
          ],
          "lstLitiganteDemandado": [
            {
              "tipoLitigante": "DEMANDADO",
              "nombresLitigante": "SEGUROS ALIANZA S A",
              "representadoPor": "SEGUROS ALIANZA S A",
              "idLitigante": 36936237
            },
            {
              "tipoLitigante": "DEMANDADO",
              "nombresLitigante": "BARQUET RENDON EDUARDO JOSE",
              "representadoPor": "BARQUET RENDON EDUARDO JOSE",
              "idLitigante": 27294947
            }
          ],
          "litiganteActor": null,
          "litiganteDemandado": null
        }
      ]
    },
    {
      "idJudicatura": "09133",
      "nombreJudicatura": "SALA ESPECIALIZADA DE LO LABORAL DE LA CORTE PROVINCIAL DE JUSTICIA DE GUAYAS",
      "ciudad": "GUAYAQUIL",
      "lstIncidenteJudicatura": [
        {
          "idIncidenteJudicatura": 23610218,
          "idMovimientoJuicioIncidente": 22528775,
          "idJudicaturaDestino": "09133",
          "fechaCrea": "08/02/2021 12:23",
          "incidente": 1,
          "lstLitiganteActor": [
            {
              "tipoLitigante": "ACTOR",
              "nombresLitigante": "TAPIA AVILA LOTIS OTITA",
              "representadoPor": "TAPIA AVILA LOTIS OTITA",
              "idLitigante": 33650036
            }
          ],
          "lstLitiganteDemandado": [
            {
              "tipoLitigante": "DEMANDADO",
              "nombresLitigante": "SEGUROS ALIANZA S A",
              "representadoPor": "SEGUROS ALIANZA S A",
              "idLitigante": 36936237
            },
            {
              "tipoLitigante": "DEMANDADO",
              "nombresLitigante": "BARQUET RENDON EDUARDO JOSE",
              "representadoPor": "BARQUET RENDON EDUARDO JOSE",
              "idLitigante": 27294947
            }
          ],
          "litiganteActor": null,
          "litiganteDemandado": null
        }
      ]
    }
  ]
}