{
  "0": {
    "id": 1,
    "idJuicio": "09359202200648 ",
    "estadoActual": null,
    "idMateria": 35,
    "idProvincia": null,
    "idCanton": null,
    "idJudicatura": null,
    "nombreDelito": "INDEMNIZACIÓN POR DESPIDO INTEMPESTIVO",
    "fechaIngreso": "2022-04-04T17:19:20.913+00:00",
    "iEDocumentoAdjunto": "N",
    "nombre": null,
    "cedula": null,
    "idEstadoJuicio": null,
    "nombreMateria": "TRABAJO",
    "nombreEstadoJuicio": null,
    "nombreJudicatura": null,
    "nombreTipoResolucion": null,
    "nombreTipoAccion": "SUMARIO",
    "fechaProvidencia": null,
    "nombreProvidencia": null,
    "nombreProvincia": null
  },
  "id": 1,
  "idJuicio": "09359202200648 ",
  "estadoActual": "A",
  "idMateria": 35,
  "idProvincia": null,
  "idCanton": null,
  "idJudicatura": null,
  "nombreDelito": "INDEMNIZACIÓN POR DESPIDO INTEMPESTIVO",
  "fechaIngreso": "2022-04-04T17:19:20.913+00:00",
  "iEDocumentoAdjunto": "N",
  "nombre": null,
  "cedula": null,
  "idEstadoJuicio": null,
  "nombreMateria": null,
  "nombreEstadoJuicio": null,
  "nombreJudicatura": null,
  "nombreTipoResolucion": null,
  "nombreTipoAccion": null,
  "fechaProvidencia": null,
  "nombreProvidencia": null,
  "nombreProvincia": null,
  "incidentes": [
    {
      "idJudicatura": "09359",
      "nombreJudicatura": "UNIDAD JUDICIAL DE TRABAJO  CON SEDE EN EL CANTÓN GUAYAQUIL, PROVINCIA DEL GUAYAS",
      "ciudad": "GUAYAQUIL",
      "lstIncidenteJudicatura": [
        {
          "idIncidenteJudicatura": 24990571,
          "idMovimientoJuicioIncidente": 23800604,
          "idJudicaturaDestino": "09359",
          "fechaCrea": "04/04/2022 12:19",
          "incidente": 1,
          "lstLitiganteActor": [
            {
              "tipoLitigante": "ACTOR",
              "nombresLitigante": "TORRES PROAÑO YESENNIA MONSERRATTE",
              "representadoPor": "TORRES PROAÑO YESENNIA MONSERRATTE",
              "idLitigante": 29186149
            }
          ],
          "lstLitiganteDemandado": [
            {
              "tipoLitigante": "DEMANDADO",
              "nombresLitigante": "JOSE  QUERUBIN NARVAEZ  MENDIETA. POR SUS PROPIOS  DERECHOS",
              "representadoPor": "JOSE  QUERUBIN NARVAEZ  MENDIETA. POR SUS PROPIOS  DERECHOS",
              "idLitigante": 39893528
            },
            {
              "tipoLitigante": "DEMANDADO",
              "nombresLitigante": "MONICA  ALEXANDRA  NARVAEZ  SOLANO.  POR  SUS  PROPIOS   DERECHOS. -",
              "representadoPor": "MONICA  ALEXANDRA  NARVAEZ  SOLANO.  POR  SUS  PROPIOS   DERECHOS. -",
              "idLitigante": 39893496
            },
            {
              "tipoLitigante": "DEMANDADO",
              "nombresLitigante": "jose  querubin    narvaez   mendienta",
              "representadoPor": "jose  querubin    narvaez   mendienta",
              "idLitigante": 39800505
            }
          ],
          "litiganteActor": null,
          "litiganteDemandado": null
        }
      ]
    },
    {
      "idJudicatura": "09133",
      "nombreJudicatura": "SALA ESPECIALIZADA DE LO LABORAL DE LA CORTE PROVINCIAL DE JUSTICIA DE GUAYAS",
      "ciudad": "GUAYAQUIL",
      "lstIncidenteJudicatura": [
        {
          "idIncidenteJudicatura": 25584119,
          "idMovimientoJuicioIncidente": 24345511,
          "idJudicaturaDestino": "09133",
          "fechaCrea": "05/10/2022 09:48",
          "incidente": 1,
          "lstLitiganteActor": [
            {
              "tipoLitigante": "ACTOR",
              "nombresLitigante": "TORRES PROAÑO YESENNIA MONSERRATTE",
              "representadoPor": "TORRES PROAÑO YESENNIA MONSERRATTE",
              "idLitigante": 29186149
            }
          ],
          "lstLitiganteDemandado": [
            {
              "tipoLitigante": "DEMANDADO",
              "nombresLitigante": "JOSE  QUERUBIN NARVAEZ  MENDIETA. POR SUS PROPIOS  DERECHOS",
              "representadoPor": "JOSE  QUERUBIN NARVAEZ  MENDIETA. POR SUS PROPIOS  DERECHOS",
              "idLitigante": 39893528
            },
            {
              "tipoLitigante": "DEMANDADO",
              "nombresLitigante": "MONICA  ALEXANDRA  NARVAEZ  SOLANO.  POR  SUS  PROPIOS   DERECHOS. -",
              "representadoPor": "MONICA  ALEXANDRA  NARVAEZ  SOLANO.  POR  SUS  PROPIOS   DERECHOS. -",
              "idLitigante": 39893496
            },
            {
              "tipoLitigante": "DEMANDADO",
              "nombresLitigante": "jose  querubin    narvaez   mendienta",
              "representadoPor": "jose  querubin    narvaez   mendienta",
              "idLitigante": 39800505
            }
          ],
          "litiganteActor": null,
          "litiganteDemandado": null
        }
      ]
    }
  ]
}