{
  "0": {
    "id": 1,
    "idJuicio": "0935220091865  ",
    "estadoActual": null,
    "idMateria": 4,
    "idProvincia": null,
    "idCanton": null,
    "idJudicatura": null,
    "nombreDelito": "HABERES E INDEMNIZACIONES LABORALES                                                                                                                                                 ",
    "fechaIngreso": "2009-09-07T20:22:06.373+00:00",
    "iEDocumentoAdjunto": "N",
    "nombre": null,
    "cedula": null,
    "idEstadoJuicio": null,
    "nombreMateria": "TRABAJO NO_COGEP",
    "nombreEstadoJuicio": null,
    "nombreJudicatura": null,
    "nombreTipoResolucion": null,
    "nombreTipoAccion": "PROCEDIMIENTO ORAL                                                    ",
    "fechaProvidencia": null,
    "nombreProvidencia": null,
    "nombreProvincia": null
  },
  "id": 2,
  "idJuicio": "0935220091865  ",
  "estadoActual": "A",
  "idMateria": 4,
  "idProvincia": null,
  "idCanton": null,
  "idJudicatura": null,
  "nombreDelito": "HABERES E INDEMNIZACIONES LABORALES                                                                                                                                                 ",
  "fechaIngreso": "2009-09-07T20:22:06.373+00:00",
  "iEDocumentoAdjunto": "N",
  "nombre": null,
  "cedula": null,
  "idEstadoJuicio": null,
  "nombreMateria": null,
  "nombreEstadoJuicio": null,
  "nombreJudicatura": null,
  "nombreTipoResolucion": null,
  "nombreTipoAccion": null,
  "fechaProvidencia": null,
  "nombreProvidencia": null,
  "nombreProvincia": null,
  "incidentes": [
    {
      "idJudicatura": "09359",
      "nombreJudicatura": "UNIDAD JUDICIAL DE TRABAJO  CON SEDE EN EL CANTÓN GUAYAQUIL, PROVINCIA DEL GUAYAS",
      "ciudad": "GUAYAQUIL",
      "lstIncidenteJudicatura": [
        {
          "idIncidenteJudicatura": 13611102,
          "idMovimientoJuicioIncidente": 12743118,
          "idJudicaturaDestino": "09359",
          "fechaCrea": "24/10/2014 06:40",
          "incidente": 1,
          "lstLitiganteActor": [
            {
              "tipoLitigante": "ACTOR",
              "nombresLitigante": "JORGE SILVERIO MERA MERA",
              "representadoPor": null,
              "idLitigante": 4962919
            },
            {
              "tipoLitigante": "ACTOR",
              "nombresLitigante": "MERA MERA JORGE SILVERIO",
              "representadoPor": "MERA MERA JORGE SILVERIO",
              "idLitigante": 29335245
            }
          ],
          "lstLitiganteDemandado": [
            {
              "tipoLitigante": "DEMANDADO",
              "nombresLitigante": "WERNER PELLEHN DEKMANN, PRESIDENTE PUERTO TRINITARIA TRINIPUERTO S.A",
              "representadoPor": null,
              "idLitigante": 18152884
            },
            {
              "tipoLitigante": "DEMANDADO",
              "nombresLitigante": "FAUSTO MONCAYO ALVAREZ",
              "representadoPor": null,
              "idLitigante": 18152883
            }
          ],
          "litiganteActor": null,
          "litiganteDemandado": null
        }
      ]
    },
    {
      "idJudicatura": "09352",
      "nombreJudicatura": "JUZGADO SEGUNDO DE TRABAJO",
      "ciudad": "GUAYAQUIL",
      "lstIncidenteJudicatura": [
        {
          "idIncidenteJudicatura": 10025113,
          "idMovimientoJuicioIncidente": 4214687,
          "idJudicaturaDestino": "09352",
          "fechaCrea": "07/09/2009 15:22",
          "incidente": 1,
          "lstLitiganteActor": [
            {
              "tipoLitigante": "ACTOR",
              "nombresLitigante": "JORGE SILVERIO MERA MERA",
              "representadoPor": null,
              "idLitigante": 4962919
            }
          ],
          "lstLitiganteDemandado": [
            {
              "tipoLitigante": "DEMANDADO",
              "nombresLitigante": "FAUSTO MONCAYO ALVAREZ",
              "representadoPor": null,
              "idLitigante": 18152883
            },
            {
              "tipoLitigante": "DEMANDADO",
              "nombresLitigante": "WERNER PELLEHN DEKMANN, PRESIDENTE PUERTO TRINITARIA TRINIPUERTO S.A",
              "representadoPor": null,
              "idLitigante": 18152884
            }
          ],
          "litiganteActor": null,
          "litiganteDemandado": null
        }
      ]
    }
  ]
}