{
  "0": {
    "id": 1,
    "idJuicio": "0935120100644  ",
    "estadoActual": null,
    "idMateria": 4,
    "idProvincia": null,
    "idCanton": null,
    "idJudicatura": null,
    "nombreDelito": "HABERES E INDEMNIZACIONES LABORALES                                                                                                                                                 ",
    "fechaIngreso": "2010-09-03T05:00:00.000+00:00",
    "iEDocumentoAdjunto": "N",
    "nombre": null,
    "cedula": null,
    "idEstadoJuicio": null,
    "nombreMateria": "TRABAJO NO_COGEP",
    "nombreEstadoJuicio": null,
    "nombreJudicatura": null,
    "nombreTipoResolucion": null,
    "nombreTipoAccion": "PROCEDIMIENTO ORAL                                                    ",
    "fechaProvidencia": null,
    "nombreProvidencia": null,
    "nombreProvincia": null
  },
  "id": 2,
  "idJuicio": "0935120100644  ",
  "estadoActual": "A",
  "idMateria": 4,
  "idProvincia": null,
  "idCanton": null,
  "idJudicatura": null,
  "nombreDelito": "HABERES E INDEMNIZACIONES LABORALES                                                                                                                                                 ",
  "fechaIngreso": "2010-09-03T05:00:00.000+00:00",
  "iEDocumentoAdjunto": "N",
  "nombre": null,
  "cedula": null,
  "idEstadoJuicio": null,
  "nombreMateria": null,
  "nombreEstadoJuicio": null,
  "nombreJudicatura": null,
  "nombreTipoResolucion": null,
  "nombreTipoAccion": null,
  "fechaProvidencia": null,
  "nombreProvidencia": null,
  "nombreProvincia": null,
  "incidentes": [
    {
      "idJudicatura": "09359",
      "nombreJudicatura": "UNIDAD JUDICIAL DE TRABAJO  CON SEDE EN EL CANTÓN GUAYAQUIL, PROVINCIA DEL GUAYAS",
      "ciudad": "GUAYAQUIL",
      "lstIncidenteJudicatura": [
        {
          "idIncidenteJudicatura": 13929205,
          "idMovimientoJuicioIncidente": 12717519,
          "idJudicaturaDestino": "09359",
          "fechaCrea": "24/10/2014 06:37",
          "incidente": 1,
          "lstLitiganteActor": [
            {
              "tipoLitigante": "ACTOR",
              "nombresLitigante": "CABEZAS QUIÑONEZ CARMEN ELISA",
              "representadoPor": null,
              "idLitigante": 4991676
            }
          ],
          "lstLitiganteDemandado": [
            {
              "tipoLitigante": "DEMANDADO",
              "nombresLitigante": "BORJA CASTILLO CRUSELINA",
              "representadoPor": null,
              "idLitigante": 18138334
            },
            {
              "tipoLitigante": "DEMANDADO",
              "nombresLitigante": "BORJA CASTILLO CRUSELINA",
              "representadoPor": null,
              "idLitigante": 18138333
            }
          ],
          "litiganteActor": null,
          "litiganteDemandado": null
        }
      ]
    },
    {
      "idJudicatura": "09351",
      "nombreJudicatura": "JUZGADO PRIMERO DE TRABAJO",
      "ciudad": "GUAYAQUIL",
      "lstIncidenteJudicatura": [
        {
          "idIncidenteJudicatura": 14168771,
          "idMovimientoJuicioIncidente": 5068969,
          "idJudicaturaDestino": "09351",
          "fechaCrea": "03/09/2010 00:00",
          "incidente": 1,
          "lstLitiganteActor": [
            {
              "tipoLitigante": "ACTOR",
              "nombresLitigante": "CABEZAS QUIÑONEZ CARMEN ELISA",
              "representadoPor": null,
              "idLitigante": 4991676
            }
          ],
          "lstLitiganteDemandado": [
            {
              "tipoLitigante": "DEMANDADO",
              "nombresLitigante": "BORJA CASTILLO CRUSELINA",
              "representadoPor": null,
              "idLitigante": 18138334
            },
            {
              "tipoLitigante": "DEMANDADO",
              "nombresLitigante": "BORJA CASTILLO CRUSELINA",
              "representadoPor": null,
              "idLitigante": 18138333
            }
          ],
          "litiganteActor": null,
          "litiganteDemandado": null
        }
      ]
    }
  ]
}