{
  "0": {
    "id": 1,
    "idJuicio": "09359201603221 ",
    "estadoActual": null,
    "idMateria": 35,
    "idProvincia": null,
    "idCanton": null,
    "idJudicatura": null,
    "nombreDelito": "INDEMNIZACIÓN POR DESPIDO INTEMPESTIVO",
    "fechaIngreso": "2016-09-20T16:18:02.273+00:00",
    "iEDocumentoAdjunto": "N",
    "nombre": null,
    "cedula": null,
    "idEstadoJuicio": null,
    "nombreMateria": "TRABAJO",
    "nombreEstadoJuicio": null,
    "nombreJudicatura": null,
    "nombreTipoResolucion": null,
    "nombreTipoAccion": "SUMARIO",
    "fechaProvidencia": null,
    "nombreProvidencia": null,
    "nombreProvincia": null
  },
  "id": 1,
  "idJuicio": "09359201603221 ",
  "estadoActual": "A",
  "idMateria": 35,
  "idProvincia": null,
  "idCanton": null,
  "idJudicatura": null,
  "nombreDelito": "INDEMNIZACIÓN POR DESPIDO INTEMPESTIVO",
  "fechaIngreso": "2016-09-20T16:18:02.273+00:00",
  "iEDocumentoAdjunto": "N",
  "nombre": null,
  "cedula": null,
  "idEstadoJuicio": null,
  "nombreMateria": null,
  "nombreEstadoJuicio": null,
  "nombreJudicatura": null,
  "nombreTipoResolucion": null,
  "nombreTipoAccion": null,
  "fechaProvidencia": null,
  "nombreProvidencia": null,
  "nombreProvincia": null,
  "incidentes": [
    {
      "idJudicatura": "09359",
      "nombreJudicatura": "UNIDAD JUDICIAL DE TRABAJO  CON SEDE EN EL CANTÓN GUAYAQUIL, PROVINCIA DEL GUAYAS",
      "ciudad": "GUAYAQUIL",
      "lstIncidenteJudicatura": [
        {
          "idIncidenteJudicatura": 18337216,
          "idMovimientoJuicioIncidente": 18284444,
          "idJudicaturaDestino": "09359",
          "fechaCrea": "20/09/2016 11:18",
          "incidente": 1,
          "lstLitiganteActor": [
            {
              "tipoLitigante": "ACTOR",
              "nombresLitigante": "BURGOS OBREGON LUIS OSWALDO",
              "representadoPor": "BURGOS OBREGON LUIS OSWALDO",
              "idLitigante": 31156836
            },
            {
              "tipoLitigante": "ACTOR",
              "nombresLitigante": "CASTILLO MEJIA CARLOS ENRIQUE",
              "representadoPor": "CASTILLO MEJIA CARLOS ENRIQUE",
              "idLitigante": 31156817
            }
          ],
          "lstLitiganteDemandado": [
            {
              "tipoLitigante": "DEMANDADO",
              "nombresLitigante": "MATAMOROS DURAN GUSTAVO ALFREDO",
              "representadoPor": "MATAMOROS DURAN GUSTAVO ALFREDO",
              "idLitigante": 31436641
            }
          ],
          "litiganteActor": null,
          "litiganteDemandado": null
        }
      ]
    }
  ]
}