{
  "0": {
    "id": 1,
    "idJuicio": "0940320141004G ",
    "estadoActual": null,
    "idMateria": 5,
    "idProvincia": null,
    "idCanton": null,
    "idJudicatura": null,
    "nombreDelito": "INSCRIPCIÓN DE CONTRATO DE ARRENDAMIENTO                                                                                                                                                                                                                                                                                                                                                                                                                                                                                                                                                                                                                                                                                                                                                                                                                                                                                            ",
    "fechaIngreso": "2014-09-01T05:00:00.000+00:00",
    "iEDocumentoAdjunto": "N",
    "nombre": null,
    "cedula": null,
    "idEstadoJuicio": null,
    "nombreMateria": "INQUILINATO NO_COGEP",
    "nombreEstadoJuicio": null,
    "nombreJudicatura": null,
    "nombreTipoResolucion": null,
    "nombreTipoAccion": "TRÁMITE ESPECIAL                                                      ",
    "fechaProvidencia": null,
    "nombreProvidencia": null,
    "nombreProvincia": null
  },
  "id": 1,
  "idJuicio": "0940320141004G ",
  "estadoActual": "A",
  "idMateria": 5,
  "idProvincia": null,
  "idCanton": null,
  "idJudicatura": null,
  "nombreDelito": "INSCRIPCIÓN DE CONTRATO DE ARRENDAMIENTO                                                                                                                                                                                                                                                                                                                                                                                                                                                                                                                                                                                                                                                                                                                                                                                                                                                                                            ",
  "fechaIngreso": "2014-09-01T05:00:00.000+00:00",
  "iEDocumentoAdjunto": "N",
  "nombre": null,
  "cedula": null,
  "idEstadoJuicio": null,
  "nombreMateria": null,
  "nombreEstadoJuicio": null,
  "nombreJudicatura": null,
  "nombreTipoResolucion": null,
  "nombreTipoAccion": null,
  "fechaProvidencia": null,
  "nombreProvidencia": null,
  "nombreProvincia": null,
  "incidentes": [
    {
      "idJudicatura": "09403",
      "nombreJudicatura": "JUZGADO TERCERO DE INQUILINATO Y RELACIONES VECINALES",
      "ciudad": "GUAYAQUIL",
      "lstIncidenteJudicatura": [
        {
          "idIncidenteJudicatura": 2024615,
          "idMovimientoJuicioIncidente": 10266763,
          "idJudicaturaDestino": "09403",
          "fechaCrea": "01/09/2014 15:25",
          "incidente": 1,
          "lstLitiganteActor": [
            {
              "tipoLitigante": "ACTOR",
              "nombresLitigante": "PIN LUNA LUIS ULISES/ARRENDATARIA",
              "representadoPor": null,
              "idLitigante": 5533267
            },
            {
              "tipoLitigante": "ACTOR",
              "nombresLitigante": "CRESPO CHOEZ ANA RAFAELA/ARRENDADORA",
              "representadoPor": null,
              "idLitigante": 5519781
            }
          ],
          "lstLitiganteDemandado": [
            {
              "tipoLitigante": "DEMANDADO",
              "nombresLitigante": "",
              "representadoPor": null,
              "idLitigante": 18385327
            }
          ],
          "litiganteActor": null,
          "litiganteDemandado": null
        }
      ]
    },
    {
      "idJudicatura": "09332",
      "nombreJudicatura": "UNIDAD JUDICIAL CIVIL CON SEDE EN EL CANTÓN GUAYAQUIL",
      "ciudad": "GUAYAQUIL",
      "lstIncidenteJudicatura": [
        {
          "idIncidenteJudicatura": 4713870,
          "idMovimientoJuicioIncidente": 17056762,
          "idJudicaturaDestino": "09332",
          "fechaCrea": "12/02/2016 19:24",
          "incidente": 1,
          "lstLitiganteActor": [
            {
              "tipoLitigante": "ACTOR",
              "nombresLitigante": "PIN LUNA LUIS ULISES/ARRENDATARIA",
              "representadoPor": null,
              "idLitigante": 5533267
            },
            {
              "tipoLitigante": "ACTOR",
              "nombresLitigante": "CRESPO CHOEZ ANA RAFAELA/ARRENDADORA",
              "representadoPor": null,
              "idLitigante": 5519781
            }
          ],
          "lstLitiganteDemandado": [
            {
              "tipoLitigante": "DEMANDADO",
              "nombresLitigante": "",
              "representadoPor": null,
              "idLitigante": 18385327
            }
          ],
          "litiganteActor": null,
          "litiganteDemandado": null
        }
      ]
    },
    {
      "idJudicatura": "09406",
      "nombreJudicatura": "UNIDAD JUDICIAL DE FLORIDA DE INQUILINATO CON SEDE EN EL CANTÓN GUAYAQUIL",
      "ciudad": "GUAYAQUIL",
      "lstIncidenteJudicatura": [
        {
          "idIncidenteJudicatura": 3934871,
          "idMovimientoJuicioIncidente": 12491753,
          "idJudicaturaDestino": "09406",
          "fechaCrea": "24/10/2014 06:10",
          "incidente": 1,
          "lstLitiganteActor": [
            {
              "tipoLitigante": "ACTOR",
              "nombresLitigante": "PIN LUNA LUIS ULISES/ARRENDATARIA",
              "representadoPor": null,
              "idLitigante": 5533267
            },
            {
              "tipoLitigante": "ACTOR",
              "nombresLitigante": "CRESPO CHOEZ ANA RAFAELA/ARRENDADORA",
              "representadoPor": null,
              "idLitigante": 5519781
            }
          ],
          "lstLitiganteDemandado": [
            {
              "tipoLitigante": "DEMANDADO",
              "nombresLitigante": "",
              "representadoPor": null,
              "idLitigante": 18385327
            }
          ],
          "litiganteActor": null,
          "litiganteDemandado": null
        }
      ]
    }
  ]
}