{
  "0": {
    "id": 1,
    "idJuicio": "09406201515906G",
    "estadoActual": null,
    "idMateria": 5,
    "idProvincia": null,
    "idCanton": null,
    "idJudicatura": null,
    "nombreDelito": "REGISTRO DE CONTRATO DE ARRENDAMIENTO",
    "fechaIngreso": "2015-04-06T18:07:07.210+00:00",
    "iEDocumentoAdjunto": "N",
    "nombre": null,
    "cedula": null,
    "idEstadoJuicio": null,
    "nombreMateria": "INQUILINATO NO_COGEP",
    "nombreEstadoJuicio": null,
    "nombreJudicatura": null,
    "nombreTipoResolucion": null,
    "nombreTipoAccion": "CONTRATO DE ARRENDAMIENTO",
    "fechaProvidencia": null,
    "nombreProvidencia": null,
    "nombreProvincia": null
  },
  "id": 2,
  "idJuicio": "09406201515906G",
  "estadoActual": "A",
  "idMateria": 5,
  "idProvincia": null,
  "idCanton": null,
  "idJudicatura": null,
  "nombreDelito": "REGISTRO DE CONTRATO DE ARRENDAMIENTO",
  "fechaIngreso": "2015-04-06T18:07:07.210+00:00",
  "iEDocumentoAdjunto": "N",
  "nombre": null,
  "cedula": null,
  "idEstadoJuicio": null,
  "nombreMateria": null,
  "nombreEstadoJuicio": null,
  "nombreJudicatura": null,
  "nombreTipoResolucion": null,
  "nombreTipoAccion": null,
  "fechaProvidencia": null,
  "nombreProvidencia": null,
  "nombreProvincia": null,
  "incidentes": [
    {
      "idJudicatura": "09332",
      "nombreJudicatura": "UNIDAD JUDICIAL CIVIL CON SEDE EN EL CANTÓN GUAYAQUIL",
      "ciudad": "GUAYAQUIL",
      "lstIncidenteJudicatura": [
        {
          "idIncidenteJudicatura": 13794899,
          "idMovimientoJuicioIncidente": 17320817,
          "idJudicaturaDestino": "09332",
          "fechaCrea": "17/02/2016 19:55",
          "incidente": 1,
          "lstLitiganteActor": [
            {
              "tipoLitigante": "ACTOR",
              "nombresLitigante": "PONCE GARCIA ARACELY BEATRIZ",
              "representadoPor": "PONCE GARCIA ARACELY BEATRIZ",
              "idLitigante": 27310072
            },
            {
              "tipoLitigante": "ACTOR",
              "nombresLitigante": "MERCHAN ARCE CELIA FRANCISCA",
              "representadoPor": "MERCHAN ARCE CELIA FRANCISCA",
              "idLitigante": 27310068
            }
          ],
          "lstLitiganteDemandado": null,
          "litiganteActor": null,
          "litiganteDemandado": null
        }
      ]
    },
    {
      "idJudicatura": "09406",
      "nombreJudicatura": "UNIDAD JUDICIAL DE FLORIDA DE INQUILINATO CON SEDE EN EL CANTÓN GUAYAQUIL",
      "ciudad": "GUAYAQUIL",
      "lstIncidenteJudicatura": [
        {
          "idIncidenteJudicatura": 11108178,
          "idMovimientoJuicioIncidente": 14849494,
          "idJudicaturaDestino": "09406",
          "fechaCrea": "06/04/2015 13:07",
          "incidente": 1,
          "lstLitiganteActor": [
            {
              "tipoLitigante": "ACTOR",
              "nombresLitigante": "PONCE GARCIA ARACELY BEATRIZ",
              "representadoPor": "PONCE GARCIA ARACELY BEATRIZ",
              "idLitigante": 27310072
            },
            {
              "tipoLitigante": "ACTOR",
              "nombresLitigante": "MERCHAN ARCE CELIA FRANCISCA",
              "representadoPor": "MERCHAN ARCE CELIA FRANCISCA",
              "idLitigante": 27310068
            }
          ],
          "lstLitiganteDemandado": null,
          "litiganteActor": null,
          "litiganteDemandado": null
        }
      ]
    }
  ]
}