{
  "0": {
    "id": 1,
    "idJuicio": "0940320141456G ",
    "estadoActual": null,
    "idMateria": 5,
    "idProvincia": null,
    "idCanton": null,
    "idJudicatura": null,
    "nombreDelito": "INSCRIPCIÓN DE CONTRATO DE ARRENDAMIENTO                                                                                                                                                                                                                                                                                                                                                                                                                                                                                                                                                                                                                                                                                                                                                                                                                                                                                            ",
    "fechaIngreso": "2014-09-12T05:00:00.000+00:00",
    "iEDocumentoAdjunto": "N",
    "nombre": null,
    "cedula": null,
    "idEstadoJuicio": null,
    "nombreMateria": "INQUILINATO NO_COGEP",
    "nombreEstadoJuicio": null,
    "nombreJudicatura": null,
    "nombreTipoResolucion": null,
    "nombreTipoAccion": "TRÁMITE ESPECIAL                                                      ",
    "fechaProvidencia": null,
    "nombreProvidencia": null,
    "nombreProvincia": null
  },
  "id": 1,
  "idJuicio": "0940320141456G ",
  "estadoActual": "A",
  "idMateria": 5,
  "idProvincia": null,
  "idCanton": null,
  "idJudicatura": null,
  "nombreDelito": "INSCRIPCIÓN DE CONTRATO DE ARRENDAMIENTO                                                                                                                                                                                                                                                                                                                                                                                                                                                                                                                                                                                                                                                                                                                                                                                                                                                                                            ",
  "fechaIngreso": "2014-09-12T05:00:00.000+00:00",
  "iEDocumentoAdjunto": "N",
  "nombre": null,
  "cedula": null,
  "idEstadoJuicio": null,
  "nombreMateria": null,
  "nombreEstadoJuicio": null,
  "nombreJudicatura": null,
  "nombreTipoResolucion": null,
  "nombreTipoAccion": null,
  "fechaProvidencia": null,
  "nombreProvidencia": null,
  "nombreProvincia": null,
  "incidentes": [
    {
      "idJudicatura": "09403",
      "nombreJudicatura": "JUZGADO TERCERO DE INQUILINATO Y RELACIONES VECINALES",
      "ciudad": "GUAYAQUIL",
      "lstIncidenteJudicatura": [
        {
          "idIncidenteJudicatura": 17411750,
          "idMovimientoJuicioIncidente": 10311391,
          "idJudicaturaDestino": "09403",
          "fechaCrea": "12/09/2014 15:30",
          "incidente": 1,
          "lstLitiganteActor": [
            {
              "tipoLitigante": "ACTOR",
              "nombresLitigante": "GARCIA ZAMBRANO JOSE FREDDY/ARRRENDATARIO",
              "representadoPor": null,
              "idLitigante": 5599623
            },
            {
              "tipoLitigante": "ACTOR",
              "nombresLitigante": "CEDEÑO MENDOZA ANDRES POLIVIO/ARRENDADOR",
              "representadoPor": null,
              "idLitigante": 5599622
            }
          ],
          "lstLitiganteDemandado": [
            {
              "tipoLitigante": "DEMANDADO",
              "nombresLitigante": "",
              "representadoPor": null,
              "idLitigante": 18263972
            }
          ],
          "litiganteActor": null,
          "litiganteDemandado": null
        }
      ]
    },
    {
      "idJudicatura": "09332",
      "nombreJudicatura": "UNIDAD JUDICIAL CIVIL CON SEDE EN EL CANTÓN GUAYAQUIL",
      "ciudad": "GUAYAQUIL",
      "lstIncidenteJudicatura": [
        {
          "idIncidenteJudicatura": 16542501,
          "idMovimientoJuicioIncidente": 17060670,
          "idJudicaturaDestino": "09332",
          "fechaCrea": "12/02/2016 19:25",
          "incidente": 1,
          "lstLitiganteActor": [
            {
              "tipoLitigante": "ACTOR",
              "nombresLitigante": "GARCIA ZAMBRANO JOSE FREDDY/ARRRENDATARIO",
              "representadoPor": null,
              "idLitigante": 5599623
            },
            {
              "tipoLitigante": "ACTOR",
              "nombresLitigante": "CEDEÑO MENDOZA ANDRES POLIVIO/ARRENDADOR",
              "representadoPor": null,
              "idLitigante": 5599622
            }
          ],
          "lstLitiganteDemandado": [
            {
              "tipoLitigante": "DEMANDADO",
              "nombresLitigante": "",
              "representadoPor": null,
              "idLitigante": 18263972
            }
          ],
          "litiganteActor": null,
          "litiganteDemandado": null
        }
      ]
    },
    {
      "idJudicatura": "09406",
      "nombreJudicatura": "UNIDAD JUDICIAL DE FLORIDA DE INQUILINATO CON SEDE EN EL CANTÓN GUAYAQUIL",
      "ciudad": "GUAYAQUIL",
      "lstIncidenteJudicatura": [
        {
          "idIncidenteJudicatura": 14884490,
          "idMovimientoJuicioIncidente": 12493003,
          "idJudicaturaDestino": "09406",
          "fechaCrea": "24/10/2014 06:10",
          "incidente": 1,
          "lstLitiganteActor": [
            {
              "tipoLitigante": "ACTOR",
              "nombresLitigante": "GARCIA ZAMBRANO JOSE FREDDY/ARRRENDATARIO",
              "representadoPor": null,
              "idLitigante": 5599623
            },
            {
              "tipoLitigante": "ACTOR",
              "nombresLitigante": "CEDEÑO MENDOZA ANDRES POLIVIO/ARRENDADOR",
              "representadoPor": null,
              "idLitigante": 5599622
            }
          ],
          "lstLitiganteDemandado": [
            {
              "tipoLitigante": "DEMANDADO",
              "nombresLitigante": "",
              "representadoPor": null,
              "idLitigante": 18263972
            }
          ],
          "litiganteActor": null,
          "litiganteDemandado": null
        }
      ]
    }
  ]
}