{
  "0": {
    "id": 1,
    "idJuicio": "0940620155743G ",
    "estadoActual": null,
    "idMateria": 5,
    "idProvincia": null,
    "idCanton": null,
    "idJudicatura": null,
    "nombreDelito": "REGISTRO DE CONTRATO DE ARRENDAMIENTO",
    "fechaIngreso": "2015-02-05T14:49:11.390+00:00",
    "iEDocumentoAdjunto": "N",
    "nombre": null,
    "cedula": null,
    "idEstadoJuicio": null,
    "nombreMateria": "INQUILINATO NO_COGEP",
    "nombreEstadoJuicio": null,
    "nombreJudicatura": null,
    "nombreTipoResolucion": null,
    "nombreTipoAccion": "CONTRATO DE ARRENDAMIENTO",
    "fechaProvidencia": null,
    "nombreProvidencia": null,
    "nombreProvincia": null
  },
  "id": 5,
  "idJuicio": "0940620155743G ",
  "estadoActual": "A",
  "idMateria": 5,
  "idProvincia": null,
  "idCanton": null,
  "idJudicatura": null,
  "nombreDelito": "REGISTRO DE CONTRATO DE ARRENDAMIENTO",
  "fechaIngreso": "2015-02-05T14:49:11.390+00:00",
  "iEDocumentoAdjunto": "N",
  "nombre": null,
  "cedula": null,
  "idEstadoJuicio": null,
  "nombreMateria": null,
  "nombreEstadoJuicio": null,
  "nombreJudicatura": null,
  "nombreTipoResolucion": null,
  "nombreTipoAccion": null,
  "fechaProvidencia": null,
  "nombreProvidencia": null,
  "nombreProvincia": null,
  "incidentes": [
    {
      "idJudicatura": "09332",
      "nombreJudicatura": "UNIDAD JUDICIAL CIVIL CON SEDE EN EL CANTÓN GUAYAQUIL",
      "ciudad": "GUAYAQUIL",
      "lstIncidenteJudicatura": [
        {
          "idIncidenteJudicatura": 6708558,
          "idMovimientoJuicioIncidente": 17311636,
          "idJudicaturaDestino": "09332",
          "fechaCrea": "17/02/2016 19:51",
          "incidente": 1,
          "lstLitiganteActor": [
            {
              "tipoLitigante": "ACTOR",
              "nombresLitigante": "GUTIERREZ SOLORZANO ANGELA INES",
              "representadoPor": "GUTIERREZ SOLORZANO ANGELA INES",
              "idLitigante": 26779211
            },
            {
              "tipoLitigante": "ACTOR",
              "nombresLitigante": "PARRA MARIN FLAVIO",
              "representadoPor": "PARRA MARIN FLAVIO",
              "idLitigante": 26779204
            }
          ],
          "lstLitiganteDemandado": null,
          "litiganteActor": null,
          "litiganteDemandado": null
        }
      ]
    },
    {
      "idJudicatura": "09406",
      "nombreJudicatura": "UNIDAD JUDICIAL DE FLORIDA DE INQUILINATO CON SEDE EN EL CANTÓN GUAYAQUIL",
      "ciudad": "GUAYAQUIL",
      "lstIncidenteJudicatura": [
        {
          "idIncidenteJudicatura": 12843600,
          "idMovimientoJuicioIncidente": 14548439,
          "idJudicaturaDestino": "09406",
          "fechaCrea": "05/02/2015 09:49",
          "incidente": 1,
          "lstLitiganteActor": [
            {
              "tipoLitigante": "ACTOR",
              "nombresLitigante": "GUTIERREZ SOLORZANO ANGELA INES",
              "representadoPor": "GUTIERREZ SOLORZANO ANGELA INES",
              "idLitigante": 26779211
            },
            {
              "tipoLitigante": "ACTOR",
              "nombresLitigante": "PARRA MARIN FLAVIO",
              "representadoPor": "PARRA MARIN FLAVIO",
              "idLitigante": 26779204
            }
          ],
          "lstLitiganteDemandado": null,
          "litiganteActor": null,
          "litiganteDemandado": null
        }
      ]
    }
  ]
}