{
  "0": {
    "id": 1,
    "idJuicio": "0940320142205G ",
    "estadoActual": null,
    "idMateria": 5,
    "idProvincia": null,
    "idCanton": null,
    "idJudicatura": null,
    "nombreDelito": "INSCRIPCIÓN DE CONTRATO DE ARRENDAMIENTO                                                                                                                                                                                                                                                                                                                                                                                                                                                                                                                                                                                                                                                                                                                                                                                                                                                                                            ",
    "fechaIngreso": "2014-10-07T05:00:00.000+00:00",
    "iEDocumentoAdjunto": "N",
    "nombre": null,
    "cedula": null,
    "idEstadoJuicio": null,
    "nombreMateria": "INQUILINATO NO_COGEP",
    "nombreEstadoJuicio": null,
    "nombreJudicatura": null,
    "nombreTipoResolucion": null,
    "nombreTipoAccion": "TRÁMITE ESPECIAL                                                      ",
    "fechaProvidencia": null,
    "nombreProvidencia": null,
    "nombreProvincia": null
  },
  "id": 1,
  "idJuicio": "0940320142205G ",
  "estadoActual": "A",
  "idMateria": 5,
  "idProvincia": null,
  "idCanton": null,
  "idJudicatura": null,
  "nombreDelito": "INSCRIPCIÓN DE CONTRATO DE ARRENDAMIENTO                                                                                                                                                                                                                                                                                                                                                                                                                                                                                                                                                                                                                                                                                                                                                                                                                                                                                            ",
  "fechaIngreso": "2014-10-07T05:00:00.000+00:00",
  "iEDocumentoAdjunto": "N",
  "nombre": null,
  "cedula": null,
  "idEstadoJuicio": null,
  "nombreMateria": null,
  "nombreEstadoJuicio": null,
  "nombreJudicatura": null,
  "nombreTipoResolucion": null,
  "nombreTipoAccion": null,
  "fechaProvidencia": null,
  "nombreProvidencia": null,
  "nombreProvincia": null,
  "incidentes": [
    {
      "idJudicatura": "09403",
      "nombreJudicatura": "JUZGADO TERCERO DE INQUILINATO Y RELACIONES VECINALES",
      "ciudad": "GUAYAQUIL",
      "lstIncidenteJudicatura": [
        {
          "idIncidenteJudicatura": 14716900,
          "idMovimientoJuicioIncidente": 10408349,
          "idJudicaturaDestino": "09403",
          "fechaCrea": "07/10/2014 13:04",
          "incidente": 1,
          "lstLitiganteActor": [
            {
              "tipoLitigante": "ACTOR",
              "nombresLitigante": "LOPEZ SANCHEZ LUZ",
              "representadoPor": null,
              "idLitigante": 5573292
            },
            {
              "tipoLitigante": "ACTOR",
              "nombresLitigante": "JOSE ALEMAN JUAN",
              "representadoPor": null,
              "idLitigante": 5573291
            }
          ],
          "lstLitiganteDemandado": [
            {
              "tipoLitigante": "DEMANDADO",
              "nombresLitigante": "",
              "representadoPor": null,
              "idLitigante": 18290779
            }
          ],
          "litiganteActor": null,
          "litiganteDemandado": null
        }
      ]
    },
    {
      "idJudicatura": "09332",
      "nombreJudicatura": "UNIDAD JUDICIAL CIVIL CON SEDE EN EL CANTÓN GUAYAQUIL",
      "ciudad": "GUAYAQUIL",
      "lstIncidenteJudicatura": [
        {
          "idIncidenteJudicatura": 13395009,
          "idMovimientoJuicioIncidente": 17057134,
          "idJudicaturaDestino": "09332",
          "fechaCrea": "12/02/2016 19:24",
          "incidente": 1,
          "lstLitiganteActor": [
            {
              "tipoLitigante": "ACTOR",
              "nombresLitigante": "LOPEZ SANCHEZ LUZ",
              "representadoPor": null,
              "idLitigante": 5573292
            },
            {
              "tipoLitigante": "ACTOR",
              "nombresLitigante": "JOSE ALEMAN JUAN",
              "representadoPor": null,
              "idLitigante": 5573291
            }
          ],
          "lstLitiganteDemandado": [
            {
              "tipoLitigante": "DEMANDADO",
              "nombresLitigante": "",
              "representadoPor": null,
              "idLitigante": 18290779
            }
          ],
          "litiganteActor": null,
          "litiganteDemandado": null
        }
      ]
    },
    {
      "idJudicatura": "09406",
      "nombreJudicatura": "UNIDAD JUDICIAL DE FLORIDA DE INQUILINATO CON SEDE EN EL CANTÓN GUAYAQUIL",
      "ciudad": "GUAYAQUIL",
      "lstIncidenteJudicatura": [
        {
          "idIncidenteJudicatura": 6385265,
          "idMovimientoJuicioIncidente": 12491405,
          "idJudicaturaDestino": "09406",
          "fechaCrea": "24/10/2014 06:10",
          "incidente": 1,
          "lstLitiganteActor": [
            {
              "tipoLitigante": "ACTOR",
              "nombresLitigante": "LOPEZ SANCHEZ LUZ",
              "representadoPor": null,
              "idLitigante": 5573292
            },
            {
              "tipoLitigante": "ACTOR",
              "nombresLitigante": "JOSE ALEMAN JUAN",
              "representadoPor": null,
              "idLitigante": 5573291
            }
          ],
          "lstLitiganteDemandado": [
            {
              "tipoLitigante": "DEMANDADO",
              "nombresLitigante": "",
              "representadoPor": null,
              "idLitigante": 18290779
            }
          ],
          "litiganteActor": null,
          "litiganteDemandado": null
        }
      ]
    }
  ]
}