{
  "0": {
    "id": 1,
    "idJuicio": "0940620154591G ",
    "estadoActual": null,
    "idMateria": 5,
    "idProvincia": null,
    "idCanton": null,
    "idJudicatura": null,
    "nombreDelito": "REGISTRO DE CONTRATO DE ARRENDAMIENTO",
    "fechaIngreso": "2015-01-30T14:18:29.020+00:00",
    "iEDocumentoAdjunto": "N",
    "nombre": null,
    "cedula": null,
    "idEstadoJuicio": null,
    "nombreMateria": "INQUILINATO NO_COGEP",
    "nombreEstadoJuicio": null,
    "nombreJudicatura": null,
    "nombreTipoResolucion": null,
    "nombreTipoAccion": "CONTRATO DE ARRENDAMIENTO",
    "fechaProvidencia": null,
    "nombreProvidencia": null,
    "nombreProvincia": null
  },
  "id": 1,
  "idJuicio": "0940620154591G ",
  "estadoActual": "A",
  "idMateria": 5,
  "idProvincia": null,
  "idCanton": null,
  "idJudicatura": null,
  "nombreDelito": "REGISTRO DE CONTRATO DE ARRENDAMIENTO",
  "fechaIngreso": "2015-01-30T14:18:29.020+00:00",
  "iEDocumentoAdjunto": "N",
  "nombre": null,
  "cedula": null,
  "idEstadoJuicio": null,
  "nombreMateria": null,
  "nombreEstadoJuicio": null,
  "nombreJudicatura": null,
  "nombreTipoResolucion": null,
  "nombreTipoAccion": null,
  "fechaProvidencia": null,
  "nombreProvidencia": null,
  "nombreProvincia": null,
  "incidentes": [
    {
      "idJudicatura": "09332",
      "nombreJudicatura": "UNIDAD JUDICIAL CIVIL CON SEDE EN EL CANTÓN GUAYAQUIL",
      "ciudad": "GUAYAQUIL",
      "lstIncidenteJudicatura": [
        {
          "idIncidenteJudicatura": 784625,
          "idMovimientoJuicioIncidente": 17308622,
          "idJudicaturaDestino": "09332",
          "fechaCrea": "17/02/2016 19:50",
          "incidente": 1,
          "lstLitiganteActor": [
            {
              "tipoLitigante": "ACTOR",
              "nombresLitigante": "TROYA CASTILLO KATTY VANEZA",
              "representadoPor": "TROYA CASTILLO KATTY VANEZA",
              "idLitigante": 26727634
            },
            {
              "tipoLitigante": "ACTOR",
              "nombresLitigante": "BARRENO BENALCAZAR SERGIO MIGUEL",
              "representadoPor": "BARRENO BENALCAZAR SERGIO MIGUEL",
              "idLitigante": 26727633
            }
          ],
          "lstLitiganteDemandado": null,
          "litiganteActor": null,
          "litiganteDemandado": null
        }
      ]
    },
    {
      "idJudicatura": "09406",
      "nombreJudicatura": "UNIDAD JUDICIAL DE FLORIDA DE INQUILINATO CON SEDE EN EL CANTÓN GUAYAQUIL",
      "ciudad": "GUAYAQUIL",
      "lstIncidenteJudicatura": [
        {
          "idIncidenteJudicatura": 15636038,
          "idMovimientoJuicioIncidente": 14525165,
          "idJudicaturaDestino": "09406",
          "fechaCrea": "30/01/2015 09:18",
          "incidente": 1,
          "lstLitiganteActor": [
            {
              "tipoLitigante": "ACTOR",
              "nombresLitigante": "TROYA CASTILLO KATTY VANEZA",
              "representadoPor": "TROYA CASTILLO KATTY VANEZA",
              "idLitigante": 26727634
            },
            {
              "tipoLitigante": "ACTOR",
              "nombresLitigante": "BARRENO BENALCAZAR SERGIO MIGUEL",
              "representadoPor": "BARRENO BENALCAZAR SERGIO MIGUEL",
              "idLitigante": 26727633
            }
          ],
          "lstLitiganteDemandado": null,
          "litiganteActor": null,
          "litiganteDemandado": null
        }
      ]
    }
  ]
}