{
  "0": {
    "id": 1,
    "idJuicio": "0940620154788G ",
    "estadoActual": null,
    "idMateria": 5,
    "idProvincia": null,
    "idCanton": null,
    "idJudicatura": null,
    "nombreDelito": "REGISTRO DE CONTRATO DE ARRENDAMIENTO",
    "fechaIngreso": "2015-02-02T13:49:22.137+00:00",
    "iEDocumentoAdjunto": "N",
    "nombre": null,
    "cedula": null,
    "idEstadoJuicio": null,
    "nombreMateria": "INQUILINATO NO_COGEP",
    "nombreEstadoJuicio": null,
    "nombreJudicatura": null,
    "nombreTipoResolucion": null,
    "nombreTipoAccion": "CONTRATO DE ARRENDAMIENTO",
    "fechaProvidencia": null,
    "nombreProvidencia": null,
    "nombreProvincia": null
  },
  "id": 1,
  "idJuicio": "0940620154788G ",
  "estadoActual": "A",
  "idMateria": 5,
  "idProvincia": null,
  "idCanton": null,
  "idJudicatura": null,
  "nombreDelito": "REGISTRO DE CONTRATO DE ARRENDAMIENTO",
  "fechaIngreso": "2015-02-02T13:49:22.137+00:00",
  "iEDocumentoAdjunto": "N",
  "nombre": null,
  "cedula": null,
  "idEstadoJuicio": null,
  "nombreMateria": null,
  "nombreEstadoJuicio": null,
  "nombreJudicatura": null,
  "nombreTipoResolucion": null,
  "nombreTipoAccion": null,
  "fechaProvidencia": null,
  "nombreProvidencia": null,
  "nombreProvincia": null,
  "incidentes": [
    {
      "idJudicatura": "09332",
      "nombreJudicatura": "UNIDAD JUDICIAL CIVIL CON SEDE EN EL CANTÓN GUAYAQUIL",
      "ciudad": "GUAYAQUIL",
      "lstIncidenteJudicatura": [
        {
          "idIncidenteJudicatura": 16373538,
          "idMovimientoJuicioIncidente": 17314518,
          "idJudicaturaDestino": "09332",
          "fechaCrea": "17/02/2016 19:52",
          "incidente": 1,
          "lstLitiganteActor": [
            {
              "tipoLitigante": "ACTOR",
              "nombresLitigante": "BRIONES CHERREZ ANA LETICIA",
              "representadoPor": "BRIONES CHERREZ ANA LETICIA",
              "idLitigante": 26739192
            },
            {
              "tipoLitigante": "ACTOR",
              "nombresLitigante": "RAMIREZ GARCIA YAZMIN DE LOS ANGELES",
              "representadoPor": "RAMIREZ GARCIA YAZMIN DE LOS ANGELES",
              "idLitigante": 26739196
            },
            {
              "tipoLitigante": "ACTOR",
              "nombresLitigante": "REYES ROMERO LUIS ALBERTO",
              "representadoPor": "REYES ROMERO LUIS ALBERTO",
              "idLitigante": 26739203
            }
          ],
          "lstLitiganteDemandado": null,
          "litiganteActor": null,
          "litiganteDemandado": null
        }
      ]
    },
    {
      "idJudicatura": "09406",
      "nombreJudicatura": "UNIDAD JUDICIAL DE FLORIDA DE INQUILINATO CON SEDE EN EL CANTÓN GUAYAQUIL",
      "ciudad": "GUAYAQUIL",
      "lstIncidenteJudicatura": [
        {
          "idIncidenteJudicatura": 12574443,
          "idMovimientoJuicioIncidente": 14530115,
          "idJudicaturaDestino": "09406",
          "fechaCrea": "02/02/2015 08:49",
          "incidente": 1,
          "lstLitiganteActor": [
            {
              "tipoLitigante": "ACTOR",
              "nombresLitigante": "REYES ROMERO LUIS ALBERTO",
              "representadoPor": "REYES ROMERO LUIS ALBERTO",
              "idLitigante": 26739203
            },
            {
              "tipoLitigante": "ACTOR",
              "nombresLitigante": "RAMIREZ GARCIA YAZMIN DE LOS ANGELES",
              "representadoPor": "RAMIREZ GARCIA YAZMIN DE LOS ANGELES",
              "idLitigante": 26739196
            },
            {
              "tipoLitigante": "ACTOR",
              "nombresLitigante": "BRIONES CHERREZ ANA LETICIA",
              "representadoPor": "BRIONES CHERREZ ANA LETICIA",
              "idLitigante": 26739192
            }
          ],
          "lstLitiganteDemandado": null,
          "litiganteActor": null,
          "litiganteDemandado": null
        }
      ]
    }
  ]
}