{
  "0": {
    "id": 1,
    "idJuicio": "0940420140639G ",
    "estadoActual": null,
    "idMateria": 5,
    "idProvincia": null,
    "idCanton": null,
    "idJudicatura": null,
    "nombreDelito": "REGISTRO DE CONTRATO DE ARRENDAMIENTO                                                                                                                                                                                                                                                                                                                                                                                                                                                                                                                                                                                                                                                                                                                                                                                                                                                                                               ",
    "fechaIngreso": "2014-08-21T05:00:00.000+00:00",
    "iEDocumentoAdjunto": "N",
    "nombre": null,
    "cedula": null,
    "idEstadoJuicio": null,
    "nombreMateria": "INQUILINATO NO_COGEP",
    "nombreEstadoJuicio": null,
    "nombreJudicatura": null,
    "nombreTipoResolucion": null,
    "nombreTipoAccion": "TRÁMITE ESPECIAL                                                      ",
    "fechaProvidencia": null,
    "nombreProvidencia": null,
    "nombreProvincia": null
  },
  "id": 1,
  "idJuicio": "0940420140639G ",
  "estadoActual": "A",
  "idMateria": 5,
  "idProvincia": null,
  "idCanton": null,
  "idJudicatura": null,
  "nombreDelito": "REGISTRO DE CONTRATO DE ARRENDAMIENTO                                                                                                                                                                                                                                                                                                                                                                                                                                                                                                                                                                                                                                                                                                                                                                                                                                                                                               ",
  "fechaIngreso": "2014-08-21T05:00:00.000+00:00",
  "iEDocumentoAdjunto": "N",
  "nombre": null,
  "cedula": null,
  "idEstadoJuicio": null,
  "nombreMateria": null,
  "nombreEstadoJuicio": null,
  "nombreJudicatura": null,
  "nombreTipoResolucion": null,
  "nombreTipoAccion": null,
  "fechaProvidencia": null,
  "nombreProvidencia": null,
  "nombreProvincia": null,
  "incidentes": [
    {
      "idJudicatura": "09404",
      "nombreJudicatura": "JUZGADO CUARTO DE  INQUILINATO Y RELACIONES VECINALES",
      "ciudad": "GUAYAQUIL",
      "lstIncidenteJudicatura": [
        {
          "idIncidenteJudicatura": 12344184,
          "idMovimientoJuicioIncidente": 10228655,
          "idJudicaturaDestino": "09404",
          "fechaCrea": "21/08/2014 00:00",
          "incidente": 1,
          "lstLitiganteActor": [
            {
              "tipoLitigante": "ACTOR",
              "nombresLitigante": "MUÑOZ CEDEÑO MARIA FERNANDA/ARRENDATARIO",
              "representadoPor": null,
              "idLitigante": 5659058
            },
            {
              "tipoLitigante": "ACTOR",
              "nombresLitigante": "PAUCAR PEREZ MARIA REBECA/ARRENDADOR",
              "representadoPor": null,
              "idLitigante": 5659057
            }
          ],
          "lstLitiganteDemandado": [
            {
              "tipoLitigante": "DEMANDADO",
              "nombresLitigante": "",
              "representadoPor": null,
              "idLitigante": 18265686
            }
          ],
          "litiganteActor": null,
          "litiganteDemandado": null
        }
      ]
    },
    {
      "idJudicatura": "09332",
      "nombreJudicatura": "UNIDAD JUDICIAL CIVIL CON SEDE EN EL CANTÓN GUAYAQUIL",
      "ciudad": "GUAYAQUIL",
      "lstIncidenteJudicatura": [
        {
          "idIncidenteJudicatura": 11498524,
          "idMovimientoJuicioIncidente": 17130791,
          "idJudicaturaDestino": "09332",
          "fechaCrea": "12/02/2016 19:47",
          "incidente": 1,
          "lstLitiganteActor": [
            {
              "tipoLitigante": "ACTOR",
              "nombresLitigante": "MUÑOZ CEDEÑO MARIA FERNANDA/ARRENDATARIO",
              "representadoPor": null,
              "idLitigante": 5659058
            },
            {
              "tipoLitigante": "ACTOR",
              "nombresLitigante": "PAUCAR PEREZ MARIA REBECA/ARRENDADOR",
              "representadoPor": null,
              "idLitigante": 5659057
            }
          ],
          "lstLitiganteDemandado": [
            {
              "tipoLitigante": "DEMANDADO",
              "nombresLitigante": "",
              "representadoPor": null,
              "idLitigante": 18265686
            }
          ],
          "litiganteActor": null,
          "litiganteDemandado": null
        }
      ]
    },
    {
      "idJudicatura": "09406",
      "nombreJudicatura": "UNIDAD JUDICIAL DE FLORIDA DE INQUILINATO CON SEDE EN EL CANTÓN GUAYAQUIL",
      "ciudad": "GUAYAQUIL",
      "lstIncidenteJudicatura": [
        {
          "idIncidenteJudicatura": 17573001,
          "idMovimientoJuicioIncidente": 12569888,
          "idJudicaturaDestino": "09406",
          "fechaCrea": "24/10/2014 06:19",
          "incidente": 1,
          "lstLitiganteActor": [
            {
              "tipoLitigante": "ACTOR",
              "nombresLitigante": "MUÑOZ CEDEÑO MARIA FERNANDA/ARRENDATARIO",
              "representadoPor": null,
              "idLitigante": 5659058
            },
            {
              "tipoLitigante": "ACTOR",
              "nombresLitigante": "PAUCAR PEREZ MARIA REBECA/ARRENDADOR",
              "representadoPor": null,
              "idLitigante": 5659057
            }
          ],
          "lstLitiganteDemandado": [
            {
              "tipoLitigante": "DEMANDADO",
              "nombresLitigante": "",
              "representadoPor": null,
              "idLitigante": 18265686
            }
          ],
          "litiganteActor": null,
          "litiganteDemandado": null
        }
      ]
    }
  ]
}