{
  "0": {
    "id": 1,
    "idJuicio": "0940520141545G ",
    "estadoActual": null,
    "idMateria": 5,
    "idProvincia": null,
    "idCanton": null,
    "idJudicatura": null,
    "nombreDelito": "INSCRIPCIÓN DE CONTRATO DE ARRENDAMIENTO                                                                                                                                                                                                                                                                                                                                                                                                                                                                                                                                                                                                                                                                                                                                                                                                                                                                                            ",
    "fechaIngreso": "2014-09-16T05:00:00.000+00:00",
    "iEDocumentoAdjunto": "N",
    "nombre": null,
    "cedula": null,
    "idEstadoJuicio": null,
    "nombreMateria": "INQUILINATO NO_COGEP",
    "nombreEstadoJuicio": null,
    "nombreJudicatura": null,
    "nombreTipoResolucion": null,
    "nombreTipoAccion": "TRÁMITE ESPECIAL                                                      ",
    "fechaProvidencia": null,
    "nombreProvidencia": null,
    "nombreProvincia": null
  },
  "id": 1,
  "idJuicio": "0940520141545G ",
  "estadoActual": "A",
  "idMateria": 5,
  "idProvincia": null,
  "idCanton": null,
  "idJudicatura": null,
  "nombreDelito": "INSCRIPCIÓN DE CONTRATO DE ARRENDAMIENTO                                                                                                                                                                                                                                                                                                                                                                                                                                                                                                                                                                                                                                                                                                                                                                                                                                                                                            ",
  "fechaIngreso": "2014-09-16T05:00:00.000+00:00",
  "iEDocumentoAdjunto": "N",
  "nombre": null,
  "cedula": null,
  "idEstadoJuicio": null,
  "nombreMateria": null,
  "nombreEstadoJuicio": null,
  "nombreJudicatura": null,
  "nombreTipoResolucion": null,
  "nombreTipoAccion": null,
  "fechaProvidencia": null,
  "nombreProvidencia": null,
  "nombreProvincia": null,
  "incidentes": [
    {
      "idJudicatura": "09332",
      "nombreJudicatura": "UNIDAD JUDICIAL CIVIL CON SEDE EN EL CANTÓN GUAYAQUIL",
      "ciudad": "GUAYAQUIL",
      "lstIncidenteJudicatura": [
        {
          "idIncidenteJudicatura": 9965635,
          "idMovimientoJuicioIncidente": 17230324,
          "idJudicaturaDestino": "09332",
          "fechaCrea": "17/02/2016 19:27",
          "incidente": 1,
          "lstLitiganteActor": [
            {
              "tipoLitigante": "ACTOR",
              "nombresLitigante": "VERA VERA SABINA DEL CARMEN/GARANTE",
              "representadoPor": null,
              "idLitigante": 5868636
            },
            {
              "tipoLitigante": "ACTOR",
              "nombresLitigante": "CEPEDA TORRES NELSON TEODORO/ARRENDATARIO",
              "representadoPor": null,
              "idLitigante": 5868635
            },
            {
              "tipoLitigante": "ACTOR",
              "nombresLitigante": "SOLORZANO MARIA HEROTELDA/ARRENDADORA",
              "representadoPor": null,
              "idLitigante": 5868634
            }
          ],
          "lstLitiganteDemandado": [
            {
              "tipoLitigante": "DEMANDADO",
              "nombresLitigante": "",
              "representadoPor": null,
              "idLitigante": 18301712
            }
          ],
          "litiganteActor": null,
          "litiganteDemandado": null
        }
      ]
    },
    {
      "idJudicatura": "09406",
      "nombreJudicatura": "UNIDAD JUDICIAL DE FLORIDA DE INQUILINATO CON SEDE EN EL CANTÓN GUAYAQUIL",
      "ciudad": "GUAYAQUIL",
      "lstIncidenteJudicatura": [
        {
          "idIncidenteJudicatura": 2661834,
          "idMovimientoJuicioIncidente": 12648786,
          "idJudicaturaDestino": "09406",
          "fechaCrea": "24/10/2014 06:27",
          "incidente": 1,
          "lstLitiganteActor": [
            {
              "tipoLitigante": "ACTOR",
              "nombresLitigante": "VERA VERA SABINA DEL CARMEN/GARANTE",
              "representadoPor": null,
              "idLitigante": 5868636
            },
            {
              "tipoLitigante": "ACTOR",
              "nombresLitigante": "CEPEDA TORRES NELSON TEODORO/ARRENDATARIO",
              "representadoPor": null,
              "idLitigante": 5868635
            },
            {
              "tipoLitigante": "ACTOR",
              "nombresLitigante": "SOLORZANO MARIA HEROTELDA/ARRENDADORA",
              "representadoPor": null,
              "idLitigante": 5868634
            }
          ],
          "lstLitiganteDemandado": [
            {
              "tipoLitigante": "DEMANDADO",
              "nombresLitigante": "",
              "representadoPor": null,
              "idLitigante": 18301712
            }
          ],
          "litiganteActor": null,
          "litiganteDemandado": null
        }
      ]
    },
    {
      "idJudicatura": "09405",
      "nombreJudicatura": "JUZGADO QUINTO DE INQUILINATO Y RELACIONES VECINALES",
      "ciudad": "GUAYAQUIL",
      "lstIncidenteJudicatura": [
        {
          "idIncidenteJudicatura": 3192955,
          "idMovimientoJuicioIncidente": 10322029,
          "idJudicaturaDestino": "09405",
          "fechaCrea": "16/09/2014 12:03",
          "incidente": 1,
          "lstLitiganteActor": [
            {
              "tipoLitigante": "ACTOR",
              "nombresLitigante": "VERA VERA SABINA DEL CARMEN/GARANTE",
              "representadoPor": null,
              "idLitigante": 5868636
            },
            {
              "tipoLitigante": "ACTOR",
              "nombresLitigante": "CEPEDA TORRES NELSON TEODORO/ARRENDATARIO",
              "representadoPor": null,
              "idLitigante": 5868635
            },
            {
              "tipoLitigante": "ACTOR",
              "nombresLitigante": "SOLORZANO MARIA HEROTELDA/ARRENDADORA",
              "representadoPor": null,
              "idLitigante": 5868634
            }
          ],
          "lstLitiganteDemandado": [
            {
              "tipoLitigante": "DEMANDADO",
              "nombresLitigante": "",
              "representadoPor": null,
              "idLitigante": 18301712
            }
          ],
          "litiganteActor": null,
          "litiganteDemandado": null
        }
      ]
    }
  ]
}