{
  "0": {
    "id": 1,
    "idJuicio": "09406201523801G",
    "estadoActual": null,
    "idMateria": 5,
    "idProvincia": null,
    "idCanton": null,
    "idJudicatura": null,
    "nombreDelito": "REGISTRO DE CONTRATO DE ARRENDAMIENTO",
    "fechaIngreso": "2015-05-18T19:24:20.117+00:00",
    "iEDocumentoAdjunto": "N",
    "nombre": null,
    "cedula": null,
    "idEstadoJuicio": null,
    "nombreMateria": "INQUILINATO NO_COGEP",
    "nombreEstadoJuicio": null,
    "nombreJudicatura": null,
    "nombreTipoResolucion": null,
    "nombreTipoAccion": "CONTRATO DE ARRENDAMIENTO",
    "fechaProvidencia": null,
    "nombreProvidencia": null,
    "nombreProvincia": null
  },
  "id": 2,
  "idJuicio": "09406201523801G",
  "estadoActual": "A",
  "idMateria": 5,
  "idProvincia": null,
  "idCanton": null,
  "idJudicatura": null,
  "nombreDelito": "REGISTRO DE CONTRATO DE ARRENDAMIENTO",
  "fechaIngreso": "2015-05-18T19:24:20.117+00:00",
  "iEDocumentoAdjunto": "N",
  "nombre": null,
  "cedula": null,
  "idEstadoJuicio": null,
  "nombreMateria": null,
  "nombreEstadoJuicio": null,
  "nombreJudicatura": null,
  "nombreTipoResolucion": null,
  "nombreTipoAccion": null,
  "fechaProvidencia": null,
  "nombreProvidencia": null,
  "nombreProvincia": null,
  "incidentes": [
    {
      "idJudicatura": "09332",
      "nombreJudicatura": "UNIDAD JUDICIAL CIVIL CON SEDE EN EL CANTÓN GUAYAQUIL",
      "ciudad": "GUAYAQUIL",
      "lstIncidenteJudicatura": [
        {
          "idIncidenteJudicatura": 14926168,
          "idMovimientoJuicioIncidente": 17331709,
          "idJudicaturaDestino": "09332",
          "fechaCrea": "17/02/2016 19:59",
          "incidente": 1,
          "lstLitiganteActor": [
            {
              "tipoLitigante": "ACTOR",
              "nombresLitigante": "VILLANUEVA BRAVO FELIX HUMBERTO",
              "representadoPor": "VILLANUEVA BRAVO FELIX HUMBERTO",
              "idLitigante": 27676259
            },
            {
              "tipoLitigante": "ACTOR",
              "nombresLitigante": "MONSERRATE RIVAS FROILAN ANTONIO",
              "representadoPor": "MONSERRATE RIVAS FROILAN ANTONIO",
              "idLitigante": 27676251
            },
            {
              "tipoLitigante": "ACTOR",
              "nombresLitigante": "PARRA MARIN FLAVIO",
              "representadoPor": "PARRA MARIN FLAVIO",
              "idLitigante": 26779204
            }
          ],
          "lstLitiganteDemandado": null,
          "litiganteActor": null,
          "litiganteDemandado": null
        }
      ]
    },
    {
      "idJudicatura": "09406",
      "nombreJudicatura": "UNIDAD JUDICIAL DE FLORIDA DE INQUILINATO CON SEDE EN EL CANTÓN GUAYAQUIL",
      "ciudad": "GUAYAQUIL",
      "lstIncidenteJudicatura": [
        {
          "idIncidenteJudicatura": 13183612,
          "idMovimientoJuicioIncidente": 15017747,
          "idJudicaturaDestino": "09406",
          "fechaCrea": "18/05/2015 14:24",
          "incidente": 1,
          "lstLitiganteActor": [
            {
              "tipoLitigante": "ACTOR",
              "nombresLitigante": "VILLANUEVA BRAVO FELIX HUMBERTO",
              "representadoPor": "VILLANUEVA BRAVO FELIX HUMBERTO",
              "idLitigante": 27676259
            },
            {
              "tipoLitigante": "ACTOR",
              "nombresLitigante": "MONSERRATE RIVAS FROILAN ANTONIO",
              "representadoPor": "MONSERRATE RIVAS FROILAN ANTONIO",
              "idLitigante": 27676251
            },
            {
              "tipoLitigante": "ACTOR",
              "nombresLitigante": "PARRA MARIN FLAVIO",
              "representadoPor": "PARRA MARIN FLAVIO",
              "idLitigante": 26779204
            }
          ],
          "lstLitiganteDemandado": null,
          "litiganteActor": null,
          "litiganteDemandado": null
        }
      ]
    }
  ]
}