{
  "0": {
    "id": 1,
    "idJuicio": "0940620156000G ",
    "estadoActual": null,
    "idMateria": 5,
    "idProvincia": null,
    "idCanton": null,
    "idJudicatura": null,
    "nombreDelito": "REGISTRO DE CONTRATO DE ARRENDAMIENTO",
    "fechaIngreso": "2015-02-06T15:36:35.107+00:00",
    "iEDocumentoAdjunto": "N",
    "nombre": null,
    "cedula": null,
    "idEstadoJuicio": null,
    "nombreMateria": "INQUILINATO NO_COGEP",
    "nombreEstadoJuicio": null,
    "nombreJudicatura": null,
    "nombreTipoResolucion": null,
    "nombreTipoAccion": "CONTRATO DE ARRENDAMIENTO",
    "fechaProvidencia": null,
    "nombreProvidencia": null,
    "nombreProvincia": null
  },
  "id": 1,
  "idJuicio": "0940620156000G ",
  "estadoActual": "A",
  "idMateria": 5,
  "idProvincia": null,
  "idCanton": null,
  "idJudicatura": null,
  "nombreDelito": "REGISTRO DE CONTRATO DE ARRENDAMIENTO",
  "fechaIngreso": "2015-02-06T15:36:35.107+00:00",
  "iEDocumentoAdjunto": "N",
  "nombre": null,
  "cedula": null,
  "idEstadoJuicio": null,
  "nombreMateria": null,
  "nombreEstadoJuicio": null,
  "nombreJudicatura": null,
  "nombreTipoResolucion": null,
  "nombreTipoAccion": null,
  "fechaProvidencia": null,
  "nombreProvidencia": null,
  "nombreProvincia": null,
  "incidentes": [
    {
      "idJudicatura": "09332",
      "nombreJudicatura": "UNIDAD JUDICIAL CIVIL CON SEDE EN EL CANTÓN GUAYAQUIL",
      "ciudad": "GUAYAQUIL",
      "lstIncidenteJudicatura": [
        {
          "idIncidenteJudicatura": 2249826,
          "idMovimientoJuicioIncidente": 17311881,
          "idJudicaturaDestino": "09332",
          "fechaCrea": "17/02/2016 19:51",
          "incidente": 1,
          "lstLitiganteActor": [
            {
              "tipoLitigante": "ACTOR",
              "nombresLitigante": "CARRION SANTANA SARA KATIUSKA",
              "representadoPor": "CARRION SANTANA SARA KATIUSKA",
              "idLitigante": 26791949
            },
            {
              "tipoLitigante": "ACTOR",
              "nombresLitigante": "CUSME BRAVO ANGELA CONSUELO",
              "representadoPor": "CUSME BRAVO ANGELA CONSUELO",
              "idLitigante": 26791945
            }
          ],
          "lstLitiganteDemandado": null,
          "litiganteActor": null,
          "litiganteDemandado": null
        }
      ]
    },
    {
      "idJudicatura": "09406",
      "nombreJudicatura": "UNIDAD JUDICIAL DE FLORIDA DE INQUILINATO CON SEDE EN EL CANTÓN GUAYAQUIL",
      "ciudad": "GUAYAQUIL",
      "lstIncidenteJudicatura": [
        {
          "idIncidenteJudicatura": 9419114,
          "idMovimientoJuicioIncidente": 14554441,
          "idJudicaturaDestino": "09406",
          "fechaCrea": "06/02/2015 10:36",
          "incidente": 1,
          "lstLitiganteActor": [
            {
              "tipoLitigante": "ACTOR",
              "nombresLitigante": "CARRION SANTANA SARA KATIUSKA",
              "representadoPor": "CARRION SANTANA SARA KATIUSKA",
              "idLitigante": 26791949
            },
            {
              "tipoLitigante": "ACTOR",
              "nombresLitigante": "CUSME BRAVO ANGELA CONSUELO",
              "representadoPor": "CUSME BRAVO ANGELA CONSUELO",
              "idLitigante": 26791945
            }
          ],
          "lstLitiganteDemandado": null,
          "litiganteActor": null,
          "litiganteDemandado": null
        }
      ]
    }
  ]
}