{
  "0": {
    "id": 1,
    "idJuicio": "09406201519147G",
    "estadoActual": null,
    "idMateria": 5,
    "idProvincia": null,
    "idCanton": null,
    "idJudicatura": null,
    "nombreDelito": "REGISTRO DE CONTRATO DE ARRENDAMIENTO",
    "fechaIngreso": "2015-04-21T22:02:06.790+00:00",
    "iEDocumentoAdjunto": "N",
    "nombre": null,
    "cedula": null,
    "idEstadoJuicio": null,
    "nombreMateria": "INQUILINATO NO_COGEP",
    "nombreEstadoJuicio": null,
    "nombreJudicatura": null,
    "nombreTipoResolucion": null,
    "nombreTipoAccion": "CONTRATO DE ARRENDAMIENTO",
    "fechaProvidencia": null,
    "nombreProvidencia": null,
    "nombreProvincia": null
  },
  "id": 1,
  "idJuicio": "09406201519147G",
  "estadoActual": "A",
  "idMateria": 5,
  "idProvincia": null,
  "idCanton": null,
  "idJudicatura": null,
  "nombreDelito": "REGISTRO DE CONTRATO DE ARRENDAMIENTO",
  "fechaIngreso": "2015-04-21T22:02:06.790+00:00",
  "iEDocumentoAdjunto": "N",
  "nombre": null,
  "cedula": null,
  "idEstadoJuicio": null,
  "nombreMateria": null,
  "nombreEstadoJuicio": null,
  "nombreJudicatura": null,
  "nombreTipoResolucion": null,
  "nombreTipoAccion": null,
  "fechaProvidencia": null,
  "nombreProvidencia": null,
  "nombreProvincia": null,
  "incidentes": [
    {
      "idJudicatura": "09332",
      "nombreJudicatura": "UNIDAD JUDICIAL CIVIL CON SEDE EN EL CANTÓN GUAYAQUIL",
      "ciudad": "GUAYAQUIL",
      "lstIncidenteJudicatura": [
        {
          "idIncidenteJudicatura": 10213833,
          "idMovimientoJuicioIncidente": 17325520,
          "idJudicaturaDestino": "09332",
          "fechaCrea": "17/02/2016 19:57",
          "incidente": 1,
          "lstLitiganteActor": [
            {
              "tipoLitigante": "ACTOR",
              "nombresLitigante": "MORENO TOMALA VILMA JACINTA",
              "representadoPor": "MORENO TOMALA VILMA JACINTA",
              "idLitigante": 27453614
            },
            {
              "tipoLitigante": "ACTOR",
              "nombresLitigante": "FUENTES MITE MARTINA ANASTASIA",
              "representadoPor": "FUENTES MITE MARTINA ANASTASIA",
              "idLitigante": 27453609
            }
          ],
          "lstLitiganteDemandado": null,
          "litiganteActor": null,
          "litiganteDemandado": null
        }
      ]
    },
    {
      "idJudicatura": "09406",
      "nombreJudicatura": "UNIDAD JUDICIAL DE FLORIDA DE INQUILINATO CON SEDE EN EL CANTÓN GUAYAQUIL",
      "ciudad": "GUAYAQUIL",
      "lstIncidenteJudicatura": [
        {
          "idIncidenteJudicatura": 15934915,
          "idMovimientoJuicioIncidente": 14912841,
          "idJudicaturaDestino": "09406",
          "fechaCrea": "21/04/2015 17:02",
          "incidente": 1,
          "lstLitiganteActor": [
            {
              "tipoLitigante": "ACTOR",
              "nombresLitigante": "MORENO TOMALA VILMA JACINTA",
              "representadoPor": "MORENO TOMALA VILMA JACINTA",
              "idLitigante": 27453614
            },
            {
              "tipoLitigante": "ACTOR",
              "nombresLitigante": "FUENTES MITE MARTINA ANASTASIA",
              "representadoPor": "FUENTES MITE MARTINA ANASTASIA",
              "idLitigante": 27453609
            }
          ],
          "lstLitiganteDemandado": null,
          "litiganteActor": null,
          "litiganteDemandado": null
        }
      ]
    }
  ]
}