{
  "0": {
    "id": 1,
    "idJuicio": "0940420141980G ",
    "estadoActual": null,
    "idMateria": 5,
    "idProvincia": null,
    "idCanton": null,
    "idJudicatura": null,
    "nombreDelito": "INSCRIPCIÓN DE CONTRATO DE ARRENDAMIENTO                                                                                                                                                                                                                                                                                                                                                                                                                                                                                                                                                                                                                                                                                                                                                                                                                                                                                            ",
    "fechaIngreso": "2014-09-30T05:00:00.000+00:00",
    "iEDocumentoAdjunto": "N",
    "nombre": null,
    "cedula": null,
    "idEstadoJuicio": null,
    "nombreMateria": "INQUILINATO NO_COGEP",
    "nombreEstadoJuicio": null,
    "nombreJudicatura": null,
    "nombreTipoResolucion": null,
    "nombreTipoAccion": "TRÁMITE ESPECIAL                                                      ",
    "fechaProvidencia": null,
    "nombreProvidencia": null,
    "nombreProvincia": null
  },
  "id": 1,
  "idJuicio": "0940420141980G ",
  "estadoActual": "A",
  "idMateria": 5,
  "idProvincia": null,
  "idCanton": null,
  "idJudicatura": null,
  "nombreDelito": "INSCRIPCIÓN DE CONTRATO DE ARRENDAMIENTO                                                                                                                                                                                                                                                                                                                                                                                                                                                                                                                                                                                                                                                                                                                                                                                                                                                                                            ",
  "fechaIngreso": "2014-09-30T05:00:00.000+00:00",
  "iEDocumentoAdjunto": "N",
  "nombre": null,
  "cedula": null,
  "idEstadoJuicio": null,
  "nombreMateria": null,
  "nombreEstadoJuicio": null,
  "nombreJudicatura": null,
  "nombreTipoResolucion": null,
  "nombreTipoAccion": null,
  "fechaProvidencia": null,
  "nombreProvidencia": null,
  "nombreProvincia": null,
  "incidentes": [
    {
      "idJudicatura": "09404",
      "nombreJudicatura": "JUZGADO CUARTO DE  INQUILINATO Y RELACIONES VECINALES",
      "ciudad": "GUAYAQUIL",
      "lstIncidenteJudicatura": [
        {
          "idIncidenteJudicatura": 2134731,
          "idMovimientoJuicioIncidente": 10380855,
          "idJudicaturaDestino": "09404",
          "fechaCrea": "30/09/2014 13:58",
          "incidente": 1,
          "lstLitiganteActor": [
            {
              "tipoLitigante": "ACTOR",
              "nombresLitigante": "VILLALVA SANCHEZ MARTHA MARIA",
              "representadoPor": null,
              "idLitigante": 5616047
            },
            {
              "tipoLitigante": "ACTOR",
              "nombresLitigante": "ALTAMIRANO MARTILLO DUVAL NEPTALI",
              "representadoPor": null,
              "idLitigante": 5616046
            }
          ],
          "lstLitiganteDemandado": [
            {
              "tipoLitigante": "DEMANDADO",
              "nombresLitigante": "",
              "representadoPor": null,
              "idLitigante": 18281514
            }
          ],
          "litiganteActor": null,
          "litiganteDemandado": null
        }
      ]
    },
    {
      "idJudicatura": "09332",
      "nombreJudicatura": "UNIDAD JUDICIAL CIVIL CON SEDE EN EL CANTÓN GUAYAQUIL",
      "ciudad": "GUAYAQUIL",
      "lstIncidenteJudicatura": [
        {
          "idIncidenteJudicatura": 4923900,
          "idMovimientoJuicioIncidente": 17129108,
          "idJudicaturaDestino": "09332",
          "fechaCrea": "12/02/2016 19:46",
          "incidente": 1,
          "lstLitiganteActor": [
            {
              "tipoLitigante": "ACTOR",
              "nombresLitigante": "VILLALVA SANCHEZ MARTHA MARIA",
              "representadoPor": null,
              "idLitigante": 5616047
            },
            {
              "tipoLitigante": "ACTOR",
              "nombresLitigante": "ALTAMIRANO MARTILLO DUVAL NEPTALI",
              "representadoPor": null,
              "idLitigante": 5616046
            }
          ],
          "lstLitiganteDemandado": [
            {
              "tipoLitigante": "DEMANDADO",
              "nombresLitigante": "",
              "representadoPor": null,
              "idLitigante": 18281514
            }
          ],
          "litiganteActor": null,
          "litiganteDemandado": null
        }
      ]
    },
    {
      "idJudicatura": "09406",
      "nombreJudicatura": "UNIDAD JUDICIAL DE FLORIDA DE INQUILINATO CON SEDE EN EL CANTÓN GUAYAQUIL",
      "ciudad": "GUAYAQUIL",
      "lstIncidenteJudicatura": [
        {
          "idIncidenteJudicatura": 3655686,
          "idMovimientoJuicioIncidente": 12563274,
          "idJudicaturaDestino": "09406",
          "fechaCrea": "24/10/2014 06:18",
          "incidente": 1,
          "lstLitiganteActor": [
            {
              "tipoLitigante": "ACTOR",
              "nombresLitigante": "VILLALVA SANCHEZ MARTHA MARIA",
              "representadoPor": null,
              "idLitigante": 5616047
            },
            {
              "tipoLitigante": "ACTOR",
              "nombresLitigante": "ALTAMIRANO MARTILLO DUVAL NEPTALI",
              "representadoPor": null,
              "idLitigante": 5616046
            }
          ],
          "lstLitiganteDemandado": [
            {
              "tipoLitigante": "DEMANDADO",
              "nombresLitigante": "",
              "representadoPor": null,
              "idLitigante": 18281514
            }
          ],
          "litiganteActor": null,
          "litiganteDemandado": null
        }
      ]
    }
  ]
}