{
  "0": {
    "id": 1,
    "idJuicio": "0940220140703G ",
    "estadoActual": null,
    "idMateria": 5,
    "idProvincia": null,
    "idCanton": null,
    "idJudicatura": null,
    "nombreDelito": "INSCRIPCIÓN DE CONTRATO DE ARRENDAMIENTO                                                                                                                                                                                                                                                                                                                                                                                                                                                                                                                                                                                                                                                                                                                                                                                                                                                                                            ",
    "fechaIngreso": "2014-08-22T05:00:00.000+00:00",
    "iEDocumentoAdjunto": "N",
    "nombre": null,
    "cedula": null,
    "idEstadoJuicio": null,
    "nombreMateria": "INQUILINATO NO_COGEP",
    "nombreEstadoJuicio": null,
    "nombreJudicatura": null,
    "nombreTipoResolucion": null,
    "nombreTipoAccion": "TRÁMITE ESPECIAL                                                      ",
    "fechaProvidencia": null,
    "nombreProvidencia": null,
    "nombreProvincia": null
  },
  "id": 1,
  "idJuicio": "0940220140703G ",
  "estadoActual": "A",
  "idMateria": 5,
  "idProvincia": null,
  "idCanton": null,
  "idJudicatura": null,
  "nombreDelito": "INSCRIPCIÓN DE CONTRATO DE ARRENDAMIENTO                                                                                                                                                                                                                                                                                                                                                                                                                                                                                                                                                                                                                                                                                                                                                                                                                                                                                            ",
  "fechaIngreso": "2014-08-22T05:00:00.000+00:00",
  "iEDocumentoAdjunto": "N",
  "nombre": null,
  "cedula": null,
  "idEstadoJuicio": null,
  "nombreMateria": null,
  "nombreEstadoJuicio": null,
  "nombreJudicatura": null,
  "nombreTipoResolucion": null,
  "nombreTipoAccion": null,
  "fechaProvidencia": null,
  "nombreProvidencia": null,
  "nombreProvincia": null,
  "incidentes": [
    {
      "idJudicatura": "09402",
      "nombreJudicatura": "JUZGADO SEGUNDO DE INQUILINATO Y RELACIONES VECINALES",
      "ciudad": "GUAYAQUIL",
      "lstIncidenteJudicatura": [
        {
          "idIncidenteJudicatura": 14378665,
          "idMovimientoJuicioIncidente": 10235318,
          "idJudicaturaDestino": "09402",
          "fechaCrea": "22/08/2014 12:20",
          "incidente": 1,
          "lstLitiganteActor": [
            {
              "tipoLitigante": "ACTOR",
              "nombresLitigante": "AGUILAR CASTRO MONICA ELIZABETH/GARANTE SOLIDARIA",
              "representadoPor": null,
              "idLitigante": 5330699
            },
            {
              "tipoLitigante": "ACTOR",
              "nombresLitigante": "ZUMBA LEON ANGEL VICENTE/ARRENDATARIO",
              "representadoPor": null,
              "idLitigante": 5330698
            },
            {
              "tipoLitigante": "ACTOR",
              "nombresLitigante": "SILVA BRUNO ROBERTO LELIS/ARRENDADOR",
              "representadoPor": null,
              "idLitigante": 5330697
            }
          ],
          "lstLitiganteDemandado": [
            {
              "tipoLitigante": "DEMANDADO",
              "nombresLitigante": "",
              "representadoPor": null,
              "idLitigante": 18339348
            }
          ],
          "litiganteActor": null,
          "litiganteDemandado": null
        }
      ]
    },
    {
      "idJudicatura": "09332",
      "nombreJudicatura": "UNIDAD JUDICIAL CIVIL CON SEDE EN EL CANTÓN GUAYAQUIL",
      "ciudad": "GUAYAQUIL",
      "lstIncidenteJudicatura": [
        {
          "idIncidenteJudicatura": 2678735,
          "idMovimientoJuicioIncidente": 17014411,
          "idJudicaturaDestino": "09332",
          "fechaCrea": "12/02/2016 19:10",
          "incidente": 1,
          "lstLitiganteActor": [
            {
              "tipoLitigante": "ACTOR",
              "nombresLitigante": "AGUILAR CASTRO MONICA ELIZABETH/GARANTE SOLIDARIA",
              "representadoPor": null,
              "idLitigante": 5330699
            },
            {
              "tipoLitigante": "ACTOR",
              "nombresLitigante": "ZUMBA LEON ANGEL VICENTE/ARRENDATARIO",
              "representadoPor": null,
              "idLitigante": 5330698
            },
            {
              "tipoLitigante": "ACTOR",
              "nombresLitigante": "SILVA BRUNO ROBERTO LELIS/ARRENDADOR",
              "representadoPor": null,
              "idLitigante": 5330697
            }
          ],
          "lstLitiganteDemandado": [
            {
              "tipoLitigante": "DEMANDADO",
              "nombresLitigante": "",
              "representadoPor": null,
              "idLitigante": 18339348
            }
          ],
          "litiganteActor": null,
          "litiganteDemandado": null
        }
      ]
    },
    {
      "idJudicatura": "09406",
      "nombreJudicatura": "UNIDAD JUDICIAL DE FLORIDA DE INQUILINATO CON SEDE EN EL CANTÓN GUAYAQUIL",
      "ciudad": "GUAYAQUIL",
      "lstIncidenteJudicatura": [
        {
          "idIncidenteJudicatura": 9110531,
          "idMovimientoJuicioIncidente": 12452261,
          "idJudicaturaDestino": "09406",
          "fechaCrea": "24/10/2014 06:05",
          "incidente": 1,
          "lstLitiganteActor": [
            {
              "tipoLitigante": "ACTOR",
              "nombresLitigante": "AGUILAR CASTRO MONICA ELIZABETH/GARANTE SOLIDARIA",
              "representadoPor": null,
              "idLitigante": 5330699
            },
            {
              "tipoLitigante": "ACTOR",
              "nombresLitigante": "ZUMBA LEON ANGEL VICENTE/ARRENDATARIO",
              "representadoPor": null,
              "idLitigante": 5330698
            },
            {
              "tipoLitigante": "ACTOR",
              "nombresLitigante": "SILVA BRUNO ROBERTO LELIS/ARRENDADOR",
              "representadoPor": null,
              "idLitigante": 5330697
            }
          ],
          "lstLitiganteDemandado": [
            {
              "tipoLitigante": "DEMANDADO",
              "nombresLitigante": "",
              "representadoPor": null,
              "idLitigante": 18339348
            }
          ],
          "litiganteActor": null,
          "litiganteDemandado": null
        }
      ]
    }
  ]
}