{
  "0": {
    "id": 1,
    "idJuicio": "09406201520457G",
    "estadoActual": null,
    "idMateria": 5,
    "idProvincia": null,
    "idCanton": null,
    "idJudicatura": null,
    "nombreDelito": "REGISTRO DE CONTRATO DE ARRENDAMIENTO",
    "fechaIngreso": "2015-04-28T21:57:17.860+00:00",
    "iEDocumentoAdjunto": "N",
    "nombre": null,
    "cedula": null,
    "idEstadoJuicio": null,
    "nombreMateria": "INQUILINATO NO_COGEP",
    "nombreEstadoJuicio": null,
    "nombreJudicatura": null,
    "nombreTipoResolucion": null,
    "nombreTipoAccion": "CONTRATO DE ARRENDAMIENTO",
    "fechaProvidencia": null,
    "nombreProvidencia": null,
    "nombreProvincia": null
  },
  "id": 2,
  "idJuicio": "09406201520457G",
  "estadoActual": "A",
  "idMateria": 5,
  "idProvincia": null,
  "idCanton": null,
  "idJudicatura": null,
  "nombreDelito": "REGISTRO DE CONTRATO DE ARRENDAMIENTO",
  "fechaIngreso": "2015-04-28T21:57:17.860+00:00",
  "iEDocumentoAdjunto": "N",
  "nombre": null,
  "cedula": null,
  "idEstadoJuicio": null,
  "nombreMateria": null,
  "nombreEstadoJuicio": null,
  "nombreJudicatura": null,
  "nombreTipoResolucion": null,
  "nombreTipoAccion": null,
  "fechaProvidencia": null,
  "nombreProvidencia": null,
  "nombreProvincia": null,
  "incidentes": [
    {
      "idJudicatura": "09332",
      "nombreJudicatura": "UNIDAD JUDICIAL CIVIL CON SEDE EN EL CANTÓN GUAYAQUIL",
      "ciudad": "GUAYAQUIL",
      "lstIncidenteJudicatura": [
        {
          "idIncidenteJudicatura": 14853649,
          "idMovimientoJuicioIncidente": 17329746,
          "idJudicaturaDestino": "09332",
          "fechaCrea": "17/02/2016 19:58",
          "incidente": 1,
          "lstLitiganteActor": [
            {
              "tipoLitigante": "ACTOR",
              "nombresLitigante": "PALACIOS VALLE JOSE RICARDO",
              "representadoPor": "PALACIOS VALLE JOSE RICARDO",
              "idLitigante": 27517216
            },
            {
              "tipoLitigante": "ACTOR",
              "nombresLitigante": "ELIZONDO SALTOS MARIANA ROXANA",
              "representadoPor": "ELIZONDO SALTOS MARIANA ROXANA",
              "idLitigante": 27517205
            },
            {
              "tipoLitigante": "ACTOR",
              "nombresLitigante": "MOLINA VERA WILLIANS FREMION",
              "representadoPor": "MOLINA VERA WILLIANS FREMION",
              "idLitigante": 27095252
            }
          ],
          "lstLitiganteDemandado": null,
          "litiganteActor": null,
          "litiganteDemandado": null
        }
      ]
    },
    {
      "idJudicatura": "09406",
      "nombreJudicatura": "UNIDAD JUDICIAL DE FLORIDA DE INQUILINATO CON SEDE EN EL CANTÓN GUAYAQUIL",
      "ciudad": "GUAYAQUIL",
      "lstIncidenteJudicatura": [
        {
          "idIncidenteJudicatura": 14678777,
          "idMovimientoJuicioIncidente": 14944477,
          "idJudicaturaDestino": "09406",
          "fechaCrea": "28/04/2015 16:57",
          "incidente": 1,
          "lstLitiganteActor": [
            {
              "tipoLitigante": "ACTOR",
              "nombresLitigante": "PALACIOS VALLE JOSE RICARDO",
              "representadoPor": "PALACIOS VALLE JOSE RICARDO",
              "idLitigante": 27517216
            },
            {
              "tipoLitigante": "ACTOR",
              "nombresLitigante": "ELIZONDO SALTOS MARIANA ROXANA",
              "representadoPor": "ELIZONDO SALTOS MARIANA ROXANA",
              "idLitigante": 27517205
            },
            {
              "tipoLitigante": "ACTOR",
              "nombresLitigante": "MOLINA VERA WILLIANS FREMION",
              "representadoPor": "MOLINA VERA WILLIANS FREMION",
              "idLitigante": 27095252
            }
          ],
          "lstLitiganteDemandado": null,
          "litiganteActor": null,
          "litiganteDemandado": null
        }
      ]
    }
  ]
}