{
  "0": {
    "id": 1,
    "idJuicio": "0940620155744G ",
    "estadoActual": null,
    "idMateria": 5,
    "idProvincia": null,
    "idCanton": null,
    "idJudicatura": null,
    "nombreDelito": "REGISTRO DE CONTRATO DE ARRENDAMIENTO",
    "fechaIngreso": "2015-02-05T14:50:55.347+00:00",
    "iEDocumentoAdjunto": "N",
    "nombre": null,
    "cedula": null,
    "idEstadoJuicio": null,
    "nombreMateria": "INQUILINATO NO_COGEP",
    "nombreEstadoJuicio": null,
    "nombreJudicatura": null,
    "nombreTipoResolucion": null,
    "nombreTipoAccion": "CONTRATO DE ARRENDAMIENTO",
    "fechaProvidencia": null,
    "nombreProvidencia": null,
    "nombreProvincia": null
  },
  "id": 4,
  "idJuicio": "0940620155744G ",
  "estadoActual": "A",
  "idMateria": 5,
  "idProvincia": null,
  "idCanton": null,
  "idJudicatura": null,
  "nombreDelito": "REGISTRO DE CONTRATO DE ARRENDAMIENTO",
  "fechaIngreso": "2015-02-05T14:50:55.347+00:00",
  "iEDocumentoAdjunto": "N",
  "nombre": null,
  "cedula": null,
  "idEstadoJuicio": null,
  "nombreMateria": null,
  "nombreEstadoJuicio": null,
  "nombreJudicatura": null,
  "nombreTipoResolucion": null,
  "nombreTipoAccion": null,
  "fechaProvidencia": null,
  "nombreProvidencia": null,
  "nombreProvincia": null,
  "incidentes": [
    {
      "idJudicatura": "09332",
      "nombreJudicatura": "UNIDAD JUDICIAL CIVIL CON SEDE EN EL CANTÓN GUAYAQUIL",
      "ciudad": "GUAYAQUIL",
      "lstIncidenteJudicatura": [
        {
          "idIncidenteJudicatura": 4583906,
          "idMovimientoJuicioIncidente": 17312688,
          "idJudicaturaDestino": "09332",
          "fechaCrea": "17/02/2016 19:52",
          "incidente": 1,
          "lstLitiganteActor": [
            {
              "tipoLitigante": "ACTOR",
              "nombresLitigante": "ZAMBRANO CASTILLO FAUSTO ROMAN",
              "representadoPor": "ZAMBRANO CASTILLO FAUSTO ROMAN",
              "idLitigante": 26779251
            },
            {
              "tipoLitigante": "ACTOR",
              "nombresLitigante": "PARRA MARIN FLAVIO",
              "representadoPor": "PARRA MARIN FLAVIO",
              "idLitigante": 26779204
            }
          ],
          "lstLitiganteDemandado": null,
          "litiganteActor": null,
          "litiganteDemandado": null
        }
      ]
    },
    {
      "idJudicatura": "09406",
      "nombreJudicatura": "UNIDAD JUDICIAL DE FLORIDA DE INQUILINATO CON SEDE EN EL CANTÓN GUAYAQUIL",
      "ciudad": "GUAYAQUIL",
      "lstIncidenteJudicatura": [
        {
          "idIncidenteJudicatura": 15067506,
          "idMovimientoJuicioIncidente": 14548461,
          "idJudicaturaDestino": "09406",
          "fechaCrea": "05/02/2015 09:50",
          "incidente": 1,
          "lstLitiganteActor": [
            {
              "tipoLitigante": "ACTOR",
              "nombresLitigante": "ZAMBRANO CASTILLO FAUSTO ROMAN",
              "representadoPor": "ZAMBRANO CASTILLO FAUSTO ROMAN",
              "idLitigante": 26779251
            },
            {
              "tipoLitigante": "ACTOR",
              "nombresLitigante": "PARRA MARIN FLAVIO",
              "representadoPor": "PARRA MARIN FLAVIO",
              "idLitigante": 26779204
            }
          ],
          "lstLitiganteDemandado": null,
          "litiganteActor": null,
          "litiganteDemandado": null
        }
      ]
    }
  ]
}