{
  "0": {
    "id": 1,
    "idJuicio": "09802202201355 ",
    "estadoActual": null,
    "idMateria": 37,
    "idProvincia": null,
    "idCanton": null,
    "idJudicatura": null,
    "nombreDelito": "SUBJETIVO",
    "fechaIngreso": "2022-10-06T17:35:45.677+00:00",
    "iEDocumentoAdjunto": "N",
    "nombre": null,
    "cedula": null,
    "idEstadoJuicio": null,
    "nombreMateria": "CONTENCIOSO ADMINISTRATIVO",
    "nombreEstadoJuicio": null,
    "nombreJudicatura": null,
    "nombreTipoResolucion": null,
    "nombreTipoAccion": "CONTENCIOSO ADMNISTRATIVO",
    "fechaProvidencia": null,
    "nombreProvidencia": null,
    "nombreProvincia": null
  },
  "id": 1,
  "idJuicio": "09802202201355 ",
  "estadoActual": "A",
  "idMateria": 37,
  "idProvincia": null,
  "idCanton": null,
  "idJudicatura": null,
  "nombreDelito": "SUBJETIVO",
  "fechaIngreso": "2022-10-06T17:35:45.677+00:00",
  "iEDocumentoAdjunto": "N",
  "nombre": null,
  "cedula": null,
  "idEstadoJuicio": null,
  "nombreMateria": null,
  "nombreEstadoJuicio": null,
  "nombreJudicatura": null,
  "nombreTipoResolucion": null,
  "nombreTipoAccion": null,
  "fechaProvidencia": null,
  "nombreProvidencia": null,
  "nombreProvincia": null,
  "incidentes": [
    {
      "idJudicatura": "09802",
      "nombreJudicatura": "TRIBUNAL DISTRITAL DE LO CONTENCIOSO ADMINISTRATIVO CON SEDE EN EL CANTÓN GUAYAQUIL, PROVINCIA DEL GUAYAS",
      "ciudad": "GUAYAQUIL",
      "lstIncidenteJudicatura": [
        {
          "idIncidenteJudicatura": 25693618,
          "idMovimientoJuicioIncidente": 24351178,
          "idJudicaturaDestino": "09802",
          "fechaCrea": "06/10/2022 12:35",
          "incidente": 1,
          "lstLitiganteActor": [
            {
              "tipoLitigante": "ACTOR",
              "nombresLitigante": "CHAMPAN GUALE RAMON EMILIO",
              "representadoPor": "CHAMPAN GUALE RAMON EMILIO",
              "idLitigante": 33319818
            }
          ],
          "lstLitiganteDemandado": [
            {
              "tipoLitigante": "DEMANDADO",
              "nombresLitigante": "ING. JOSE BENIGNO MENDEZ POZO, DIRECTOR DE PRESTACIONES-PRESIDENTE DE LA JUNTA CALIFICADORA DE SERVICIOS POLICIALES DEL INSTITUTO DE SEGURIDAD SOCIAL DE LA POLICIA NACIONAL.",
              "representadoPor": "ING. JOSE BENIGNO MENDEZ POZO, DIRECTOR DE PRESTACIONES-PRESIDENTE DE LA JUNTA CALIFICADORA DE SERVICIOS POLICIALES DEL INSTITUTO DE SEGURIDAD SOCIAL DE LA POLICIA NACIONAL.",
              "idLitigante": 40528548
            },
            {
              "tipoLitigante": "DEMANDADO",
              "nombresLitigante": "CORONEL DE LA POLICIA DE ESTADO MAYOR, LCDO. DIEGO RENATO GONZALEZ PEÑAHERRERA, EN CALIDAD DE DIRECTOR GENERAL Y REPRESENTANTE LEGAL DEL INSTITUTO DE SEGURIDAD SOCIAL DE LA POLICIA NACIONAL.",
              "representadoPor": "CORONEL DE LA POLICIA DE ESTADO MAYOR, LCDO. DIEGO RENATO GONZALEZ PEÑAHERRERA, EN CALIDAD DE DIRECTOR GENERAL Y REPRESENTANTE LEGAL DEL INSTITUTO DE SEGURIDAD SOCIAL DE LA POLICIA NACIONAL.",
              "idLitigante": 40528557
            },
            {
              "tipoLitigante": "DEMANDADO",
              "nombresLitigante": "DR. IÑIGO SALVADOR CRESPO, PROCURADOR GENERAL DEL ESTADO.",
              "representadoPor": "DR. IÑIGO SALVADOR CRESPO, PROCURADOR GENERAL DEL ESTADO.",
              "idLitigante": 40528563
            }
          ],
          "litiganteActor": null,
          "litiganteDemandado": null
        }
      ]
    },
    {
      "idJudicatura": "17811",
      "nombreJudicatura": "TRIBUNAL DISTRITAL DE LO CONTENCIOSO ADMINISTRATIVO CON SEDE EN EL DISTRITO METROPOLITANO DE QUITO, PROVINCIA DE PICHINCHA",
      "ciudad": "QUITO",
      "lstIncidenteJudicatura": [
        {
          "idIncidenteJudicatura": 25723176,
          "idMovimientoJuicioIncidente": 24379996,
          "idJudicaturaDestino": "17811",
          "fechaCrea": "18/10/2022 08:33",
          "incidente": 2,
          "lstLitiganteActor": [
            {
              "tipoLitigante": "ACTOR",
              "nombresLitigante": "CHAMPAN GUALE RAMON EMILIO",
              "representadoPor": "CHAMPAN GUALE RAMON EMILIO",
              "idLitigante": 33319818
            }
          ],
          "lstLitiganteDemandado": [
            {
              "tipoLitigante": "DEMANDADO",
              "nombresLitigante": "DR. IÑIGO SALVADOR CRESPO, PROCURADOR GENERAL DEL ESTADO.",
              "representadoPor": "DR. IÑIGO SALVADOR CRESPO, PROCURADOR GENERAL DEL ESTADO.",
              "idLitigante": 40528563
            },
            {
              "tipoLitigante": "DEMANDADO",
              "nombresLitigante": "CORONEL DE LA POLICIA DE ESTADO MAYOR, LCDO. DIEGO RENATO GONZALEZ PEÑAHERRERA, EN CALIDAD DE DIRECTOR GENERAL Y REPRESENTANTE LEGAL DEL INSTITUTO DE SEGURIDAD SOCIAL DE LA POLICIA NACIONAL.",
              "representadoPor": "CORONEL DE LA POLICIA DE ESTADO MAYOR, LCDO. DIEGO RENATO GONZALEZ PEÑAHERRERA, EN CALIDAD DE DIRECTOR GENERAL Y REPRESENTANTE LEGAL DEL INSTITUTO DE SEGURIDAD SOCIAL DE LA POLICIA NACIONAL.",
              "idLitigante": 40528557
            },
            {
              "tipoLitigante": "DEMANDADO",
              "nombresLitigante": "ING. JOSE BENIGNO MENDEZ POZO, DIRECTOR DE PRESTACIONES-PRESIDENTE DE LA JUNTA CALIFICADORA DE SERVICIOS POLICIALES DEL INSTITUTO DE SEGURIDAD SOCIAL DE LA POLICIA NACIONAL.",
              "representadoPor": "ING. JOSE BENIGNO MENDEZ POZO, DIRECTOR DE PRESTACIONES-PRESIDENTE DE LA JUNTA CALIFICADORA DE SERVICIOS POLICIALES DEL INSTITUTO DE SEGURIDAD SOCIAL DE LA POLICIA NACIONAL.",
              "idLitigante": 40528548
            }
          ],
          "litiganteActor": null,
          "litiganteDemandado": null
        }
      ]
    }
  ]
}