{
  "0": {
    "id": 1,
    "idJuicio": "09802201801222 ",
    "estadoActual": null,
    "idMateria": 37,
    "idProvincia": null,
    "idCanton": null,
    "idJudicatura": null,
    "nombreDelito": "OBJETIVO",
    "fechaIngreso": "2018-12-27T16:50:18.583+00:00",
    "iEDocumentoAdjunto": "N",
    "nombre": null,
    "cedula": null,
    "idEstadoJuicio": null,
    "nombreMateria": "CONTENCIOSO ADMINISTRATIVO",
    "nombreEstadoJuicio": null,
    "nombreJudicatura": null,
    "nombreTipoResolucion": null,
    "nombreTipoAccion": "CONTENCIOSO ADMNISTRATIVO",
    "fechaProvidencia": null,
    "nombreProvidencia": null,
    "nombreProvincia": null
  },
  "id": 8,
  "idJuicio": "09802201801222 ",
  "estadoActual": "A",
  "idMateria": 37,
  "idProvincia": null,
  "idCanton": null,
  "idJudicatura": null,
  "nombreDelito": "OBJETIVO",
  "fechaIngreso": "2018-12-27T16:50:18.583+00:00",
  "iEDocumentoAdjunto": "N",
  "nombre": null,
  "cedula": null,
  "idEstadoJuicio": null,
  "nombreMateria": null,
  "nombreEstadoJuicio": null,
  "nombreJudicatura": null,
  "nombreTipoResolucion": null,
  "nombreTipoAccion": null,
  "fechaProvidencia": null,
  "nombreProvidencia": null,
  "nombreProvincia": null,
  "incidentes": [
    {
      "idJudicatura": "09802",
      "nombreJudicatura": "TRIBUNAL DISTRITAL DE LO CONTENCIOSO ADMINISTRATIVO CON SEDE EN EL CANTÓN GUAYAQUIL, PROVINCIA DEL GUAYAS",
      "ciudad": "GUAYAQUIL",
      "lstIncidenteJudicatura": [
        {
          "idIncidenteJudicatura": 21301728,
          "idMovimientoJuicioIncidente": 20463638,
          "idJudicaturaDestino": "09802",
          "fechaCrea": "27/12/2018 11:50",
          "incidente": 1,
          "lstLitiganteActor": [
            {
              "tipoLitigante": "ACTOR",
              "nombresLitigante": "SOLORZANO CEVALLOS SUSANA ISABEL",
              "representadoPor": "SOLORZANO CEVALLOS SUSANA ISABEL",
              "idLitigante": 35012439
            }
          ],
          "lstLitiganteDemandado": [
            {
              "tipoLitigante": "DEMANDADO",
              "nombresLitigante": "dra maria dolores rivas casaretto, pldqr directora regional 1 procuraduria del estado",
              "representadoPor": "dra maria dolores rivas casaretto, pldqr directora regional 1 procuraduria del estado",
              "idLitigante": 35012458
            },
            {
              "tipoLitigante": "DEMANDADO",
              "nombresLitigante": "dr jefferson gardo leon pldqr director del iess",
              "representadoPor": "dr jefferson gardo leon pldqr director del iess",
              "idLitigante": 35012453
            }
          ],
          "litiganteActor": null,
          "litiganteDemandado": null
        }
      ]
    }
  ]
}