{
  "0": {
    "id": 1,
    "idJuicio": "09802201901274 ",
    "estadoActual": null,
    "idMateria": 37,
    "idProvincia": null,
    "idCanton": null,
    "idJudicatura": null,
    "nombreDelito": "SUBJETIVO",
    "fechaIngreso": "2019-12-04T21:31:42.180+00:00",
    "iEDocumentoAdjunto": "N",
    "nombre": null,
    "cedula": null,
    "idEstadoJuicio": null,
    "nombreMateria": "CONTENCIOSO ADMINISTRATIVO",
    "nombreEstadoJuicio": null,
    "nombreJudicatura": null,
    "nombreTipoResolucion": null,
    "nombreTipoAccion": "CONTENCIOSO ADMNISTRATIVO",
    "fechaProvidencia": null,
    "nombreProvidencia": null,
    "nombreProvincia": null
  },
  "id": 7,
  "idJuicio": "09802201901274 ",
  "estadoActual": "A",
  "idMateria": 37,
  "idProvincia": null,
  "idCanton": null,
  "idJudicatura": null,
  "nombreDelito": "SUBJETIVO",
  "fechaIngreso": "2019-12-04T21:31:42.180+00:00",
  "iEDocumentoAdjunto": "N",
  "nombre": null,
  "cedula": null,
  "idEstadoJuicio": null,
  "nombreMateria": null,
  "nombreEstadoJuicio": null,
  "nombreJudicatura": null,
  "nombreTipoResolucion": null,
  "nombreTipoAccion": null,
  "fechaProvidencia": null,
  "nombreProvidencia": null,
  "nombreProvincia": null,
  "incidentes": [
    {
      "idJudicatura": "09802",
      "nombreJudicatura": "TRIBUNAL DISTRITAL DE LO CONTENCIOSO ADMINISTRATIVO CON SEDE EN EL CANTÓN GUAYAQUIL, PROVINCIA DEL GUAYAS",
      "ciudad": "GUAYAQUIL",
      "lstIncidenteJudicatura": [
        {
          "idIncidenteJudicatura": 22290332,
          "idMovimientoJuicioIncidente": 21408014,
          "idJudicaturaDestino": "09802",
          "fechaCrea": "04/12/2019 16:31",
          "incidente": 1,
          "lstLitiganteActor": [
            {
              "tipoLitigante": "ACTOR",
              "nombresLitigante": "SOLORZANO CEVALLOS SUSANA ISABEL",
              "representadoPor": "SOLORZANO CEVALLOS SUSANA ISABEL",
              "idLitigante": 35012439
            }
          ],
          "lstLitiganteDemandado": [
            {
              "tipoLitigante": "DEMANDADO",
              "nombresLitigante": "dra. maria dolores rivas casaretto - directora regional",
              "representadoPor": "dra. maria dolores rivas casaretto - directora regional",
              "idLitigante": 36398650
            },
            {
              "tipoLitigante": "DEMANDADO",
              "nombresLitigante": "dr. angel loja llanos - director del iess",
              "representadoPor": "dr. angel loja llanos - director del iess",
              "idLitigante": 36398639
            }
          ],
          "litiganteActor": null,
          "litiganteDemandado": null
        }
      ]
    }
  ]
}