{
  "0": {
    "id": 1,
    "idJuicio": "0995620082386  ",
    "estadoActual": null,
    "idMateria": 6,
    "idProvincia": null,
    "idCanton": null,
    "idJudicatura": null,
    "nombreDelito": "MALTRATO                                                                                                                                                                            ",
    "fechaIngreso": "2008-09-24T05:00:00.000+00:00",
    "iEDocumentoAdjunto": "N",
    "nombre": null,
    "cedula": null,
    "idEstadoJuicio": null,
    "nombreMateria": "FAMILIA MUJER NIÑEZ Y ADOLESCENCIA NO_COGEP",
    "nombreEstadoJuicio": null,
    "nombreJudicatura": null,
    "nombreTipoResolucion": null,
    "nombreTipoAccion": "ESPECIAL                                                              ",
    "fechaProvidencia": null,
    "nombreProvidencia": null,
    "nombreProvincia": null
  },
  "id": 2,
  "idJuicio": "0995620082386  ",
  "estadoActual": "P",
  "idMateria": 6,
  "idProvincia": null,
  "idCanton": null,
  "idJudicatura": null,
  "nombreDelito": "MALTRATO                                                                                                                                                                            ",
  "fechaIngreso": "2008-09-24T05:00:00.000+00:00",
  "iEDocumentoAdjunto": "N",
  "nombre": null,
  "cedula": null,
  "idEstadoJuicio": null,
  "nombreMateria": null,
  "nombreEstadoJuicio": null,
  "nombreJudicatura": null,
  "nombreTipoResolucion": null,
  "nombreTipoAccion": null,
  "fechaProvidencia": null,
  "nombreProvidencia": null,
  "nombreProvincia": null,
  "incidentes": [
    {
      "idJudicatura": "09209",
      "nombreJudicatura": "UNIDAD JUDICIAL DE FAMILIA, MUJER, NIÑEZ Y ADOLESCENCIA NORTE CON SEDE EN EL CANTÓN GUAYAQUIL, PROVINCIA DEL GUAYAS",
      "ciudad": "GUAYAQUIL",
      "lstIncidenteJudicatura": [
        {
          "idIncidenteJudicatura": 15122227,
          "idMovimientoJuicioIncidente": 12992924,
          "idJudicaturaDestino": "09209",
          "fechaCrea": "24/10/2014 07:06",
          "incidente": 1,
          "lstLitiganteActor": [
            {
              "tipoLitigante": "ACTOR",
              "nombresLitigante": "CASTILLO CARLOS",
              "representadoPor": null,
              "idLitigante": 6269314
            },
            {
              "tipoLitigante": "ACTOR",
              "nombresLitigante": "CASTILLO MEJIA CARLOS",
              "representadoPor": null,
              "idLitigante": 6269313
            },
            {
              "tipoLitigante": "ACTOR",
              "nombresLitigante": "CASTILLO PINEDA CARLOS ANTONIO",
              "representadoPor": null,
              "idLitigante": 6269312
            }
          ],
          "lstLitiganteDemandado": [
            {
              "tipoLitigante": "DEMANDADO",
              "nombresLitigante": "PINEDA CABRERA ANA DEL PILAR",
              "representadoPor": null,
              "idLitigante": 18726158
            }
          ],
          "litiganteActor": null,
          "litiganteDemandado": null
        }
      ]
    },
    {
      "idJudicatura": "09956",
      "nombreJudicatura": "JUZGADO SEXTO DE FAMILIA, MUJER, NIÑEZ Y ADOLESCENCIA",
      "ciudad": "GUAYAQUIL",
      "lstIncidenteJudicatura": [
        {
          "idIncidenteJudicatura": 17443323,
          "idMovimientoJuicioIncidente": 3416321,
          "idJudicaturaDestino": "09956",
          "fechaCrea": "24/09/2008 00:00",
          "incidente": 1,
          "lstLitiganteActor": [
            {
              "tipoLitigante": "ACTOR",
              "nombresLitigante": "CASTILLO CARLOS",
              "representadoPor": null,
              "idLitigante": 6269314
            },
            {
              "tipoLitigante": "ACTOR",
              "nombresLitigante": "CASTILLO MEJIA CARLOS",
              "representadoPor": null,
              "idLitigante": 6269313
            },
            {
              "tipoLitigante": "ACTOR",
              "nombresLitigante": "CASTILLO PINEDA CARLOS ANTONIO",
              "representadoPor": null,
              "idLitigante": 6269312
            }
          ],
          "lstLitiganteDemandado": [
            {
              "tipoLitigante": "DEMANDADO",
              "nombresLitigante": "PINEDA CABRERA ANA DEL PILAR",
              "representadoPor": null,
              "idLitigante": 18726158
            }
          ],
          "litiganteActor": null,
          "litiganteDemandado": null
        }
      ]
    }
  ]
}