{
  "0": {
    "id": 1,
    "idJuicio": "0995320130900  ",
    "estadoActual": null,
    "idMateria": 6,
    "idProvincia": null,
    "idCanton": null,
    "idJudicatura": null,
    "nombreDelito": "DIVORCIO POR MUTUO CONSENTIMIENTO                                                                                                                                                   ",
    "fechaIngreso": "2013-10-21T05:00:00.000+00:00",
    "iEDocumentoAdjunto": "N",
    "nombre": null,
    "cedula": null,
    "idEstadoJuicio": null,
    "nombreMateria": "FAMILIA MUJER NIÑEZ Y ADOLESCENCIA NO_COGEP",
    "nombreEstadoJuicio": null,
    "nombreJudicatura": null,
    "nombreTipoResolucion": null,
    "nombreTipoAccion": "ESPECIAL                                                              ",
    "fechaProvidencia": null,
    "nombreProvidencia": null,
    "nombreProvincia": null
  },
  "id": 1,
  "idJuicio": "0995320130900  ",
  "estadoActual": "A",
  "idMateria": 6,
  "idProvincia": null,
  "idCanton": null,
  "idJudicatura": null,
  "nombreDelito": "DIVORCIO POR MUTUO CONSENTIMIENTO                                                                                                                                                   ",
  "fechaIngreso": "2013-10-21T05:00:00.000+00:00",
  "iEDocumentoAdjunto": "N",
  "nombre": null,
  "cedula": null,
  "idEstadoJuicio": null,
  "nombreMateria": null,
  "nombreEstadoJuicio": null,
  "nombreJudicatura": null,
  "nombreTipoResolucion": null,
  "nombreTipoAccion": null,
  "fechaProvidencia": null,
  "nombreProvidencia": null,
  "nombreProvincia": null,
  "incidentes": [
    {
      "idJudicatura": "09953",
      "nombreJudicatura": "JUZGADO TERCERO DE FAMILIA, MUJER, NIÑEZ Y ADOLESCENCIA",
      "ciudad": "GUAYAQUIL",
      "lstIncidenteJudicatura": [
        {
          "idIncidenteJudicatura": 4313743,
          "idMovimientoJuicioIncidente": 8658973,
          "idJudicaturaDestino": "09953",
          "fechaCrea": "21/10/2013 00:00",
          "incidente": 1,
          "lstLitiganteActor": [
            {
              "tipoLitigante": "ACTOR",
              "nombresLitigante": "CERNA MORAN ANDRES ALBERTO",
              "representadoPor": null,
              "idLitigante": 6326792
            },
            {
              "tipoLitigante": "ACTOR",
              "nombresLitigante": "CERNA MORAN ANDRES ALBERTO",
              "representadoPor": null,
              "idLitigante": 6326791
            },
            {
              "tipoLitigante": "ACTOR",
              "nombresLitigante": "LEON LOOR MAIRA MERCEDES",
              "representadoPor": null,
              "idLitigante": 6326790
            }
          ],
          "lstLitiganteDemandado": null,
          "litiganteActor": null,
          "litiganteDemandado": null
        }
      ]
    },
    {
      "idJudicatura": "09209",
      "nombreJudicatura": "UNIDAD JUDICIAL DE FAMILIA, MUJER, NIÑEZ Y ADOLESCENCIA NORTE CON SEDE EN EL CANTÓN GUAYAQUIL, PROVINCIA DEL GUAYAS",
      "ciudad": "GUAYAQUIL",
      "lstIncidenteJudicatura": [
        {
          "idIncidenteJudicatura": 597748,
          "idMovimientoJuicioIncidente": 12927968,
          "idJudicaturaDestino": "09209",
          "fechaCrea": "24/10/2014 07:00",
          "incidente": 1,
          "lstLitiganteActor": [
            {
              "tipoLitigante": "ACTOR",
              "nombresLitigante": "CERNA MORAN ANDRES ALBERTO",
              "representadoPor": null,
              "idLitigante": 6326792
            },
            {
              "tipoLitigante": "ACTOR",
              "nombresLitigante": "CERNA MORAN ANDRES ALBERTO",
              "representadoPor": null,
              "idLitigante": 6326791
            },
            {
              "tipoLitigante": "ACTOR",
              "nombresLitigante": "LEON LOOR MAIRA MERCEDES",
              "representadoPor": null,
              "idLitigante": 6326790
            }
          ],
          "lstLitiganteDemandado": null,
          "litiganteActor": null,
          "litiganteDemandado": null
        }
      ]
    }
  ]
}