{
  "0": {
    "id": 1,
    "idJuicio": "0995720140071  ",
    "estadoActual": null,
    "idMateria": 6,
    "idProvincia": null,
    "idCanton": null,
    "idJudicatura": null,
    "nombreDelito": "DIVORCIO POR MUTUO CONSENTIMIENTO                                                                                                                                                   ",
    "fechaIngreso": "2014-01-23T05:00:00.000+00:00",
    "iEDocumentoAdjunto": "N",
    "nombre": null,
    "cedula": null,
    "idEstadoJuicio": null,
    "nombreMateria": "FAMILIA MUJER NIÑEZ Y ADOLESCENCIA NO_COGEP",
    "nombreEstadoJuicio": null,
    "nombreJudicatura": null,
    "nombreTipoResolucion": null,
    "nombreTipoAccion": "ESPECIAL                                                              ",
    "fechaProvidencia": null,
    "nombreProvidencia": null,
    "nombreProvincia": null
  },
  "id": 2,
  "idJuicio": "0995720140071  ",
  "estadoActual": "A",
  "idMateria": 6,
  "idProvincia": null,
  "idCanton": null,
  "idJudicatura": null,
  "nombreDelito": "DIVORCIO POR MUTUO CONSENTIMIENTO                                                                                                                                                   ",
  "fechaIngreso": "2014-01-23T05:00:00.000+00:00",
  "iEDocumentoAdjunto": "N",
  "nombre": null,
  "cedula": null,
  "idEstadoJuicio": null,
  "nombreMateria": null,
  "nombreEstadoJuicio": null,
  "nombreJudicatura": null,
  "nombreTipoResolucion": null,
  "nombreTipoAccion": null,
  "fechaProvidencia": null,
  "nombreProvidencia": null,
  "nombreProvincia": null,
  "incidentes": [
    {
      "idJudicatura": "09957",
      "nombreJudicatura": "JUZGADO SÉPTIMO DE FAMILIA, MUJER, NIÑEZ Y ADOLESCENCIA",
      "ciudad": "GUAYAQUIL",
      "lstIncidenteJudicatura": [
        {
          "idIncidenteJudicatura": 6315855,
          "idMovimientoJuicioIncidente": 9319013,
          "idJudicaturaDestino": "09957",
          "fechaCrea": "23/01/2014 00:00",
          "incidente": 1,
          "lstLitiganteActor": [
            {
              "tipoLitigante": "ACTOR",
              "nombresLitigante": "GUILINDRO COELLO BOLIVAR JACINTO",
              "representadoPor": null,
              "idLitigante": 6386122
            },
            {
              "tipoLitigante": "ACTOR",
              "nombresLitigante": "LOOR VELEZ FATIMA ARACELY",
              "representadoPor": null,
              "idLitigante": 6386121
            }
          ],
          "lstLitiganteDemandado": null,
          "litiganteActor": null,
          "litiganteDemandado": null
        }
      ]
    },
    {
      "idJudicatura": "09209",
      "nombreJudicatura": "UNIDAD JUDICIAL DE FAMILIA, MUJER, NIÑEZ Y ADOLESCENCIA NORTE CON SEDE EN EL CANTÓN GUAYAQUIL, PROVINCIA DEL GUAYAS",
      "ciudad": "GUAYAQUIL",
      "lstIncidenteJudicatura": [
        {
          "idIncidenteJudicatura": 6776463,
          "idMovimientoJuicioIncidente": 12994478,
          "idJudicaturaDestino": "09209",
          "fechaCrea": "24/10/2014 07:06",
          "incidente": 1,
          "lstLitiganteActor": [
            {
              "tipoLitigante": "ACTOR",
              "nombresLitigante": "GUILINDRO COELLO BOLIVAR JACINTO",
              "representadoPor": null,
              "idLitigante": 6386122
            },
            {
              "tipoLitigante": "ACTOR",
              "nombresLitigante": "LOOR VELEZ FATIMA ARACELY",
              "representadoPor": null,
              "idLitigante": 6386121
            }
          ],
          "lstLitiganteDemandado": null,
          "litiganteActor": null,
          "litiganteDemandado": null
        }
      ]
    }
  ]
}