{
  "0": {
    "id": 1,
    "idJuicio": "0995920101577  ",
    "estadoActual": null,
    "idMateria": 6,
    "idProvincia": null,
    "idCanton": null,
    "idJudicatura": null,
    "nombreDelito": "ACTA DE MEDIACION                                                                                                                                                                   ",
    "fechaIngreso": "2010-11-25T05:00:00.000+00:00",
    "iEDocumentoAdjunto": "N",
    "nombre": null,
    "cedula": null,
    "idEstadoJuicio": null,
    "nombreMateria": "FAMILIA MUJER NIÑEZ Y ADOLESCENCIA NO_COGEP",
    "nombreEstadoJuicio": null,
    "nombreJudicatura": null,
    "nombreTipoResolucion": null,
    "nombreTipoAccion": "CONTENCIOSO GENERAL                                                   ",
    "fechaProvidencia": null,
    "nombreProvidencia": null,
    "nombreProvincia": null
  },
  "id": 1,
  "idJuicio": "0995920101577  ",
  "estadoActual": "A",
  "idMateria": 6,
  "idProvincia": null,
  "idCanton": null,
  "idJudicatura": null,
  "nombreDelito": "ACTA DE MEDIACION                                                                                                                                                                   ",
  "fechaIngreso": "2010-11-25T05:00:00.000+00:00",
  "iEDocumentoAdjunto": "N",
  "nombre": null,
  "cedula": null,
  "idEstadoJuicio": null,
  "nombreMateria": null,
  "nombreEstadoJuicio": null,
  "nombreJudicatura": null,
  "nombreTipoResolucion": null,
  "nombreTipoAccion": null,
  "fechaProvidencia": null,
  "nombreProvidencia": null,
  "nombreProvincia": null,
  "incidentes": [
    {
      "idJudicatura": "09959",
      "nombreJudicatura": "JUZGADO NOVENO DE FAMILIA, MUJER, NIÑEZ Y ADOLESCENCIA",
      "ciudad": "GUAYAQUIL",
      "lstIncidenteJudicatura": [
        {
          "idIncidenteJudicatura": 10441983,
          "idMovimientoJuicioIncidente": 5267320,
          "idJudicaturaDestino": "09959",
          "fechaCrea": "25/11/2010 00:00",
          "incidente": 1,
          "lstLitiganteActor": [
            {
              "tipoLitigante": "ACTOR",
              "nombresLitigante": "GARCIA ESCOBAR JAVIER ALONSO",
              "representadoPor": null,
              "idLitigante": 6357368
            },
            {
              "tipoLitigante": "ACTOR",
              "nombresLitigante": "BARROSO VILLAMAR GEORGINA AIDA",
              "representadoPor": null,
              "idLitigante": 6357367
            }
          ],
          "lstLitiganteDemandado": [
            {
              "tipoLitigante": "DEMANDADO",
              "nombresLitigante": "GARCIA ESCOBAR JAVIER ALONSO",
              "representadoPor": null,
              "idLitigante": 18787392
            }
          ],
          "litiganteActor": null,
          "litiganteDemandado": null
        }
      ]
    },
    {
      "idJudicatura": "09209",
      "nombreJudicatura": "UNIDAD JUDICIAL DE FAMILIA, MUJER, NIÑEZ Y ADOLESCENCIA NORTE CON SEDE EN EL CANTÓN GUAYAQUIL, PROVINCIA DEL GUAYAS",
      "ciudad": "GUAYAQUIL",
      "lstIncidenteJudicatura": [
        {
          "idIncidenteJudicatura": 5031738,
          "idMovimientoJuicioIncidente": 13031699,
          "idJudicaturaDestino": "09209",
          "fechaCrea": "24/10/2014 07:10",
          "incidente": 1,
          "lstLitiganteActor": [
            {
              "tipoLitigante": "ACTOR",
              "nombresLitigante": "GARCIA ESCOBAR JAVIER ALONSO",
              "representadoPor": null,
              "idLitigante": 6357368
            },
            {
              "tipoLitigante": "ACTOR",
              "nombresLitigante": "BARROSO VILLAMAR GEORGINA AIDA",
              "representadoPor": null,
              "idLitigante": 6357367
            }
          ],
          "lstLitiganteDemandado": [
            {
              "tipoLitigante": "DEMANDADO",
              "nombresLitigante": "GARCIA ESCOBAR JAVIER ALONSO",
              "representadoPor": null,
              "idLitigante": 18787392
            }
          ],
          "litiganteActor": null,
          "litiganteDemandado": null
        }
      ]
    }
  ]
}