{
  "0": {
    "id": 1,
    "idJuicio": "0995120101660  ",
    "estadoActual": null,
    "idMateria": 6,
    "idProvincia": null,
    "idCanton": null,
    "idJudicatura": null,
    "nombreDelito": "ALIMENTOS CON PRESUNCIÓN DE PATERNIDAD",
    "fechaIngreso": "2010-12-15T05:00:00.000+00:00",
    "iEDocumentoAdjunto": "N",
    "nombre": null,
    "cedula": null,
    "idEstadoJuicio": null,
    "nombreMateria": "FAMILIA MUJER NIÑEZ Y ADOLESCENCIA NO_COGEP",
    "nombreEstadoJuicio": null,
    "nombreJudicatura": null,
    "nombreTipoResolucion": null,
    "nombreTipoAccion": "CONTENCIOSO GENERAL                                                   ",
    "fechaProvidencia": null,
    "nombreProvidencia": null,
    "nombreProvincia": null
  },
  "id": 1,
  "idJuicio": "0995120101660  ",
  "estadoActual": "A",
  "idMateria": 6,
  "idProvincia": null,
  "idCanton": null,
  "idJudicatura": null,
  "nombreDelito": "ALIMENTOS CON PRESUNCIÓN DE PATERNIDAD",
  "fechaIngreso": "2010-12-15T05:00:00.000+00:00",
  "iEDocumentoAdjunto": "N",
  "nombre": null,
  "cedula": null,
  "idEstadoJuicio": null,
  "nombreMateria": null,
  "nombreEstadoJuicio": null,
  "nombreJudicatura": null,
  "nombreTipoResolucion": null,
  "nombreTipoAccion": null,
  "fechaProvidencia": null,
  "nombreProvidencia": null,
  "nombreProvincia": null,
  "incidentes": [
    {
      "idJudicatura": "09951",
      "nombreJudicatura": "JUZGADO PRIMERO DE FAMILIA, MUJER, NIÑEZ Y ADOLESCENCIA",
      "ciudad": "GUAYAQUIL",
      "lstIncidenteJudicatura": [
        {
          "idIncidenteJudicatura": 2141107,
          "idMovimientoJuicioIncidente": 5316431,
          "idJudicaturaDestino": "09951",
          "fechaCrea": "15/12/2010 00:00",
          "incidente": 1,
          "lstLitiganteActor": [
            {
              "tipoLitigante": "ACTOR",
              "nombresLitigante": "BEJARANO RAMIREZ ROSA GISEL",
              "representadoPor": null,
              "idLitigante": 6543246
            }
          ],
          "lstLitiganteDemandado": [
            {
              "tipoLitigante": "DEMANDADO",
              "nombresLitigante": "CONCHA MONTEROS MIGUEL ANGEL",
              "representadoPor": null,
              "idLitigante": 18592922
            }
          ],
          "litiganteActor": null,
          "litiganteDemandado": null
        }
      ]
    },
    {
      "idJudicatura": "09209",
      "nombreJudicatura": "UNIDAD JUDICIAL DE FAMILIA, MUJER, NIÑEZ Y ADOLESCENCIA NORTE CON SEDE EN EL CANTÓN GUAYAQUIL, PROVINCIA DEL GUAYAS",
      "ciudad": "GUAYAQUIL",
      "lstIncidenteJudicatura": [
        {
          "idIncidenteJudicatura": 17074248,
          "idMovimientoJuicioIncidente": 12825007,
          "idJudicaturaDestino": "09209",
          "fechaCrea": "24/10/2014 06:50",
          "incidente": 1,
          "lstLitiganteActor": [
            {
              "tipoLitigante": "ACTOR",
              "nombresLitigante": "BEJARANO RAMIREZ ROSA GISEL",
              "representadoPor": null,
              "idLitigante": 29176099
            },
            {
              "tipoLitigante": "ACTOR",
              "nombresLitigante": "BEJARANO RAMIREZ ROSA GISEL",
              "representadoPor": null,
              "idLitigante": 6543246
            }
          ],
          "lstLitiganteDemandado": [
            {
              "tipoLitigante": "DEMANDADO",
              "nombresLitigante": "CONCHA MONTEROS MIGUEL ANGEL",
              "representadoPor": null,
              "idLitigante": 18592922
            }
          ],
          "litiganteActor": null,
          "litiganteDemandado": null
        }
      ]
    }
  ]
}