{
  "0": {
    "id": 1,
    "idJuicio": "0996120101604  ",
    "estadoActual": null,
    "idMateria": 6,
    "idProvincia": null,
    "idCanton": null,
    "idJudicatura": null,
    "nombreDelito": "ALIMENTOS",
    "fechaIngreso": "2010-11-30T05:00:00.000+00:00",
    "iEDocumentoAdjunto": "N",
    "nombre": null,
    "cedula": null,
    "idEstadoJuicio": null,
    "nombreMateria": "FAMILIA MUJER NIÑEZ Y ADOLESCENCIA NO_COGEP",
    "nombreEstadoJuicio": null,
    "nombreJudicatura": null,
    "nombreTipoResolucion": null,
    "nombreTipoAccion": "CONTENCIOSO GENERAL                                                   ",
    "fechaProvidencia": null,
    "nombreProvidencia": null,
    "nombreProvincia": null
  },
  "id": 1,
  "idJuicio": "0996120101604  ",
  "estadoActual": "A",
  "idMateria": 6,
  "idProvincia": null,
  "idCanton": null,
  "idJudicatura": null,
  "nombreDelito": "ALIMENTOS",
  "fechaIngreso": "2010-11-30T05:00:00.000+00:00",
  "iEDocumentoAdjunto": "N",
  "nombre": null,
  "cedula": null,
  "idEstadoJuicio": null,
  "nombreMateria": null,
  "nombreEstadoJuicio": null,
  "nombreJudicatura": null,
  "nombreTipoResolucion": null,
  "nombreTipoAccion": null,
  "fechaProvidencia": null,
  "nombreProvidencia": null,
  "nombreProvincia": null,
  "incidentes": [
    {
      "idJudicatura": "09961",
      "nombreJudicatura": "JUZGADO DÉCIMO PRIMERO DE FAMILIA, MUJER, NIÑEZ Y ADOLESCENCIA",
      "ciudad": "GUAYAQUIL",
      "lstIncidenteJudicatura": [
        {
          "idIncidenteJudicatura": 6918332,
          "idMovimientoJuicioIncidente": 5279408,
          "idJudicaturaDestino": "09961",
          "fechaCrea": "30/11/2010 00:00",
          "incidente": 1,
          "lstLitiganteActor": [
            {
              "tipoLitigante": "ACTOR",
              "nombresLitigante": "QUISPILEMA ARCOS CARLOS EFRAIN",
              "representadoPor": null,
              "idLitigante": 6423641
            },
            {
              "tipoLitigante": "ACTOR",
              "nombresLitigante": "ORDOÑEZ MONTAÑO MARIA ELENA",
              "representadoPor": null,
              "idLitigante": 6423640
            },
            {
              "tipoLitigante": "ACTOR",
              "nombresLitigante": "ANDRE MORAN AMADA ABG. DIRECTORA CENTRO DE MEDIACION",
              "representadoPor": null,
              "idLitigante": 6423639
            }
          ],
          "lstLitiganteDemandado": null,
          "litiganteActor": null,
          "litiganteDemandado": null
        }
      ]
    },
    {
      "idJudicatura": "09209",
      "nombreJudicatura": "UNIDAD JUDICIAL DE FAMILIA, MUJER, NIÑEZ Y ADOLESCENCIA NORTE CON SEDE EN EL CANTÓN GUAYAQUIL, PROVINCIA DEL GUAYAS",
      "ciudad": "GUAYAQUIL",
      "lstIncidenteJudicatura": [
        {
          "idIncidenteJudicatura": 17862324,
          "idMovimientoJuicioIncidente": 13096400,
          "idJudicaturaDestino": "09209",
          "fechaCrea": "25/10/2014 04:29",
          "incidente": 1,
          "lstLitiganteActor": [
            {
              "tipoLitigante": "ACTOR",
              "nombresLitigante": "QUISPILEMA ARCOS CARLOS EFRAIN",
              "representadoPor": "QUISPILEMA ARCOS CARLOS EFRAIN",
              "idLitigante": 6423641
            },
            {
              "tipoLitigante": "ACTOR",
              "nombresLitigante": "ORDOÑEZ MONTAÑO MARIA ELENA",
              "representadoPor": null,
              "idLitigante": 6423640
            },
            {
              "tipoLitigante": "ACTOR",
              "nombresLitigante": "ANDRE MORAN AMADA ABG. DIRECTORA CENTRO DE MEDIACION",
              "representadoPor": null,
              "idLitigante": 6423639
            }
          ],
          "lstLitiganteDemandado": null,
          "litiganteActor": null,
          "litiganteDemandado": null
        }
      ]
    }
  ]
}