{
  "0": {
    "id": 1,
    "idJuicio": "0996420131109  ",
    "estadoActual": null,
    "idMateria": 6,
    "idProvincia": null,
    "idCanton": null,
    "idJudicatura": null,
    "nombreDelito": "DIVORCIO POR CAUSAL                                                                                                                                                                 ",
    "fechaIngreso": "2013-11-19T05:00:00.000+00:00",
    "iEDocumentoAdjunto": "N",
    "nombre": null,
    "cedula": null,
    "idEstadoJuicio": null,
    "nombreMateria": "FAMILIA MUJER NIÑEZ Y ADOLESCENCIA NO_COGEP",
    "nombreEstadoJuicio": null,
    "nombreJudicatura": null,
    "nombreTipoResolucion": null,
    "nombreTipoAccion": "VERBAL SUMARIO                                                        ",
    "fechaProvidencia": null,
    "nombreProvidencia": null,
    "nombreProvincia": null
  },
  "id": 4,
  "idJuicio": "0996420131109  ",
  "estadoActual": "A",
  "idMateria": 6,
  "idProvincia": null,
  "idCanton": null,
  "idJudicatura": null,
  "nombreDelito": "DIVORCIO POR CAUSAL                                                                                                                                                                 ",
  "fechaIngreso": "2013-11-19T05:00:00.000+00:00",
  "iEDocumentoAdjunto": "N",
  "nombre": null,
  "cedula": null,
  "idEstadoJuicio": null,
  "nombreMateria": null,
  "nombreEstadoJuicio": null,
  "nombreJudicatura": null,
  "nombreTipoResolucion": null,
  "nombreTipoAccion": null,
  "fechaProvidencia": null,
  "nombreProvidencia": null,
  "nombreProvincia": null,
  "incidentes": [
    {
      "idJudicatura": "09964",
      "nombreJudicatura": "JUZGADO DÉCIMO CUARTO DE FAMILIA, MUJER, NIÑEZ Y ADOLESCENCIA",
      "ciudad": "GUAYAQUIL",
      "lstIncidenteJudicatura": [
        {
          "idIncidenteJudicatura": 6061586,
          "idMovimientoJuicioIncidente": 8890243,
          "idJudicaturaDestino": "09964",
          "fechaCrea": "19/11/2013 00:00",
          "incidente": 1,
          "lstLitiganteActor": [
            {
              "tipoLitigante": "ACTOR",
              "nombresLitigante": "LOURDES CEDEÑOA CORDOVA",
              "representadoPor": null,
              "idLitigante": 6419867
            },
            {
              "tipoLitigante": "ACTOR",
              "nombresLitigante": "CEDEÑO CORDOVA LOURDES CARIDAD",
              "representadoPor": null,
              "idLitigante": 6419866
            },
            {
              "tipoLitigante": "ACTOR",
              "nombresLitigante": "CEDEÑO CORDOVA LOURDES",
              "representadoPor": null,
              "idLitigante": 6419865
            }
          ],
          "lstLitiganteDemandado": [
            {
              "tipoLitigante": "DEMANDADO",
              "nombresLitigante": "LEON MARTILLO CARLOS FERNANDO",
              "representadoPor": null,
              "idLitigante": 18927234
            }
          ],
          "litiganteActor": null,
          "litiganteDemandado": null
        }
      ]
    },
    {
      "idJudicatura": "09209",
      "nombreJudicatura": "UNIDAD JUDICIAL DE FAMILIA, MUJER, NIÑEZ Y ADOLESCENCIA NORTE CON SEDE EN EL CANTÓN GUAYAQUIL, PROVINCIA DEL GUAYAS",
      "ciudad": "GUAYAQUIL",
      "lstIncidenteJudicatura": [
        {
          "idIncidenteJudicatura": 10523060,
          "idMovimientoJuicioIncidente": 13127026,
          "idJudicaturaDestino": "09209",
          "fechaCrea": "25/10/2014 04:33",
          "incidente": 1,
          "lstLitiganteActor": [
            {
              "tipoLitigante": "ACTOR",
              "nombresLitigante": "LOURDES CEDEÑOA CORDOVA",
              "representadoPor": null,
              "idLitigante": 6419867
            },
            {
              "tipoLitigante": "ACTOR",
              "nombresLitigante": "CEDEÑO CORDOVA LOURDES CARIDAD",
              "representadoPor": null,
              "idLitigante": 6419866
            },
            {
              "tipoLitigante": "ACTOR",
              "nombresLitigante": "CEDEÑO CORDOVA LOURDES",
              "representadoPor": null,
              "idLitigante": 6419865
            }
          ],
          "lstLitiganteDemandado": [
            {
              "tipoLitigante": "DEMANDADO",
              "nombresLitigante": "LEON MARTILLO CARLOS FERNANDO",
              "representadoPor": null,
              "idLitigante": 18927234
            }
          ],
          "litiganteActor": null,
          "litiganteDemandado": null
        }
      ]
    }
  ]
}