{
  "0": {
    "id": 1,
    "idJuicio": "0996120140547  ",
    "estadoActual": null,
    "idMateria": 6,
    "idProvincia": null,
    "idCanton": null,
    "idJudicatura": null,
    "nombreDelito": "PATRIA POTESTAD                                                                                                                                                                     ",
    "fechaIngreso": "2014-06-13T05:00:00.000+00:00",
    "iEDocumentoAdjunto": "N",
    "nombre": null,
    "cedula": null,
    "idEstadoJuicio": null,
    "nombreMateria": "FAMILIA MUJER NIÑEZ Y ADOLESCENCIA NO_COGEP",
    "nombreEstadoJuicio": null,
    "nombreJudicatura": null,
    "nombreTipoResolucion": null,
    "nombreTipoAccion": "CONTENCIOSO GENERAL                                                   ",
    "fechaProvidencia": null,
    "nombreProvidencia": null,
    "nombreProvincia": null
  },
  "id": 3,
  "idJuicio": "0996120140547  ",
  "estadoActual": "A",
  "idMateria": 6,
  "idProvincia": null,
  "idCanton": null,
  "idJudicatura": null,
  "nombreDelito": "PATRIA POTESTAD                                                                                                                                                                     ",
  "fechaIngreso": "2014-06-13T05:00:00.000+00:00",
  "iEDocumentoAdjunto": "N",
  "nombre": null,
  "cedula": null,
  "idEstadoJuicio": null,
  "nombreMateria": null,
  "nombreEstadoJuicio": null,
  "nombreJudicatura": null,
  "nombreTipoResolucion": null,
  "nombreTipoAccion": null,
  "fechaProvidencia": null,
  "nombreProvidencia": null,
  "nombreProvincia": null,
  "incidentes": [
    {
      "idJudicatura": "09961",
      "nombreJudicatura": "JUZGADO DÉCIMO PRIMERO DE FAMILIA, MUJER, NIÑEZ Y ADOLESCENCIA",
      "ciudad": "GUAYAQUIL",
      "lstIncidenteJudicatura": [
        {
          "idIncidenteJudicatura": 3503766,
          "idMovimientoJuicioIncidente": 9948424,
          "idJudicaturaDestino": "09961",
          "fechaCrea": "13/06/2014 00:00",
          "incidente": 1,
          "lstLitiganteActor": [
            {
              "tipoLitigante": "ACTOR",
              "nombresLitigante": "CARRASCO VERA TANIA MAGDALENA",
              "representadoPor": null,
              "idLitigante": 6372972
            }
          ],
          "lstLitiganteDemandado": [
            {
              "tipoLitigante": "DEMANDADO",
              "nombresLitigante": "ORELLANA AVELLANO RENATO FERNANDO",
              "representadoPor": null,
              "idLitigante": 18741708
            }
          ],
          "litiganteActor": null,
          "litiganteDemandado": null
        }
      ]
    },
    {
      "idJudicatura": "09209",
      "nombreJudicatura": "UNIDAD JUDICIAL DE FAMILIA, MUJER, NIÑEZ Y ADOLESCENCIA NORTE CON SEDE EN EL CANTÓN GUAYAQUIL, PROVINCIA DEL GUAYAS",
      "ciudad": "GUAYAQUIL",
      "lstIncidenteJudicatura": [
        {
          "idIncidenteJudicatura": 5639692,
          "idMovimientoJuicioIncidente": 13086773,
          "idJudicaturaDestino": "09209",
          "fechaCrea": "25/10/2014 04:28",
          "incidente": 1,
          "lstLitiganteActor": [
            {
              "tipoLitigante": "ACTOR",
              "nombresLitigante": "CARRASCO VERA TANIA MAGDALENA",
              "representadoPor": "CARRASCO VERA TANIA MAGDALENA",
              "idLitigante": 38068484
            }
          ],
          "lstLitiganteDemandado": [
            {
              "tipoLitigante": "DEMANDADO",
              "nombresLitigante": "ORELLANA AVELLANO RENATO FERNANDO",
              "representadoPor": null,
              "idLitigante": 18741708
            }
          ],
          "litiganteActor": null,
          "litiganteDemandado": null
        }
      ]
    },
    {
      "idJudicatura": "09208",
      "nombreJudicatura": "UNIDAD JUDICIAL SUR DE FAMILIA, MUJER, NIÑEZ Y ADOLESCENCIA",
      "ciudad": "GUAYAQUIL",
      "lstIncidenteJudicatura": [
        {
          "idIncidenteJudicatura": 26447091,
          "idMovimientoJuicioIncidente": 13086773,
          "idJudicaturaDestino": "09208",
          "fechaCrea": "09/06/2023 12:58",
          "incidente": 1,
          "lstLitiganteActor": [
            {
              "tipoLitigante": "ACTOR",
              "nombresLitigante": "CARRASCO VERA TANIA MAGDALENA",
              "representadoPor": "CARRASCO VERA TANIA MAGDALENA",
              "idLitigante": 38068484
            }
          ],
          "lstLitiganteDemandado": [
            {
              "tipoLitigante": "DEMANDADO",
              "nombresLitigante": "ORELLANA AVELLANO RENATO FERNANDO",
              "representadoPor": null,
              "idLitigante": 18741708
            }
          ],
          "litiganteActor": null,
          "litiganteDemandado": null
        }
      ]
    }
  ]
}