{
  "0": {
    "id": 1,
    "idJuicio": "09969202200548 ",
    "estadoActual": null,
    "idMateria": 33,
    "idProvincia": null,
    "idCanton": null,
    "idJudicatura": null,
    "nombreDelito": "DIVORCIO POR CAUSAL",
    "fechaIngreso": "2022-07-07T13:19:32.163+00:00",
    "iEDocumentoAdjunto": "N",
    "nombre": null,
    "cedula": null,
    "idEstadoJuicio": null,
    "nombreMateria": "FAMILIA MUJER NIÑEZ Y ADOLESCENCIA",
    "nombreEstadoJuicio": null,
    "nombreJudicatura": null,
    "nombreTipoResolucion": null,
    "nombreTipoAccion": "SUMARIO",
    "fechaProvidencia": null,
    "nombreProvidencia": null,
    "nombreProvincia": null
  },
  "id": 1,
  "idJuicio": "09969202200548 ",
  "estadoActual": "A",
  "idMateria": 33,
  "idProvincia": null,
  "idCanton": null,
  "idJudicatura": null,
  "nombreDelito": "DIVORCIO POR CAUSAL",
  "fechaIngreso": "2022-07-07T13:19:32.163+00:00",
  "iEDocumentoAdjunto": "N",
  "nombre": null,
  "cedula": null,
  "idEstadoJuicio": null,
  "nombreMateria": null,
  "nombreEstadoJuicio": null,
  "nombreJudicatura": null,
  "nombreTipoResolucion": null,
  "nombreTipoAccion": null,
  "fechaProvidencia": null,
  "nombreProvidencia": null,
  "nombreProvincia": null,
  "incidentes": [
    {
      "idJudicatura": "09141",
      "nombreJudicatura": "SALA ESPECIALIZADA DE LA FAMILIA, NIÑEZ, ADOLESCENCIA, ADOLESCENTES INFRACTORES DE LA CORTE PROVINCIAL DE JUSTICIA DE GUAYAS",
      "ciudad": "GUAYAQUIL",
      "lstIncidenteJudicatura": [
        {
          "idIncidenteJudicatura": 25973502,
          "idMovimientoJuicioIncidente": 24619135,
          "idJudicaturaDestino": "09141",
          "fechaCrea": "16/01/2023 09:03",
          "incidente": 1,
          "lstLitiganteActor": [
            {
              "tipoLitigante": "ACTOR",
              "nombresLitigante": "ZAMBRANO CORDOVA JAIME ORLANDO",
              "representadoPor": "ZAMBRANO CORDOVA JAIME ORLANDO",
              "idLitigante": 33565285
            }
          ],
          "lstLitiganteDemandado": [
            {
              "tipoLitigante": "DEMANDADO",
              "nombresLitigante": "DELGADO SANCHEZ LADY LISSETTE",
              "representadoPor": "DELGADO SANCHEZ LADY LISSETTE",
              "idLitigante": 35987478
            }
          ],
          "litiganteActor": null,
          "litiganteDemandado": null
        }
      ]
    },
    {
      "idJudicatura": "09969",
      "nombreJudicatura": "UNIDAD JUDICIAL DE FAMILIA, MUJER, NIÑEZ Y ADOLESCENCIA CON SEDE EN EL CANTÓN DAULE",
      "ciudad": "DAULE",
      "lstIncidenteJudicatura": [
        {
          "idIncidenteJudicatura": 25312812,
          "idMovimientoJuicioIncidente": 24078420,
          "idJudicaturaDestino": "09969",
          "fechaCrea": "07/07/2022 08:19",
          "incidente": 1,
          "lstLitiganteActor": [
            {
              "tipoLitigante": "ACTOR",
              "nombresLitigante": "ZAMBRANO CORDOVA JAIME ORLANDO",
              "representadoPor": "ZAMBRANO CORDOVA JAIME ORLANDO",
              "idLitigante": 33565285
            }
          ],
          "lstLitiganteDemandado": [
            {
              "tipoLitigante": "DEMANDADO",
              "nombresLitigante": "DELGADO SANCHEZ LADY LISSETTE",
              "representadoPor": "DELGADO SANCHEZ LADY LISSETTE",
              "idLitigante": 35987478
            }
          ],
          "litiganteActor": null,
          "litiganteDemandado": null
        },
        {
          "idIncidenteJudicatura": 25802276,
          "idMovimientoJuicioIncidente": 24450211,
          "idJudicaturaDestino": "09969",
          "fechaCrea": "11/11/2022 15:37",
          "incidente": 2,
          "lstLitiganteActor": [
            {
              "tipoLitigante": "ACTOR",
              "nombresLitigante": "ZAMBRANO CORDOVA JAIME ORLANDO",
              "representadoPor": "ZAMBRANO CORDOVA JAIME ORLANDO",
              "idLitigante": 33565285
            }
          ],
          "lstLitiganteDemandado": [
            {
              "tipoLitigante": "DEMANDADO",
              "nombresLitigante": "DELGADO SANCHEZ LADY LISSETTE",
              "representadoPor": "DELGADO SANCHEZ LADY LISSETTE",
              "idLitigante": 35987478
            }
          ],
          "litiganteActor": null,
          "litiganteDemandado": null
        }
      ]
    }
  ]
}