{
  "0": {
    "id": 1,
    "idJuicio": "0996320130256  ",
    "estadoActual": null,
    "idMateria": 6,
    "idProvincia": null,
    "idCanton": null,
    "idJudicatura": null,
    "nombreDelito": "DIVORCIO POR CAUSAL                                                                                                                                                                 ",
    "fechaIngreso": "2013-09-17T05:00:00.000+00:00",
    "iEDocumentoAdjunto": "N",
    "nombre": null,
    "cedula": null,
    "idEstadoJuicio": null,
    "nombreMateria": "FAMILIA MUJER NIÑEZ Y ADOLESCENCIA NO_COGEP",
    "nombreEstadoJuicio": null,
    "nombreJudicatura": null,
    "nombreTipoResolucion": null,
    "nombreTipoAccion": "VERBAL SUMARIO                                                        ",
    "fechaProvidencia": null,
    "nombreProvidencia": null,
    "nombreProvincia": null
  },
  "id": 1,
  "idJuicio": "0996320130256  ",
  "estadoActual": "A",
  "idMateria": 6,
  "idProvincia": null,
  "idCanton": null,
  "idJudicatura": null,
  "nombreDelito": "DIVORCIO POR CAUSAL                                                                                                                                                                 ",
  "fechaIngreso": "2013-09-17T05:00:00.000+00:00",
  "iEDocumentoAdjunto": "N",
  "nombre": null,
  "cedula": null,
  "idEstadoJuicio": null,
  "nombreMateria": null,
  "nombreEstadoJuicio": null,
  "nombreJudicatura": null,
  "nombreTipoResolucion": null,
  "nombreTipoAccion": null,
  "fechaProvidencia": null,
  "nombreProvidencia": null,
  "nombreProvincia": null,
  "incidentes": [
    {
      "idJudicatura": "09963",
      "nombreJudicatura": "JUZGADO DÉCIMO TERCERO DE FAMILIA, MUJER, NIÑEZ Y ADOLESCENCIA",
      "ciudad": "GUAYAQUIL",
      "lstIncidenteJudicatura": [
        {
          "idIncidenteJudicatura": 12214772,
          "idMovimientoJuicioIncidente": 8410754,
          "idJudicaturaDestino": "09963",
          "fechaCrea": "17/09/2013 00:00",
          "incidente": 1,
          "lstLitiganteActor": [
            {
              "tipoLitigante": "ACTOR",
              "nombresLitigante": "TROYA ACOSTA CARLOS ALBERTO",
              "representadoPor": null,
              "idLitigante": 6638847
            },
            {
              "tipoLitigante": "ACTOR",
              "nombresLitigante": "TUTIVEN MURRIETA MONICA MARISOL",
              "representadoPor": null,
              "idLitigante": 6638848
            }
          ],
          "lstLitiganteDemandado": null,
          "litiganteActor": null,
          "litiganteDemandado": null
        }
      ]
    },
    {
      "idJudicatura": "09209",
      "nombreJudicatura": "UNIDAD JUDICIAL DE FAMILIA, MUJER, NIÑEZ Y ADOLESCENCIA NORTE CON SEDE EN EL CANTÓN GUAYAQUIL, PROVINCIA DEL GUAYAS",
      "ciudad": "GUAYAQUIL",
      "lstIncidenteJudicatura": [
        {
          "idIncidenteJudicatura": 17665958,
          "idMovimientoJuicioIncidente": 13120954,
          "idJudicaturaDestino": "09209",
          "fechaCrea": "25/10/2014 04:32",
          "incidente": 1,
          "lstLitiganteActor": [
            {
              "tipoLitigante": "ACTOR",
              "nombresLitigante": "TUTIVEN MURRIETA MONICA MARISOL",
              "representadoPor": null,
              "idLitigante": 6638848
            },
            {
              "tipoLitigante": "ACTOR",
              "nombresLitigante": "TROYA ACOSTA CARLOS ALBERTO",
              "representadoPor": null,
              "idLitigante": 6638847
            }
          ],
          "lstLitiganteDemandado": null,
          "litiganteActor": null,
          "litiganteDemandado": null
        }
      ]
    }
  ]
}