{
  "0": {
    "id": 1,
    "idJuicio": "12283201801764G",
    "estadoActual": null,
    "idMateria": 27,
    "idProvincia": null,
    "idCanton": null,
    "idJudicatura": null,
    "nombreDelito": "ARCHIVO DE LA INVESTIGACIÓN PREVIA ART. 586",
    "fechaIngreso": "2018-04-03T13:39:39.460+00:00",
    "iEDocumentoAdjunto": "N",
    "nombre": null,
    "cedula": null,
    "idEstadoJuicio": null,
    "nombreMateria": "PENAL COIP",
    "nombreEstadoJuicio": null,
    "nombreJudicatura": null,
    "nombreTipoResolucion": null,
    "nombreTipoAccion": "INVESTIGACIÓN PREVIA",
    "fechaProvidencia": null,
    "nombreProvidencia": null,
    "nombreProvincia": null
  },
  "id": 1,
  "idJuicio": "12283201801764G",
  "estadoActual": "A",
  "idMateria": 27,
  "idProvincia": null,
  "idCanton": null,
  "idJudicatura": null,
  "nombreDelito": "ARCHIVO DE LA INVESTIGACIÓN PREVIA ART. 586",
  "fechaIngreso": "2018-04-03T13:39:39.460+00:00",
  "iEDocumentoAdjunto": "N",
  "nombre": null,
  "cedula": null,
  "idEstadoJuicio": null,
  "nombreMateria": null,
  "nombreEstadoJuicio": null,
  "nombreJudicatura": null,
  "nombreTipoResolucion": null,
  "nombreTipoAccion": null,
  "fechaProvidencia": null,
  "nombreProvidencia": null,
  "nombreProvincia": null,
  "incidentes": [
    {
      "idJudicatura": "12283",
      "nombreJudicatura": "UNIDAD JUDICIAL PENAL CON SEDE EN EL CANTÓN QUEVEDO",
      "ciudad": "QUEVEDO",
      "lstIncidenteJudicatura": [
        {
          "idIncidenteJudicatura": 20580222,
          "idMovimientoJuicioIncidente": 19758322,
          "idJudicaturaDestino": "12283",
          "fechaCrea": "03/04/2018 08:39",
          "incidente": 1,
          "lstLitiganteActor": [
            {
              "tipoLitigante": "VICTIMA O DENUNCIANTE",
              "nombresLitigante": "SOLORZANO MACIAS LUIS JOSELITO",
              "representadoPor": "SOLORZANO MACIAS LUIS JOSELITO",
              "idLitigante": 33980018
            },
            {
              "tipoLitigante": "FISCALÍA",
              "nombresLitigante": "ARIAS DESIDERIO MARCO AURELIO",
              "representadoPor": "ARIAS DESIDERIO MARCO AURELIO",
              "idLitigante": 33174849
            }
          ],
          "lstLitiganteDemandado": null,
          "litiganteActor": null,
          "litiganteDemandado": null
        }
      ]
    }
  ]
}