{
  "0": {
    "id": 1,
    "idJuicio": "1230920111032  ",
    "estadoActual": null,
    "idMateria": 2,
    "idProvincia": null,
    "idCanton": null,
    "idJudicatura": null,
    "nombreDelito": "DIVORCIO POR MUTUO CONSENTIMIENTO                                                                                                                                                   ",
    "fechaIngreso": "2011-11-24T05:00:00.000+00:00",
    "iEDocumentoAdjunto": "N",
    "nombre": null,
    "cedula": null,
    "idEstadoJuicio": null,
    "nombreMateria": "CIVIL NO_COGEP",
    "nombreEstadoJuicio": null,
    "nombreJudicatura": null,
    "nombreTipoResolucion": null,
    "nombreTipoAccion": "ESPECIAL                                                              ",
    "fechaProvidencia": null,
    "nombreProvidencia": null,
    "nombreProvincia": null
  },
  "id": 1,
  "idJuicio": "1230920111032  ",
  "estadoActual": "A",
  "idMateria": 2,
  "idProvincia": null,
  "idCanton": null,
  "idJudicatura": null,
  "nombreDelito": "DIVORCIO POR MUTUO CONSENTIMIENTO                                                                                                                                                   ",
  "fechaIngreso": "2011-11-24T05:00:00.000+00:00",
  "iEDocumentoAdjunto": "N",
  "nombre": null,
  "cedula": null,
  "idEstadoJuicio": null,
  "nombreMateria": null,
  "nombreEstadoJuicio": null,
  "nombreJudicatura": null,
  "nombreTipoResolucion": null,
  "nombreTipoAccion": null,
  "fechaProvidencia": null,
  "nombreProvidencia": null,
  "nombreProvincia": null,
  "incidentes": [
    {
      "idJudicatura": "12309",
      "nombreJudicatura": "UNIDAD JUDICIAL MULTICOMPETENTE CIVIL CON SEDE EN EL CANTÓN VENTANAS",
      "ciudad": "VENTANAS",
      "lstIncidenteJudicatura": [
        {
          "idIncidenteJudicatura": 13037121,
          "idMovimientoJuicioIncidente": 6281403,
          "idJudicaturaDestino": "12309",
          "fechaCrea": "24/11/2011 00:00",
          "incidente": 1,
          "lstLitiganteActor": [
            {
              "tipoLitigante": "ACTOR",
              "nombresLitigante": "CARRIEL PARRA KARINA VANESSA",
              "representadoPor": null,
              "idLitigante": 7525162
            },
            {
              "tipoLitigante": "ACTOR",
              "nombresLitigante": "QUINTO CASTILLO CARLOS GERARDO",
              "representadoPor": null,
              "idLitigante": 7525161
            }
          ],
          "lstLitiganteDemandado": [
            {
              "tipoLitigante": "DEMANDADO",
              "nombresLitigante": "",
              "representadoPor": null,
              "idLitigante": 19992500
            }
          ],
          "litiganteActor": null,
          "litiganteDemandado": null
        }
      ]
    }
  ]
}