{
  "0": {
    "id": 1,
    "idJuicio": "1230920120045  ",
    "estadoActual": null,
    "idMateria": 2,
    "idProvincia": null,
    "idCanton": null,
    "idJudicatura": null,
    "nombreDelito": "NOTIFICACION                                                                                                                                                                        ",
    "fechaIngreso": "2012-01-16T05:00:00.000+00:00",
    "iEDocumentoAdjunto": "N",
    "nombre": null,
    "cedula": null,
    "idEstadoJuicio": null,
    "nombreMateria": "CIVIL NO_COGEP",
    "nombreEstadoJuicio": null,
    "nombreJudicatura": null,
    "nombreTipoResolucion": null,
    "nombreTipoAccion": "ESPECIAL                                                              ",
    "fechaProvidencia": null,
    "nombreProvidencia": null,
    "nombreProvincia": null
  },
  "id": 2,
  "idJuicio": "1230920120045  ",
  "estadoActual": "P",
  "idMateria": 2,
  "idProvincia": null,
  "idCanton": null,
  "idJudicatura": null,
  "nombreDelito": "NOTIFICACION                                                                                                                                                                        ",
  "fechaIngreso": "2012-01-16T05:00:00.000+00:00",
  "iEDocumentoAdjunto": "N",
  "nombre": null,
  "cedula": null,
  "idEstadoJuicio": null,
  "nombreMateria": null,
  "nombreEstadoJuicio": null,
  "nombreJudicatura": null,
  "nombreTipoResolucion": null,
  "nombreTipoAccion": null,
  "fechaProvidencia": null,
  "nombreProvidencia": null,
  "nombreProvincia": null,
  "incidentes": [
    {
      "idJudicatura": "12309",
      "nombreJudicatura": "UNIDAD JUDICIAL MULTICOMPETENTE CIVIL CON SEDE EN EL CANTÓN VENTANAS",
      "ciudad": "VENTANAS",
      "lstIncidenteJudicatura": [
        {
          "idIncidenteJudicatura": 270654,
          "idMovimientoJuicioIncidente": 6411535,
          "idJudicaturaDestino": "12309",
          "fechaCrea": "16/01/2012 00:00",
          "incidente": 1,
          "lstLitiganteActor": [
            {
              "tipoLitigante": "ACTOR",
              "nombresLitigante": "CAMPOS ANDAGOYA FLORA ISORA",
              "representadoPor": null,
              "idLitigante": 7536612
            },
            {
              "tipoLitigante": "ACTOR",
              "nombresLitigante": "VERA LOZANO TEOFILO VALERIANO",
              "representadoPor": null,
              "idLitigante": 7536611
            }
          ],
          "lstLitiganteDemandado": [
            {
              "tipoLitigante": "DEMANDADO",
              "nombresLitigante": "",
              "representadoPor": null,
              "idLitigante": 20010188
            }
          ],
          "litiganteActor": null,
          "litiganteDemandado": null
        }
      ]
    }
  ]
}