{
  "0": {
    "id": 1,
    "idJuicio": "1230920100485  ",
    "estadoActual": null,
    "idMateria": 2,
    "idProvincia": null,
    "idCanton": null,
    "idJudicatura": null,
    "nombreDelito": "NOTIFICACION                                                                                                                                                                        ",
    "fechaIngreso": "2010-07-15T05:00:00.000+00:00",
    "iEDocumentoAdjunto": "N",
    "nombre": null,
    "cedula": null,
    "idEstadoJuicio": null,
    "nombreMateria": "CIVIL NO_COGEP",
    "nombreEstadoJuicio": null,
    "nombreJudicatura": null,
    "nombreTipoResolucion": null,
    "nombreTipoAccion": "ESPECIAL                                                              ",
    "fechaProvidencia": null,
    "nombreProvidencia": null,
    "nombreProvincia": null
  },
  "id": 1,
  "idJuicio": "1230920100485  ",
  "estadoActual": "P",
  "idMateria": 2,
  "idProvincia": null,
  "idCanton": null,
  "idJudicatura": null,
  "nombreDelito": "NOTIFICACION                                                                                                                                                                        ",
  "fechaIngreso": "2010-07-15T05:00:00.000+00:00",
  "iEDocumentoAdjunto": "N",
  "nombre": null,
  "cedula": null,
  "idEstadoJuicio": null,
  "nombreMateria": null,
  "nombreEstadoJuicio": null,
  "nombreJudicatura": null,
  "nombreTipoResolucion": null,
  "nombreTipoAccion": null,
  "fechaProvidencia": null,
  "nombreProvidencia": null,
  "nombreProvincia": null,
  "incidentes": [
    {
      "idJudicatura": "12309",
      "nombreJudicatura": "UNIDAD JUDICIAL MULTICOMPETENTE CIVIL CON SEDE EN EL CANTÓN VENTANAS",
      "ciudad": "VENTANAS",
      "lstIncidenteJudicatura": [
        {
          "idIncidenteJudicatura": 13242029,
          "idMovimientoJuicioIncidente": 4952362,
          "idJudicaturaDestino": "12309",
          "fechaCrea": "15/07/2010 00:00",
          "incidente": 1,
          "lstLitiganteActor": [
            {
              "tipoLitigante": "ACTOR",
              "nombresLitigante": "LANDIN ONTANEDA JOSE",
              "representadoPor": null,
              "idLitigante": 7560299
            },
            {
              "tipoLitigante": "ACTOR",
              "nombresLitigante": "ONTANEDA FAUSTO LEONARDO",
              "representadoPor": null,
              "idLitigante": 7559388
            },
            {
              "tipoLitigante": "ACTOR",
              "nombresLitigante": "VARGAS ONTANEDA CARMEN FRANCISCA",
              "representadoPor": null,
              "idLitigante": 7559387
            },
            {
              "tipoLitigante": "ACTOR",
              "nombresLitigante": "ONTANEDA ANTOLIANA",
              "representadoPor": null,
              "idLitigante": 7559386
            },
            {
              "tipoLitigante": "ACTOR",
              "nombresLitigante": "VARGAS ONTANEDA JUANA ESTHER",
              "representadoPor": null,
              "idLitigante": 7559385
            },
            {
              "tipoLitigante": "ACTOR",
              "nombresLitigante": "LANDIN ONTANEDA FELIX HERNAN",
              "representadoPor": null,
              "idLitigante": 7559384
            },
            {
              "tipoLitigante": "ACTOR",
              "nombresLitigante": "LANDIN ONTANEDA ANGEL",
              "representadoPor": null,
              "idLitigante": 7559383
            },
            {
              "tipoLitigante": "ACTOR",
              "nombresLitigante": "ONTANEDA LORGIO HERMENEGILDO",
              "representadoPor": null,
              "idLitigante": 7559382
            },
            {
              "tipoLitigante": "ACTOR",
              "nombresLitigante": "LANDIN ONTANEDA ILDEFONSO",
              "representadoPor": null,
              "idLitigante": 7559381
            }
          ],
          "lstLitiganteDemandado": [
            {
              "tipoLitigante": "DEMANDADO",
              "nombresLitigante": "",
              "representadoPor": null,
              "idLitigante": 20028205
            }
          ],
          "litiganteActor": null,
          "litiganteDemandado": null
        }
      ]
    }
  ]
}