{
  "0": {
    "id": 1,
    "idJuicio": "1230520100040D ",
    "estadoActual": null,
    "idMateria": 2,
    "idProvincia": null,
    "idCanton": null,
    "idJudicatura": null,
    "nombreDelito": "INSPECCION JUDICIAL                                                                                                                                                                 ",
    "fechaIngreso": "2010-06-17T05:00:00.000+00:00",
    "iEDocumentoAdjunto": "N",
    "nombre": null,
    "cedula": null,
    "idEstadoJuicio": null,
    "nombreMateria": "CIVIL NO_COGEP",
    "nombreEstadoJuicio": null,
    "nombreJudicatura": null,
    "nombreTipoResolucion": null,
    "nombreTipoAccion": "DILIGENCIA PREPARATORIA                                               ",
    "fechaProvidencia": null,
    "nombreProvidencia": null,
    "nombreProvincia": null
  },
  "id": 1,
  "idJuicio": "1230520100040D ",
  "estadoActual": "P",
  "idMateria": 2,
  "idProvincia": null,
  "idCanton": null,
  "idJudicatura": null,
  "nombreDelito": "INSPECCION JUDICIAL                                                                                                                                                                 ",
  "fechaIngreso": "2010-06-17T05:00:00.000+00:00",
  "iEDocumentoAdjunto": "N",
  "nombre": null,
  "cedula": null,
  "idEstadoJuicio": null,
  "nombreMateria": null,
  "nombreEstadoJuicio": null,
  "nombreJudicatura": null,
  "nombreTipoResolucion": null,
  "nombreTipoAccion": null,
  "fechaProvidencia": null,
  "nombreProvidencia": null,
  "nombreProvincia": null,
  "incidentes": [
    {
      "idJudicatura": "12305",
      "nombreJudicatura": "JUZGADO QUINTO DE LO CIVIL DE  BABAHOYO",
      "ciudad": "BABAHOYO",
      "lstIncidenteJudicatura": [
        {
          "idIncidenteJudicatura": 15571846,
          "idMovimientoJuicioIncidente": 4881743,
          "idJudicaturaDestino": "12305",
          "fechaCrea": "17/06/2010 00:00",
          "incidente": 1,
          "lstLitiganteActor": [
            {
              "tipoLitigante": "ACTOR",
              "nombresLitigante": "SANCHEZ JIMMY ALFREDO",
              "representadoPor": null,
              "idLitigante": 7493833
            },
            {
              "tipoLitigante": "ACTOR",
              "nombresLitigante": "SANCHEZ CEDEÑO EDUARDO",
              "representadoPor": null,
              "idLitigante": 7493832
            }
          ],
          "lstLitiganteDemandado": [
            {
              "tipoLitigante": "DEMANDADO",
              "nombresLitigante": "VALENCIA ZUMBA LILIA GEORGINA",
              "representadoPor": null,
              "idLitigante": 19996445
            }
          ],
          "litiganteActor": null,
          "litiganteDemandado": null
        }
      ]
    }
  ]
}