{
  "0": {
    "id": 1,
    "idJuicio": "12313201900590 ",
    "estadoActual": null,
    "idMateria": 33,
    "idProvincia": null,
    "idCanton": null,
    "idJudicatura": null,
    "nombreDelito": "INVENTARIO DE BIENES DE LA SOCIEDAD CONYUGAL CON OPOSICIÓN",
    "fechaIngreso": "2019-12-19T20:19:25.090+00:00",
    "iEDocumentoAdjunto": "N",
    "nombre": null,
    "cedula": null,
    "idEstadoJuicio": null,
    "nombreMateria": "FAMILIA MUJER NIÑEZ Y ADOLESCENCIA",
    "nombreEstadoJuicio": null,
    "nombreJudicatura": null,
    "nombreTipoResolucion": null,
    "nombreTipoAccion": "SUMARIO",
    "fechaProvidencia": null,
    "nombreProvidencia": null,
    "nombreProvincia": null
  },
  "id": 1,
  "idJuicio": "12313201900590 ",
  "estadoActual": "A",
  "idMateria": 33,
  "idProvincia": null,
  "idCanton": null,
  "idJudicatura": null,
  "nombreDelito": "INVENTARIO DE BIENES DE LA SOCIEDAD CONYUGAL CON OPOSICIÓN",
  "fechaIngreso": "2019-12-19T20:19:25.090+00:00",
  "iEDocumentoAdjunto": "N",
  "nombre": null,
  "cedula": null,
  "idEstadoJuicio": null,
  "nombreMateria": null,
  "nombreEstadoJuicio": null,
  "nombreJudicatura": null,
  "nombreTipoResolucion": null,
  "nombreTipoAccion": null,
  "fechaProvidencia": null,
  "nombreProvidencia": null,
  "nombreProvincia": null,
  "incidentes": [
    {
      "idJudicatura": "12201",
      "nombreJudicatura": "UNIDAD JUDICIAL DE FAMILIA, MUJER, NIÑEZ Y ADOLESCENCIA CON SEDE EN EL CANTÓN BABAHOYO",
      "ciudad": "BABAHOYO",
      "lstIncidenteJudicatura": [
        {
          "idIncidenteJudicatura": 22457410,
          "idMovimientoJuicioIncidente": 21570408,
          "idJudicaturaDestino": "12201",
          "fechaCrea": "28/01/2020 19:50",
          "incidente": 2,
          "lstLitiganteActor": [
            {
              "tipoLitigante": "SOLICITANTE",
              "nombresLitigante": "ANDALUZ TENELEMA DEYBI JAVIER",
              "representadoPor": "ANDALUZ TENELEMA DEYBI JAVIER",
              "idLitigante": 34233939
            }
          ],
          "lstLitiganteDemandado": null,
          "litiganteActor": null,
          "litiganteDemandado": null
        }
      ]
    },
    {
      "idJudicatura": "12313",
      "nombreJudicatura": "UNIDAD JUDICIAL MULTICOMPETENTE CON SEDE EN EL CANTÓN MONTALVO",
      "ciudad": "MONTALVO",
      "lstIncidenteJudicatura": [
        {
          "idIncidenteJudicatura": 22338007,
          "idMovimientoJuicioIncidente": 21454431,
          "idJudicaturaDestino": "12313",
          "fechaCrea": "19/12/2019 15:19",
          "incidente": 1,
          "lstLitiganteActor": [
            {
              "tipoLitigante": "SOLICITANTE",
              "nombresLitigante": "ANDALUZ TENELEMA DEYBI JAVIER",
              "representadoPor": "ANDALUZ TENELEMA DEYBI JAVIER",
              "idLitigante": 34233939
            }
          ],
          "lstLitiganteDemandado": null,
          "litiganteActor": null,
          "litiganteDemandado": null
        }
      ]
    }
  ]
}