{
  "0": {
    "id": 1,
    "idJuicio": "1231320100433  ",
    "estadoActual": null,
    "idMateria": 6,
    "idProvincia": null,
    "idCanton": null,
    "idJudicatura": null,
    "nombreDelito": "ALIMENTOS",
    "fechaIngreso": "2010-10-15T05:00:00.000+00:00",
    "iEDocumentoAdjunto": "N",
    "nombre": null,
    "cedula": null,
    "idEstadoJuicio": null,
    "nombreMateria": "FAMILIA MUJER NIÑEZ Y ADOLESCENCIA NO_COGEP",
    "nombreEstadoJuicio": null,
    "nombreJudicatura": null,
    "nombreTipoResolucion": null,
    "nombreTipoAccion": "ESPECIAL                                                              ",
    "fechaProvidencia": null,
    "nombreProvidencia": null,
    "nombreProvincia": null
  },
  "id": 3,
  "idJuicio": "1231320100433  ",
  "estadoActual": "A",
  "idMateria": 6,
  "idProvincia": null,
  "idCanton": null,
  "idJudicatura": null,
  "nombreDelito": "ALIMENTOS",
  "fechaIngreso": "2010-10-15T05:00:00.000+00:00",
  "iEDocumentoAdjunto": "N",
  "nombre": null,
  "cedula": null,
  "idEstadoJuicio": null,
  "nombreMateria": null,
  "nombreEstadoJuicio": null,
  "nombreJudicatura": null,
  "nombreTipoResolucion": null,
  "nombreTipoAccion": null,
  "fechaProvidencia": null,
  "nombreProvidencia": null,
  "nombreProvincia": null,
  "incidentes": [
    {
      "idJudicatura": "12103",
      "nombreJudicatura": "SALA MULTICOMPETENTE DE LA CORTE PROVINCIAL DE JUSTICIA DE LOS RIOS CON SEDE EN EL CANTÓN BABAHOYO",
      "ciudad": "BABAHOYO",
      "lstIncidenteJudicatura": [
        {
          "idIncidenteJudicatura": 24145618,
          "idMovimientoJuicioIncidente": 23004516,
          "idJudicaturaDestino": "12103",
          "fechaCrea": "09/07/2021 14:44",
          "incidente": 1,
          "lstLitiganteActor": [
            {
              "tipoLitigante": "ACTOR",
              "nombresLitigante": "ANDALUZ TENELEMA DEYBI JAVIER",
              "representadoPor": "ANDALUZ TENELEMA DEYBI JAVIER",
              "idLitigante": 34233939
            }
          ],
          "lstLitiganteDemandado": [
            {
              "tipoLitigante": "DEMANDADO",
              "nombresLitigante": "GALLEGOS DE LA VEGA YAJAIRA ANDREINA",
              "representadoPor": "GALLEGOS DE LA VEGA YAJAIRA ANDREINA",
              "idLitigante": 34233927
            }
          ],
          "litiganteActor": null,
          "litiganteDemandado": null
        }
      ]
    },
    {
      "idJudicatura": "12201",
      "nombreJudicatura": "UNIDAD JUDICIAL DE FAMILIA, MUJER, NIÑEZ Y ADOLESCENCIA CON SEDE EN EL CANTÓN BABAHOYO",
      "ciudad": "BABAHOYO",
      "lstIncidenteJudicatura": [
        {
          "idIncidenteJudicatura": 23361264,
          "idMovimientoJuicioIncidente": 22283365,
          "idJudicaturaDestino": "12201",
          "fechaCrea": "19/11/2020 18:39",
          "incidente": 3,
          "lstLitiganteActor": [
            {
              "tipoLitigante": "ACTOR",
              "nombresLitigante": "ANDALUZ TENELEMA DEYBI JAVIER",
              "representadoPor": "ANDALUZ TENELEMA DEYBI JAVIER",
              "idLitigante": 34233939
            }
          ],
          "lstLitiganteDemandado": [
            {
              "tipoLitigante": "DEMANDADO",
              "nombresLitigante": "GALLEGOS DE LA VEGA YAJAIRA ANDREINA",
              "representadoPor": "GALLEGOS DE LA VEGA YAJAIRA ANDREINA",
              "idLitigante": 34233927
            }
          ],
          "litiganteActor": null,
          "litiganteDemandado": null
        },
        {
          "idIncidenteJudicatura": 23599008,
          "idMovimientoJuicioIncidente": 22517709,
          "idJudicaturaDestino": "12201",
          "fechaCrea": "03/02/2021 22:14",
          "incidente": 3,
          "lstLitiganteActor": [
            {
              "tipoLitigante": "ACTOR",
              "nombresLitigante": "ANDALUZ TENELEMA DEYBI JAVIER",
              "representadoPor": "ANDALUZ TENELEMA DEYBI JAVIER",
              "idLitigante": 34233939
            }
          ],
          "lstLitiganteDemandado": [
            {
              "tipoLitigante": "DEMANDADO",
              "nombresLitigante": "GALLEGOS DE LA VEGA YAJAIRA ANDREINA",
              "representadoPor": "GALLEGOS DE LA VEGA YAJAIRA ANDREINA",
              "idLitigante": 34233927
            }
          ],
          "litiganteActor": null,
          "litiganteDemandado": null
        },
        {
          "idIncidenteJudicatura": 25503569,
          "idMovimientoJuicioIncidente": 24266107,
          "idJudicaturaDestino": "12201",
          "fechaCrea": "08/09/2022 19:13",
          "incidente": 4,
          "lstLitiganteActor": [
            {
              "tipoLitigante": "ACTOR",
              "nombresLitigante": "ANDALUZ TENELEMA DEYBI JAVIER",
              "representadoPor": "ANDALUZ TENELEMA DEYBI JAVIER",
              "idLitigante": 34233939
            }
          ],
          "lstLitiganteDemandado": [
            {
              "tipoLitigante": "DEMANDADO",
              "nombresLitigante": "GALLEGOS DE LA VEGA YAJAIRA ANDREINA",
              "representadoPor": "GALLEGOS DE LA VEGA YAJAIRA ANDREINA",
              "idLitigante": 34233927
            }
          ],
          "litiganteActor": null,
          "litiganteDemandado": null
        }
      ]
    },
    {
      "idJudicatura": "12313",
      "nombreJudicatura": "UNIDAD JUDICIAL MULTICOMPETENTE CON SEDE EN EL CANTÓN MONTALVO",
      "ciudad": "MONTALVO",
      "lstIncidenteJudicatura": [
        {
          "idIncidenteJudicatura": 11857829,
          "idMovimientoJuicioIncidente": 5167047,
          "idJudicaturaDestino": "12313",
          "fechaCrea": "15/10/2010 00:00",
          "incidente": 1,
          "lstLitiganteActor": [
            {
              "tipoLitigante": "ACTOR",
              "nombresLitigante": "GALLEGOS DE LA VEGA YAJAIRA ANDREINA",
              "representadoPor": "GALLEGOS DE LA VEGA YAJAIRA ANDREINA",
              "idLitigante": 34233927
            }
          ],
          "lstLitiganteDemandado": [
            {
              "tipoLitigante": "DEMANDADO",
              "nombresLitigante": "ANDALUZ TENELEMA DEYBI JAVIER",
              "representadoPor": "ANDALUZ TENELEMA DEYBI JAVIER",
              "idLitigante": 34233939
            }
          ],
          "litiganteActor": null,
          "litiganteDemandado": null
        },
        {
          "idIncidenteJudicatura": 22821469,
          "idMovimientoJuicioIncidente": 21921211,
          "idJudicaturaDestino": "12313",
          "fechaCrea": "29/07/2020 09:17",
          "incidente": 2,
          "lstLitiganteActor": [
            {
              "tipoLitigante": "ACTOR",
              "nombresLitigante": "ANDALUZ TENELEMA DEYBI JAVIER",
              "representadoPor": "ANDALUZ TENELEMA DEYBI JAVIER",
              "idLitigante": 34233939
            }
          ],
          "lstLitiganteDemandado": [
            {
              "tipoLitigante": "DEMANDADO",
              "nombresLitigante": "GALLEGOS DE LA VEGA YAJAIRA ANDREINA",
              "representadoPor": "GALLEGOS DE LA VEGA YAJAIRA ANDREINA",
              "idLitigante": 34233927
            }
          ],
          "litiganteActor": null,
          "litiganteDemandado": null
        },
        {
          "idIncidenteJudicatura": 25368772,
          "idMovimientoJuicioIncidente": 24133225,
          "idJudicaturaDestino": "12313",
          "fechaCrea": "25/07/2022 16:57",
          "incidente": 3,
          "lstLitiganteActor": [
            {
              "tipoLitigante": "ACTOR",
              "nombresLitigante": "ANDALUZ TENELEMA DEYBI JAVIER",
              "representadoPor": "ANDALUZ TENELEMA DEYBI JAVIER",
              "idLitigante": 34233939
            }
          ],
          "lstLitiganteDemandado": [
            {
              "tipoLitigante": "DEMANDADO",
              "nombresLitigante": "GALLEGOS DE LA VEGA YAJAIRA ANDREINA",
              "representadoPor": "GALLEGOS DE LA VEGA YAJAIRA ANDREINA",
              "idLitigante": 34233927
            }
          ],
          "litiganteActor": null,
          "litiganteDemandado": null
        }
      ]
    }
  ]
}