{
  "0": {
    "id": 1,
    "idJuicio": "1233320143110  ",
    "estadoActual": null,
    "idMateria": 1,
    "idProvincia": null,
    "idCanton": null,
    "idJudicatura": null,
    "nombreDelito": "LESIONES                                                                                                                                                                            ",
    "fechaIngreso": "2014-06-23T05:00:00.000+00:00",
    "iEDocumentoAdjunto": "N",
    "nombre": null,
    "cedula": null,
    "idEstadoJuicio": null,
    "nombreMateria": "PENAL",
    "nombreEstadoJuicio": null,
    "nombreJudicatura": null,
    "nombreTipoResolucion": null,
    "nombreTipoAccion": "ACCIÓN PENAL PÚBLICA                                                  ",
    "fechaProvidencia": null,
    "nombreProvidencia": null,
    "nombreProvincia": null
  },
  "id": 1,
  "idJuicio": "1233320143110  ",
  "estadoActual": "A",
  "idMateria": 1,
  "idProvincia": null,
  "idCanton": null,
  "idJudicatura": null,
  "nombreDelito": "LESIONES                                                                                                                                                                            ",
  "fechaIngreso": "2014-06-23T05:00:00.000+00:00",
  "iEDocumentoAdjunto": "N",
  "nombre": null,
  "cedula": null,
  "idEstadoJuicio": null,
  "nombreMateria": null,
  "nombreEstadoJuicio": null,
  "nombreJudicatura": null,
  "nombreTipoResolucion": null,
  "nombreTipoAccion": null,
  "fechaProvidencia": null,
  "nombreProvidencia": null,
  "nombreProvincia": null,
  "incidentes": [
    {
      "idJudicatura": "12333",
      "nombreJudicatura": "UNIDAD JUDICIAL MULTICOMPETENTE CON SEDE EN EL CANTÓN VINCES",
      "ciudad": "VINCES",
      "lstIncidenteJudicatura": [
        {
          "idIncidenteJudicatura": 12691706,
          "idMovimientoJuicioIncidente": 9980676,
          "idJudicaturaDestino": "12333",
          "fechaCrea": "23/06/2014 00:00",
          "incidente": 1,
          "lstLitiganteActor": [
            {
              "tipoLitigante": "ACTOR",
              "nombresLitigante": "FISCALIA V",
              "representadoPor": null,
              "idLitigante": 7572146
            },
            {
              "tipoLitigante": "ACTOR",
              "nombresLitigante": "RODRIGUEZ MORAN REINALDO VICENTE",
              "representadoPor": null,
              "idLitigante": 7572145
            }
          ],
          "lstLitiganteDemandado": [
            {
              "tipoLitigante": "DEMANDADO",
              "nombresLitigante": "MORAN GARCIA JUAN",
              "representadoPor": null,
              "idLitigante": 20034940
            }
          ],
          "litiganteActor": null,
          "litiganteDemandado": null
        }
      ]
    }
  ]
}