{
  "0": {
    "id": 1,
    "idJuicio": "12333201500671 ",
    "estadoActual": null,
    "idMateria": 6,
    "idProvincia": null,
    "idCanton": null,
    "idJudicatura": null,
    "nombreDelito": "DIVORCIO POR MUTUO CONSENTIMIENTO",
    "fechaIngreso": "2015-07-22T13:19:51.593+00:00",
    "iEDocumentoAdjunto": "N",
    "nombre": null,
    "cedula": null,
    "idEstadoJuicio": null,
    "nombreMateria": "FAMILIA MUJER NIÑEZ Y ADOLESCENCIA NO_COGEP",
    "nombreEstadoJuicio": null,
    "nombreJudicatura": null,
    "nombreTipoResolucion": null,
    "nombreTipoAccion": "ESPECIAL                                                              ",
    "fechaProvidencia": null,
    "nombreProvidencia": null,
    "nombreProvincia": null
  },
  "id": 1,
  "idJuicio": "12333201500671 ",
  "estadoActual": "A",
  "idMateria": 6,
  "idProvincia": null,
  "idCanton": null,
  "idJudicatura": null,
  "nombreDelito": "DIVORCIO POR MUTUO CONSENTIMIENTO",
  "fechaIngreso": "2015-07-22T13:19:51.593+00:00",
  "iEDocumentoAdjunto": "N",
  "nombre": null,
  "cedula": null,
  "idEstadoJuicio": null,
  "nombreMateria": null,
  "nombreEstadoJuicio": null,
  "nombreJudicatura": null,
  "nombreTipoResolucion": null,
  "nombreTipoAccion": null,
  "fechaProvidencia": null,
  "nombreProvidencia": null,
  "nombreProvincia": null,
  "incidentes": [
    {
      "idJudicatura": "12333",
      "nombreJudicatura": "UNIDAD JUDICIAL MULTICOMPETENTE CON SEDE EN EL CANTÓN VINCES",
      "ciudad": "VINCES",
      "lstIncidenteJudicatura": [
        {
          "idIncidenteJudicatura": 2261075,
          "idMovimientoJuicioIncidente": 15345913,
          "idJudicaturaDestino": "12333",
          "fechaCrea": "22/07/2015 08:19",
          "incidente": 1,
          "lstLitiganteActor": [
            {
              "tipoLitigante": "ACTOR",
              "nombresLitigante": "MORALES PEREZ MIGUEL KABIR",
              "representadoPor": "MORALES PEREZ MIGUEL KABIR",
              "idLitigante": 28167613
            },
            {
              "tipoLitigante": "ACTOR",
              "nombresLitigante": "VERA VERA MARIA ISABEL",
              "representadoPor": "VERA VERA MARIA ISABEL",
              "idLitigante": 27398957
            }
          ],
          "lstLitiganteDemandado": null,
          "litiganteActor": null,
          "litiganteDemandado": null
        }
      ]
    }
  ]
}