{
  "0": {
    "id": 1,
    "idJuicio": "12331201500395 ",
    "estadoActual": null,
    "idMateria": 2,
    "idProvincia": null,
    "idCanton": null,
    "idJudicatura": null,
    "nombreDelito": "RECTIFICACIÓN DE ESCRITURA",
    "fechaIngreso": "2015-04-10T15:23:27.787+00:00",
    "iEDocumentoAdjunto": "N",
    "nombre": null,
    "cedula": null,
    "idEstadoJuicio": null,
    "nombreMateria": "CIVIL NO_COGEP",
    "nombreEstadoJuicio": null,
    "nombreJudicatura": null,
    "nombreTipoResolucion": null,
    "nombreTipoAccion": "ESPECIAL                                                              ",
    "fechaProvidencia": null,
    "nombreProvidencia": null,
    "nombreProvincia": null
  },
  "id": 1,
  "idJuicio": "12331201500395 ",
  "estadoActual": "A",
  "idMateria": 2,
  "idProvincia": null,
  "idCanton": null,
  "idJudicatura": null,
  "nombreDelito": "RECTIFICACIÓN DE ESCRITURA",
  "fechaIngreso": "2015-04-10T15:23:27.787+00:00",
  "iEDocumentoAdjunto": "N",
  "nombre": null,
  "cedula": null,
  "idEstadoJuicio": null,
  "nombreMateria": null,
  "nombreEstadoJuicio": null,
  "nombreJudicatura": null,
  "nombreTipoResolucion": null,
  "nombreTipoAccion": null,
  "fechaProvidencia": null,
  "nombreProvidencia": null,
  "nombreProvincia": null,
  "incidentes": [
    {
      "idJudicatura": "12331",
      "nombreJudicatura": "UNIDAD JUDICIAL CIVIL CON SEDE EN EL CANTÓN  QUEVEDO",
      "ciudad": "QUEVEDO",
      "lstIncidenteJudicatura": [
        {
          "idIncidenteJudicatura": 14395742,
          "idMovimientoJuicioIncidente": 14870383,
          "idJudicaturaDestino": "12331",
          "fechaCrea": "10/04/2015 10:23",
          "incidente": 1,
          "lstLitiganteActor": [
            {
              "tipoLitigante": "ACTOR",
              "nombresLitigante": "CAMPOS ANDAGOYA CESAR REMIGIO",
              "representadoPor": "CAMPOS ANDAGOYA CESAR REMIGIO",
              "idLitigante": 27356442
            },
            {
              "tipoLitigante": "ACTOR",
              "nombresLitigante": "CAMPOS ANDAGOYA ROSA URSULA",
              "representadoPor": "CAMPOS ANDAGOYA ROSA URSULA",
              "idLitigante": 27356414
            },
            {
              "tipoLitigante": "ACTOR",
              "nombresLitigante": "CAMPOS ANDAGOYA FLORA ISORA",
              "representadoPor": "CAMPOS ANDAGOYA FLORA ISORA",
              "idLitigante": 27356392
            },
            {
              "tipoLitigante": "ACTOR",
              "nombresLitigante": "CAMPOS ANDAGOYA HUGO BENJAMIN",
              "representadoPor": "CAMPOS ANDAGOYA HUGO BENJAMIN",
              "idLitigante": 27356364
            }
          ],
          "lstLitiganteDemandado": [
            {
              "tipoLitigante": "DEMANDADO",
              "nombresLitigante": "DICRECTOR EJECUTIVO DE MAGAP",
              "representadoPor": "DICRECTOR EJECUTIVO DE MAGAP",
              "idLitigante": 27356484
            }
          ],
          "litiganteActor": null,
          "litiganteDemandado": null
        }
      ]
    }
  ]
}