{
  "0": {
    "id": 1,
    "idJuicio": "13204201700542 ",
    "estadoActual": null,
    "idMateria": 33,
    "idProvincia": null,
    "idCanton": null,
    "idJudicatura": null,
    "nombreDelito": "DIVORCIO POR MUTUO CONSENTIMIENTO CON HIJOS DEPENDIENTES",
    "fechaIngreso": "2017-04-11T21:55:03.483+00:00",
    "iEDocumentoAdjunto": "N",
    "nombre": null,
    "cedula": null,
    "idEstadoJuicio": null,
    "nombreMateria": "FAMILIA MUJER NIÑEZ Y ADOLESCENCIA",
    "nombreEstadoJuicio": null,
    "nombreJudicatura": null,
    "nombreTipoResolucion": null,
    "nombreTipoAccion": "VOLUNTARIO",
    "fechaProvidencia": null,
    "nombreProvidencia": null,
    "nombreProvincia": null
  },
  "id": 1,
  "idJuicio": "13204201700542 ",
  "estadoActual": "A",
  "idMateria": 33,
  "idProvincia": null,
  "idCanton": null,
  "idJudicatura": null,
  "nombreDelito": "DIVORCIO POR MUTUO CONSENTIMIENTO CON HIJOS DEPENDIENTES",
  "fechaIngreso": "2017-04-11T21:55:03.483+00:00",
  "iEDocumentoAdjunto": "N",
  "nombre": null,
  "cedula": null,
  "idEstadoJuicio": null,
  "nombreMateria": null,
  "nombreEstadoJuicio": null,
  "nombreJudicatura": null,
  "nombreTipoResolucion": null,
  "nombreTipoAccion": null,
  "fechaProvidencia": null,
  "nombreProvidencia": null,
  "nombreProvincia": null,
  "incidentes": [
    {
      "idJudicatura": "13204",
      "nombreJudicatura": "UNIDAD JUDICIAL DE FMNA DE PORTOVIEJO",
      "ciudad": "PORTOVIEJO",
      "lstIncidenteJudicatura": [
        {
          "idIncidenteJudicatura": 18911859,
          "idMovimientoJuicioIncidente": 18838544,
          "idJudicaturaDestino": "13204",
          "fechaCrea": "11/04/2017 16:55",
          "incidente": 1,
          "lstLitiganteActor": [
            {
              "tipoLitigante": "ACTOR",
              "nombresLitigante": "ZAMBRANO CEVALLOS LISBETH KATHERINE",
              "representadoPor": "ZAMBRANO CEVALLOS LISBETH KATHERINE",
              "idLitigante": 27962045
            },
            {
              "tipoLitigante": "ACTOR",
              "nombresLitigante": "QUIROZ BERMUDEZ STALIN GONZALO",
              "representadoPor": "QUIROZ BERMUDEZ STALIN GONZALO",
              "idLitigante": 27962035
            }
          ],
          "lstLitiganteDemandado": null,
          "litiganteActor": null,
          "litiganteDemandado": null
        }
      ]
    }
  ]
}