{
  "0": {
    "id": 1,
    "idJuicio": "13204201501336 ",
    "estadoActual": null,
    "idMateria": 6,
    "idProvincia": null,
    "idCanton": null,
    "idJudicatura": null,
    "nombreDelito": "DIVORCIO POR CAUSAL",
    "fechaIngreso": "2015-06-23T19:30:00.557+00:00",
    "iEDocumentoAdjunto": "N",
    "nombre": null,
    "cedula": null,
    "idEstadoJuicio": null,
    "nombreMateria": "FAMILIA MUJER NIÑEZ Y ADOLESCENCIA NO_COGEP",
    "nombreEstadoJuicio": null,
    "nombreJudicatura": null,
    "nombreTipoResolucion": null,
    "nombreTipoAccion": "VERBAL SUMARIO                                                        ",
    "fechaProvidencia": null,
    "nombreProvidencia": null,
    "nombreProvincia": null
  },
  "id": 2,
  "idJuicio": "13204201501336 ",
  "estadoActual": "A",
  "idMateria": 6,
  "idProvincia": null,
  "idCanton": null,
  "idJudicatura": null,
  "nombreDelito": "DIVORCIO POR CAUSAL",
  "fechaIngreso": "2015-06-23T19:30:00.557+00:00",
  "iEDocumentoAdjunto": "N",
  "nombre": null,
  "cedula": null,
  "idEstadoJuicio": null,
  "nombreMateria": null,
  "nombreEstadoJuicio": null,
  "nombreJudicatura": null,
  "nombreTipoResolucion": null,
  "nombreTipoAccion": null,
  "fechaProvidencia": null,
  "nombreProvidencia": null,
  "nombreProvincia": null,
  "incidentes": [
    {
      "idJudicatura": "13204",
      "nombreJudicatura": "UNIDAD JUDICIAL DE FMNA DE PORTOVIEJO",
      "ciudad": "PORTOVIEJO",
      "lstIncidenteJudicatura": [
        {
          "idIncidenteJudicatura": 13040459,
          "idMovimientoJuicioIncidente": 15210643,
          "idJudicaturaDestino": "13204",
          "fechaCrea": "23/06/2015 14:30",
          "incidente": 1,
          "lstLitiganteActor": [
            {
              "tipoLitigante": "ACTOR",
              "nombresLitigante": "QUIROZ BERMUDEZ STALIN GONZALO",
              "representadoPor": null,
              "idLitigante": 27962082
            }
          ],
          "lstLitiganteDemandado": [
            {
              "tipoLitigante": "DEMANDADO",
              "nombresLitigante": "ZAMBRANO CEVALLOS LISBETH KATHERINE",
              "representadoPor": "ZAMBRANO CEVALLOS LISBETH KATHERINE",
              "idLitigante": 27962045
            }
          ],
          "litiganteActor": null,
          "litiganteDemandado": null
        }
      ]
    }
  ]
}