{
  "0": {
    "id": 1,
    "idJuicio": "13281201500373G",
    "estadoActual": null,
    "idMateria": 29,
    "idProvincia": null,
    "idCanton": null,
    "idJudicatura": null,
    "nombreDelito": "CONSTANCIA DE PERDIDA DE DOCUMENTOS",
    "fechaIngreso": "2015-04-02T15:29:37.480+00:00",
    "iEDocumentoAdjunto": "N",
    "nombre": null,
    "cedula": null,
    "idEstadoJuicio": null,
    "nombreMateria": "CONTRAVENCIONES COIP",
    "nombreEstadoJuicio": null,
    "nombreJudicatura": null,
    "nombreTipoResolucion": null,
    "nombreTipoAccion": "DILIGENCIAS PREPROCESALES",
    "fechaProvidencia": null,
    "nombreProvidencia": null,
    "nombreProvincia": null
  },
  "id": 1,
  "idJuicio": "13281201500373G",
  "estadoActual": "A",
  "idMateria": 29,
  "idProvincia": null,
  "idCanton": null,
  "idJudicatura": null,
  "nombreDelito": "CONSTANCIA DE PERDIDA DE DOCUMENTOS",
  "fechaIngreso": "2015-04-02T15:29:37.480+00:00",
  "iEDocumentoAdjunto": "N",
  "nombre": null,
  "cedula": null,
  "idEstadoJuicio": null,
  "nombreMateria": null,
  "nombreEstadoJuicio": null,
  "nombreJudicatura": null,
  "nombreTipoResolucion": null,
  "nombreTipoAccion": null,
  "fechaProvidencia": null,
  "nombreProvidencia": null,
  "nombreProvincia": null,
  "incidentes": [
    {
      "idJudicatura": "13281",
      "nombreJudicatura": "UNIDAD JUDICIAL MULTICOMPETENTE PENAL CON SEDE EN EL CANTÓN JIPIJAPA",
      "ciudad": "JIPIJAPA",
      "lstIncidenteJudicatura": [
        {
          "idIncidenteJudicatura": 5151611,
          "idMovimientoJuicioIncidente": 14841443,
          "idJudicaturaDestino": "13281",
          "fechaCrea": "02/04/2015 10:29",
          "incidente": 1,
          "lstLitiganteActor": [
            {
              "tipoLitigante": "ACTOR",
              "nombresLitigante": "PONCE BAQUE MARIA ASUNCION",
              "representadoPor": "PONCE BAQUE MARIA ASUNCION",
              "idLitigante": 27292204
            }
          ],
          "lstLitiganteDemandado": null,
          "litiganteActor": null,
          "litiganteDemandado": null
        }
      ]
    }
  ]
}