{
  "0": {
    "id": 1,
    "idJuicio": "13315201800818G",
    "estadoActual": null,
    "idMateria": 29,
    "idProvincia": null,
    "idCanton": null,
    "idJudicatura": null,
    "nombreDelito": "INSPECCIÓN JUDICIAL",
    "fechaIngreso": "2018-10-26T19:07:57.607+00:00",
    "iEDocumentoAdjunto": "N",
    "nombre": null,
    "cedula": null,
    "idEstadoJuicio": null,
    "nombreMateria": "CONTRAVENCIONES COIP",
    "nombreEstadoJuicio": null,
    "nombreJudicatura": null,
    "nombreTipoResolucion": null,
    "nombreTipoAccion": "DILIGENCIAS PREPROCESALES",
    "fechaProvidencia": null,
    "nombreProvidencia": null,
    "nombreProvincia": null
  },
  "id": 1,
  "idJuicio": "13315201800818G",
  "estadoActual": "A",
  "idMateria": 29,
  "idProvincia": null,
  "idCanton": null,
  "idJudicatura": null,
  "nombreDelito": "INSPECCIÓN JUDICIAL",
  "fechaIngreso": "2018-10-26T19:07:57.607+00:00",
  "iEDocumentoAdjunto": "N",
  "nombre": null,
  "cedula": null,
  "idEstadoJuicio": null,
  "nombreMateria": null,
  "nombreEstadoJuicio": null,
  "nombreJudicatura": null,
  "nombreTipoResolucion": null,
  "nombreTipoAccion": null,
  "fechaProvidencia": null,
  "nombreProvidencia": null,
  "nombreProvincia": null,
  "incidentes": [
    {
      "idJudicatura": "13315",
      "nombreJudicatura": "UNIDAD JUDICIAL MULTICOMPETENTE CON SEDE EN EL CANTÓN SANTA ANA",
      "ciudad": "SANTA ANA",
      "lstIncidenteJudicatura": [
        {
          "idIncidenteJudicatura": 21139630,
          "idMovimientoJuicioIncidente": 20304151,
          "idJudicaturaDestino": "13315",
          "fechaCrea": "26/10/2018 14:07",
          "incidente": 1,
          "lstLitiganteActor": [
            {
              "tipoLitigante": "PETICIONARIO",
              "nombresLitigante": "MUENTES PICO NILA CASILDA",
              "representadoPor": "MUENTES PICO NILA CASILDA",
              "idLitigante": 29473965
            }
          ],
          "lstLitiganteDemandado": null,
          "litiganteActor": null,
          "litiganteDemandado": null
        }
      ]
    }
  ]
}