{
  "0": {
    "id": 1,
    "idJuicio": "1332020100071  ",
    "estadoActual": null,
    "idMateria": 2,
    "idProvincia": null,
    "idCanton": null,
    "idJudicatura": null,
    "nombreDelito": "ALIMENTOS",
    "fechaIngreso": "2010-04-07T05:00:00.000+00:00",
    "iEDocumentoAdjunto": "N",
    "nombre": null,
    "cedula": null,
    "idEstadoJuicio": null,
    "nombreMateria": "CIVIL NO_COGEP",
    "nombreEstadoJuicio": null,
    "nombreJudicatura": null,
    "nombreTipoResolucion": null,
    "nombreTipoAccion": "ESPECIAL                                                              ",
    "fechaProvidencia": null,
    "nombreProvidencia": null,
    "nombreProvincia": null
  },
  "id": 1,
  "idJuicio": "1332020100071  ",
  "estadoActual": "A",
  "idMateria": 2,
  "idProvincia": null,
  "idCanton": null,
  "idJudicatura": null,
  "nombreDelito": "ALIMENTOS",
  "fechaIngreso": "2010-04-07T05:00:00.000+00:00",
  "iEDocumentoAdjunto": "N",
  "nombre": null,
  "cedula": null,
  "idEstadoJuicio": null,
  "nombreMateria": null,
  "nombreEstadoJuicio": null,
  "nombreJudicatura": null,
  "nombreTipoResolucion": null,
  "nombreTipoAccion": null,
  "fechaProvidencia": null,
  "nombreProvidencia": null,
  "nombreProvincia": null,
  "incidentes": [
    {
      "idJudicatura": "13320",
      "nombreJudicatura": "UNIDAD JUDICIAL MULTICOMPETENTE CON SEDE EN EL CANTÓN TOSAGUA",
      "ciudad": "TOSAGUA",
      "lstIncidenteJudicatura": [
        {
          "idIncidenteJudicatura": 460273,
          "idMovimientoJuicioIncidente": 4703925,
          "idJudicaturaDestino": "13320",
          "fechaCrea": "07/04/2010 00:00",
          "incidente": 1,
          "lstLitiganteActor": [
            {
              "tipoLitigante": "ACTOR",
              "nombresLitigante": "HOLGUIN MONTES  ANGELA MERCEDES",
              "representadoPor": "HOLGUIN MONTES  ANGELA MERCEDES",
              "idLitigante": 8213226
            }
          ],
          "lstLitiganteDemandado": [
            {
              "tipoLitigante": "DEMANDADO",
              "nombresLitigante": "BAZURTO ZAMBRANO ALEJANDRO JOSE",
              "representadoPor": "BAZURTO ZAMBRANO ALEJANDRO JOSE",
              "idLitigante": 20828341
            }
          ],
          "litiganteActor": null,
          "litiganteDemandado": null
        }
      ]
    },
    {
      "idJudicatura": "09201",
      "nombreJudicatura": ".UNIDAD JUDICIAL DE FAMILIA, MUJER, NIÑEZ Y ADOLESCENCIA NORTE CON SEDE EN EL CANTÓN GUAYAQUIL, PROVINCIA DEL GUAYAS",
      "ciudad": "GUAYAQUIL",
      "lstIncidenteJudicatura": [
        {
          "idIncidenteJudicatura": 20714308,
          "idMovimientoJuicioIncidente": 19886086,
          "idJudicaturaDestino": "09201",
          "fechaCrea": "22/05/2018 13:52",
          "incidente": 2,
          "lstLitiganteActor": [
            {
              "tipoLitigante": "ACTOR",
              "nombresLitigante": "HOLGUIN MONTES  ANGELA MERCEDES",
              "representadoPor": "HOLGUIN MONTES  ANGELA MERCEDES",
              "idLitigante": 8213226
            }
          ],
          "lstLitiganteDemandado": [
            {
              "tipoLitigante": "DEMANDADO",
              "nombresLitigante": "BAZURTO ZAMBRANO ALEJANDRO JOSE",
              "representadoPor": "BAZURTO ZAMBRANO ALEJANDRO JOSE",
              "idLitigante": 20828341
            }
          ],
          "litiganteActor": null,
          "litiganteDemandado": null
        }
      ]
    },
    {
      "idJudicatura": "09209",
      "nombreJudicatura": "UNIDAD JUDICIAL DE FAMILIA, MUJER, NIÑEZ Y ADOLESCENCIA NORTE CON SEDE EN EL CANTÓN GUAYAQUIL, PROVINCIA DEL GUAYAS",
      "ciudad": "GUAYAQUIL",
      "lstIncidenteJudicatura": [
        {
          "idIncidenteJudicatura": 25590080,
          "idMovimientoJuicioIncidente": 19886086,
          "idJudicaturaDestino": "09209",
          "fechaCrea": "05/10/2022 18:04",
          "incidente": 2,
          "lstLitiganteActor": [
            {
              "tipoLitigante": "ACTOR",
              "nombresLitigante": "HOLGUIN MONTES  ANGELA MERCEDES",
              "representadoPor": "HOLGUIN MONTES  ANGELA MERCEDES",
              "idLitigante": 8213226
            }
          ],
          "lstLitiganteDemandado": [
            {
              "tipoLitigante": "DEMANDADO",
              "nombresLitigante": "BAZURTO ZAMBRANO ALEJANDRO JOSE",
              "representadoPor": "BAZURTO ZAMBRANO ALEJANDRO JOSE",
              "idLitigante": 20828341
            }
          ],
          "litiganteActor": null,
          "litiganteDemandado": null
        }
      ]
    },
    {
      "idJudicatura": "09208",
      "nombreJudicatura": "UNIDAD JUDICIAL SUR DE FAMILIA, MUJER, NIÑEZ Y ADOLESCENCIA",
      "ciudad": "GUAYAQUIL",
      "lstIncidenteJudicatura": [
        {
          "idIncidenteJudicatura": 20922399,
          "idMovimientoJuicioIncidente": 20090667,
          "idJudicaturaDestino": "09208",
          "fechaCrea": "06/08/2018 16:14",
          "incidente": 3,
          "lstLitiganteActor": [
            {
              "tipoLitigante": "ACTOR",
              "nombresLitigante": "HOLGUIN MONTES  ANGELA MERCEDES",
              "representadoPor": "HOLGUIN MONTES  ANGELA MERCEDES",
              "idLitigante": 8213226
            }
          ],
          "lstLitiganteDemandado": [
            {
              "tipoLitigante": "DEMANDADO",
              "nombresLitigante": "BAZURTO ZAMBRANO ALEJANDRO JOSE",
              "representadoPor": "BAZURTO ZAMBRANO ALEJANDRO JOSE",
              "idLitigante": 20828341
            }
          ],
          "litiganteActor": null,
          "litiganteDemandado": null
        },
        {
          "idIncidenteJudicatura": 20953850,
          "idMovimientoJuicioIncidente": 20121633,
          "idJudicaturaDestino": "09208",
          "fechaCrea": "20/08/2018 09:15",
          "incidente": 4,
          "lstLitiganteActor": [
            {
              "tipoLitigante": "ACTOR",
              "nombresLitigante": "HOLGUIN MONTES  ANGELA MERCEDES",
              "representadoPor": "HOLGUIN MONTES  ANGELA MERCEDES",
              "idLitigante": 8213226
            }
          ],
          "lstLitiganteDemandado": [
            {
              "tipoLitigante": "DEMANDADO",
              "nombresLitigante": "BAZURTO ZAMBRANO ALEJANDRO JOSE",
              "representadoPor": "BAZURTO ZAMBRANO ALEJANDRO JOSE",
              "idLitigante": 20828341
            }
          ],
          "litiganteActor": null,
          "litiganteDemandado": null
        }
      ]
    }
  ]
}