{
  "0": {
    "id": 1,
    "idJuicio": "13331201800223 ",
    "estadoActual": null,
    "idMateria": 33,
    "idProvincia": null,
    "idCanton": null,
    "idJudicatura": null,
    "nombreDelito": "DIVORCIO POR MUTUO CONSENTIMIENTO CON HIJOS DEPENDIENTES",
    "fechaIngreso": "2018-06-05T16:34:01.257+00:00",
    "iEDocumentoAdjunto": "N",
    "nombre": null,
    "cedula": null,
    "idEstadoJuicio": null,
    "nombreMateria": "FAMILIA MUJER NIÑEZ Y ADOLESCENCIA",
    "nombreEstadoJuicio": null,
    "nombreJudicatura": null,
    "nombreTipoResolucion": null,
    "nombreTipoAccion": "VOLUNTARIO",
    "fechaProvidencia": null,
    "nombreProvidencia": null,
    "nombreProvincia": null
  },
  "id": 1,
  "idJuicio": "13331201800223 ",
  "estadoActual": "A",
  "idMateria": 33,
  "idProvincia": null,
  "idCanton": null,
  "idJudicatura": null,
  "nombreDelito": "DIVORCIO POR MUTUO CONSENTIMIENTO CON HIJOS DEPENDIENTES",
  "fechaIngreso": "2018-06-05T16:34:01.257+00:00",
  "iEDocumentoAdjunto": "N",
  "nombre": null,
  "cedula": null,
  "idEstadoJuicio": null,
  "nombreMateria": null,
  "nombreEstadoJuicio": null,
  "nombreJudicatura": null,
  "nombreTipoResolucion": null,
  "nombreTipoAccion": null,
  "fechaProvidencia": null,
  "nombreProvidencia": null,
  "nombreProvincia": null,
  "incidentes": [
    {
      "idJudicatura": "13331",
      "nombreJudicatura": "UNIDAD JUDICIAL MULTICOMPETENTE CIVIL CON SEDE EN EL CANTÓN JIPIJAPA, PROVINCIA DE MANABI",
      "ciudad": "JIPIJAPA",
      "lstIncidenteJudicatura": [
        {
          "idIncidenteJudicatura": 20750444,
          "idMovimientoJuicioIncidente": 19921284,
          "idJudicaturaDestino": "13331",
          "fechaCrea": "05/06/2018 11:34",
          "incidente": 1,
          "lstLitiganteActor": [
            {
              "tipoLitigante": "SOLICITANTE",
              "nombresLitigante": "VELASTEGUI TUMBACO EDISON ANIBAL",
              "representadoPor": "VELASTEGUI TUMBACO EDISON ANIBAL",
              "idLitigante": 34175718
            },
            {
              "tipoLitigante": "SOLICITANTE",
              "nombresLitigante": "CAJAPE SOLIS ANTONIA HERLINDA",
              "representadoPor": "CAJAPE SOLIS ANTONIA HERLINDA",
              "idLitigante": 34175711
            }
          ],
          "lstLitiganteDemandado": null,
          "litiganteActor": null,
          "litiganteDemandado": null
        }
      ]
    }
  ]
}