{
  "0": {
    "id": 1,
    "idJuicio": "1395920120490  ",
    "estadoActual": null,
    "idMateria": 6,
    "idProvincia": null,
    "idCanton": null,
    "idJudicatura": null,
    "nombreDelito": "ALIMENTOS CON PRESUNCIÓN DE PATERNIDAD",
    "fechaIngreso": "2012-12-05T05:00:00.000+00:00",
    "iEDocumentoAdjunto": "N",
    "nombre": null,
    "cedula": null,
    "idEstadoJuicio": null,
    "nombreMateria": "FAMILIA MUJER NIÑEZ Y ADOLESCENCIA NO_COGEP",
    "nombreEstadoJuicio": null,
    "nombreJudicatura": null,
    "nombreTipoResolucion": null,
    "nombreTipoAccion": "ESPECIAL                                                              ",
    "fechaProvidencia": null,
    "nombreProvidencia": null,
    "nombreProvincia": null
  },
  "id": 2,
  "idJuicio": "1395920120490  ",
  "estadoActual": "A",
  "idMateria": 6,
  "idProvincia": null,
  "idCanton": null,
  "idJudicatura": null,
  "nombreDelito": "ALIMENTOS CON PRESUNCIÓN DE PATERNIDAD",
  "fechaIngreso": "2012-12-05T05:00:00.000+00:00",
  "iEDocumentoAdjunto": "N",
  "nombre": null,
  "cedula": null,
  "idEstadoJuicio": null,
  "nombreMateria": null,
  "nombreEstadoJuicio": null,
  "nombreJudicatura": null,
  "nombreTipoResolucion": null,
  "nombreTipoAccion": null,
  "fechaProvidencia": null,
  "nombreProvidencia": null,
  "nombreProvincia": null,
  "incidentes": [
    {
      "idJudicatura": "13959",
      "nombreJudicatura": "UNIDAD JUDICIAL FMNA  Y ADOLESCENTES INFRACTORES DEL CANTÓN SUCRE",
      "ciudad": "SUCRE",
      "lstIncidenteJudicatura": [
        {
          "idIncidenteJudicatura": 11824736,
          "idMovimientoJuicioIncidente": 7371909,
          "idJudicaturaDestino": "13959",
          "fechaCrea": "05/12/2012 00:00",
          "incidente": 1,
          "lstLitiganteActor": [
            {
              "tipoLitigante": "ACTOR",
              "nombresLitigante": "CARRILLO GARCIA MARIA CRISTINA",
              "representadoPor": "CARRILLO GARCIA MARIA CRISTINA",
              "idLitigante": 8479711
            }
          ],
          "lstLitiganteDemandado": [
            {
              "tipoLitigante": "DEMANDADO",
              "nombresLitigante": "SABANDO TORRES GABRIEL EDUARDO",
              "representadoPor": null,
              "idLitigante": 20961604
            }
          ],
          "litiganteActor": null,
          "litiganteDemandado": null
        }
      ]
    },
    {
      "idJudicatura": "09208",
      "nombreJudicatura": "UNIDAD JUDICIAL SUR DE FAMILIA, MUJER, NIÑEZ Y ADOLESCENCIA",
      "ciudad": "GUAYAQUIL",
      "lstIncidenteJudicatura": [
        {
          "idIncidenteJudicatura": 22433383,
          "idMovimientoJuicioIncidente": 7371909,
          "idJudicaturaDestino": "09208",
          "fechaCrea": "22/01/2020 11:47",
          "incidente": 1,
          "lstLitiganteActor": [
            {
              "tipoLitigante": "ACTOR",
              "nombresLitigante": "CARRILLO GARCIA MARIA CRISTINA",
              "representadoPor": "CARRILLO GARCIA MARIA CRISTINA",
              "idLitigante": 8479711
            }
          ],
          "lstLitiganteDemandado": [
            {
              "tipoLitigante": "DEMANDADO",
              "nombresLitigante": "SABANDO TORRES GABRIEL EDUARDO",
              "representadoPor": null,
              "idLitigante": 20961604
            }
          ],
          "litiganteActor": null,
          "litiganteDemandado": null
        }
      ]
    }
  ]
}