{
  "0": {
    "id": 1,
    "idJuicio": "17203201605111 ",
    "estadoActual": null,
    "idMateria": 6,
    "idProvincia": null,
    "idCanton": null,
    "idJudicatura": null,
    "nombreDelito": "TENENCIA",
    "fechaIngreso": "2016-04-13T15:13:17.253+00:00",
    "iEDocumentoAdjunto": "N",
    "nombre": null,
    "cedula": null,
    "idEstadoJuicio": null,
    "nombreMateria": "FAMILIA MUJER NIÑEZ Y ADOLESCENCIA NO_COGEP",
    "nombreEstadoJuicio": null,
    "nombreJudicatura": null,
    "nombreTipoResolucion": null,
    "nombreTipoAccion": "CONTENCIOSO GENERAL                                                   ",
    "fechaProvidencia": null,
    "nombreProvidencia": null,
    "nombreProvincia": null
  },
  "id": 3,
  "idJuicio": "17203201605111 ",
  "estadoActual": "A",
  "idMateria": 6,
  "idProvincia": null,
  "idCanton": null,
  "idJudicatura": null,
  "nombreDelito": "TENENCIA",
  "fechaIngreso": "2016-04-13T15:13:17.253+00:00",
  "iEDocumentoAdjunto": "N",
  "nombre": null,
  "cedula": null,
  "idEstadoJuicio": null,
  "nombreMateria": null,
  "nombreEstadoJuicio": null,
  "nombreJudicatura": null,
  "nombreTipoResolucion": null,
  "nombreTipoAccion": null,
  "fechaProvidencia": null,
  "nombreProvidencia": null,
  "nombreProvincia": null,
  "incidentes": [
    {
      "idJudicatura": "17203",
      "nombreJudicatura": "UNIDAD JUDICIAL DE FAMILIA, MUJER, NIÑEZ  y ADOLESCENCIA CON SEDE EN LA PARROQUIA MARISCAL SUCRE DEL DISTRITO METROPOLITANO DE QUITO, PROVINCIA DE PICHINCHA",
      "ciudad": "QUITO",
      "lstIncidenteJudicatura": [
        {
          "idIncidenteJudicatura": 10654385,
          "idMovimientoJuicioIncidente": 17756268,
          "idJudicaturaDestino": "17203",
          "fechaCrea": "13/04/2016 10:13",
          "incidente": 1,
          "lstLitiganteActor": [
            {
              "tipoLitigante": "ACTOR",
              "nombresLitigante": "MOYANO RONCO JOSIMAR DAVID",
              "representadoPor": "MOYANO RONCO JOSIMAR DAVID",
              "idLitigante": 29056467
            }
          ],
          "lstLitiganteDemandado": [
            {
              "tipoLitigante": "DEMANDADO",
              "nombresLitigante": "ANGULO MONTEROS  CARLA ELIZABETH",
              "representadoPor": "ANGULO MONTEROS  CARLA ELIZABETH",
              "idLitigante": 30229255
            }
          ],
          "litiganteActor": null,
          "litiganteDemandado": null
        }
      ]
    }
  ]
}