{
  "0": {
    "id": 1,
    "idJuicio": "17203201800475 ",
    "estadoActual": null,
    "idMateria": 33,
    "idProvincia": null,
    "idCanton": null,
    "idJudicatura": null,
    "nombreDelito": "ALIMENTOS",
    "fechaIngreso": "2018-01-15T20:58:18.450+00:00",
    "iEDocumentoAdjunto": "N",
    "nombre": null,
    "cedula": null,
    "idEstadoJuicio": null,
    "nombreMateria": "FAMILIA MUJER NIÑEZ Y ADOLESCENCIA",
    "nombreEstadoJuicio": null,
    "nombreJudicatura": null,
    "nombreTipoResolucion": null,
    "nombreTipoAccion": "SUMARIO",
    "fechaProvidencia": null,
    "nombreProvidencia": null,
    "nombreProvincia": null
  },
  "id": 3,
  "idJuicio": "17203201800475 ",
  "estadoActual": "A",
  "idMateria": 33,
  "idProvincia": null,
  "idCanton": null,
  "idJudicatura": null,
  "nombreDelito": "ALIMENTOS",
  "fechaIngreso": "2018-01-15T20:58:18.450+00:00",
  "iEDocumentoAdjunto": "N",
  "nombre": null,
  "cedula": null,
  "idEstadoJuicio": null,
  "nombreMateria": null,
  "nombreEstadoJuicio": null,
  "nombreJudicatura": null,
  "nombreTipoResolucion": null,
  "nombreTipoAccion": null,
  "fechaProvidencia": null,
  "nombreProvidencia": null,
  "nombreProvincia": null,
  "incidentes": [
    {
      "idJudicatura": "17203",
      "nombreJudicatura": "UNIDAD JUDICIAL DE FAMILIA, MUJER, NIÑEZ  y ADOLESCENCIA CON SEDE EN LA PARROQUIA MARISCAL SUCRE DEL DISTRITO METROPOLITANO DE QUITO, PROVINCIA DE PICHINCHA",
      "ciudad": "QUITO",
      "lstIncidenteJudicatura": [
        {
          "idIncidenteJudicatura": 20373654,
          "idMovimientoJuicioIncidente": 19558948,
          "idJudicaturaDestino": "17203",
          "fechaCrea": "15/01/2018 15:58",
          "incidente": 1,
          "lstLitiganteActor": [
            {
              "tipoLitigante": "ACTOR",
              "nombresLitigante": "ROSADO BARBERAN MARIA PILAR",
              "representadoPor": "ROSADO BARBERAN MARIA PILAR",
              "idLitigante": 33565280
            }
          ],
          "lstLitiganteDemandado": [
            {
              "tipoLitigante": "DEMANDADO",
              "nombresLitigante": "ZAMBRANO CORDOVA JAIME ORLANDO",
              "representadoPor": "ZAMBRANO CORDOVA JAIME ORLANDO",
              "idLitigante": 33565285
            }
          ],
          "litiganteActor": null,
          "litiganteDemandado": null
        },
        {
          "idIncidenteJudicatura": 24895126,
          "idMovimientoJuicioIncidente": 23714640,
          "idJudicaturaDestino": "17203",
          "fechaCrea": "07/03/2022 11:52",
          "incidente": 3,
          "lstLitiganteActor": [
            {
              "tipoLitigante": "ACTOR",
              "nombresLitigante": "ROSADO BARBERAN MARIA PILAR",
              "representadoPor": "ROSADO BARBERAN MARIA PILAR",
              "idLitigante": 33565280
            }
          ],
          "lstLitiganteDemandado": [
            {
              "tipoLitigante": "DEMANDADO",
              "nombresLitigante": "ZAMBRANO CORDOVA JAIME ORLANDO",
              "representadoPor": "ZAMBRANO CORDOVA JAIME ORLANDO",
              "idLitigante": 33565285
            }
          ],
          "litiganteActor": null,
          "litiganteDemandado": null
        },
        {
          "idIncidenteJudicatura": 26393003,
          "idMovimientoJuicioIncidente": 25033342,
          "idJudicaturaDestino": "17203",
          "fechaCrea": "24/05/2023 13:53",
          "incidente": 4,
          "lstLitiganteActor": [
            {
              "tipoLitigante": "ACTOR",
              "nombresLitigante": "ZAMBRANO CORDOVA JAIME ORLANDO",
              "representadoPor": "ZAMBRANO CORDOVA JAIME ORLANDO",
              "idLitigante": 33565285
            }
          ],
          "lstLitiganteDemandado": [
            {
              "tipoLitigante": "DEMANDADO",
              "nombresLitigante": "ROSADO BARBERAN MARIA PILAR",
              "representadoPor": "ROSADO BARBERAN MARIA PILAR",
              "idLitigante": 33565280
            }
          ],
          "litiganteActor": null,
          "litiganteDemandado": null
        }
      ]
    },
    {
      "idJudicatura": "09969",
      "nombreJudicatura": "UNIDAD JUDICIAL DE FAMILIA, MUJER, NIÑEZ Y ADOLESCENCIA CON SEDE EN EL CANTÓN DAULE",
      "ciudad": "DAULE",
      "lstIncidenteJudicatura": [
        {
          "idIncidenteJudicatura": 22276099,
          "idMovimientoJuicioIncidente": 21394459,
          "idJudicaturaDestino": "09969",
          "fechaCrea": "29/11/2019 15:57",
          "incidente": 2,
          "lstLitiganteActor": [
            {
              "tipoLitigante": "ACTOR",
              "nombresLitigante": "ROSADO BARBERAN MARIA PILAR",
              "representadoPor": "ROSADO BARBERAN MARIA PILAR",
              "idLitigante": 33565280
            }
          ],
          "lstLitiganteDemandado": [
            {
              "tipoLitigante": "DEMANDADO",
              "nombresLitigante": "ZAMBRANO CORDOVA JAIME ORLANDO",
              "representadoPor": "ZAMBRANO CORDOVA JAIME ORLANDO",
              "idLitigante": 33565285
            }
          ],
          "litiganteActor": null,
          "litiganteDemandado": null
        }
      ]
    },
    {
      "idJudicatura": "09208",
      "nombreJudicatura": "UNIDAD JUDICIAL SUR DE FAMILIA, MUJER, NIÑEZ Y ADOLESCENCIA",
      "ciudad": "GUAYAQUIL",
      "lstIncidenteJudicatura": [
        {
          "idIncidenteJudicatura": 24976013,
          "idMovimientoJuicioIncidente": 23786997,
          "idJudicaturaDestino": "09208",
          "fechaCrea": "30/03/2022 10:49",
          "incidente": 4,
          "lstLitiganteActor": [
            {
              "tipoLitigante": "ACTOR",
              "nombresLitigante": "ROSADO BARBERAN MARIA PILAR",
              "representadoPor": "ROSADO BARBERAN MARIA PILAR",
              "idLitigante": 33565280
            }
          ],
          "lstLitiganteDemandado": [
            {
              "tipoLitigante": "DEMANDADO",
              "nombresLitigante": "ZAMBRANO CORDOVA JAIME ORLANDO",
              "representadoPor": "ZAMBRANO CORDOVA JAIME ORLANDO",
              "idLitigante": 33565285
            }
          ],
          "litiganteActor": null,
          "litiganteDemandado": null
        }
      ]
    }
  ]
}