{
  "0": {
    "id": 1,
    "idJuicio": "1795220060086  ",
    "estadoActual": null,
    "idMateria": 6,
    "idProvincia": null,
    "idCanton": null,
    "idJudicatura": null,
    "nombreDelito": "ALIMENTOS",
    "fechaIngreso": "2006-01-13T05:00:00.000+00:00",
    "iEDocumentoAdjunto": "N",
    "nombre": null,
    "cedula": null,
    "idEstadoJuicio": null,
    "nombreMateria": "FAMILIA MUJER NIÑEZ Y ADOLESCENCIA NO_COGEP",
    "nombreEstadoJuicio": null,
    "nombreJudicatura": null,
    "nombreTipoResolucion": null,
    "nombreTipoAccion": "ESPECIAL                                                              ",
    "fechaProvidencia": null,
    "nombreProvidencia": null,
    "nombreProvincia": null
  },
  "id": 1,
  "idJuicio": "1795220060086  ",
  "estadoActual": "A",
  "idMateria": 6,
  "idProvincia": null,
  "idCanton": null,
  "idJudicatura": null,
  "nombreDelito": "ALIMENTOS",
  "fechaIngreso": "2006-01-13T05:00:00.000+00:00",
  "iEDocumentoAdjunto": "N",
  "nombre": null,
  "cedula": null,
  "idEstadoJuicio": null,
  "nombreMateria": null,
  "nombreEstadoJuicio": null,
  "nombreJudicatura": null,
  "nombreTipoResolucion": null,
  "nombreTipoAccion": null,
  "fechaProvidencia": null,
  "nombreProvidencia": null,
  "nombreProvincia": null,
  "incidentes": [
    {
      "idJudicatura": "17204",
      "nombreJudicatura": "UNIDAD JUDICIAL DE FAMILIA, MUJER, NIÑEZ  y ADOLESCENCIA CON SEDE EN LA PARROQUIA IÑAQUITO DEL DISTRITO METROPOLITANO DE QUITO, PROVINCIA DE PICHINCHA",
      "ciudad": "QUITO",
      "lstIncidenteJudicatura": [
        {
          "idIncidenteJudicatura": 23270514,
          "idMovimientoJuicioIncidente": 2254758,
          "idJudicaturaDestino": "17204",
          "fechaCrea": "13/11/2020 20:41",
          "incidente": 1,
          "lstLitiganteActor": [
            {
              "tipoLitigante": "ACTOR",
              "nombresLitigante": "JARAMILLO BACILIO MELANYE ABIGAIL",
              "representadoPor": "JARAMILLO BACILIO MELANYE ABIGAIL",
              "idLitigante": 37652030
            },
            {
              "tipoLitigante": "ACTOR",
              "nombresLitigante": "BACILIO SUAREZ NELLY AZUCENA",
              "representadoPor": null,
              "idLitigante": 11859991
            }
          ],
          "lstLitiganteDemandado": [
            {
              "tipoLitigante": "DEMANDADO",
              "nombresLitigante": "JARAMILLO REYES MARIO FERNANDO",
              "representadoPor": "JARAMILLO REYES MARIO FERNANDO",
              "idLitigante": 23583952
            }
          ],
          "litiganteActor": null,
          "litiganteDemandado": null
        }
      ]
    },
    {
      "idJudicatura": "17952",
      "nombreJudicatura": "JUZGADO SEGUNDO DE LA FAMILIA, MUJER, NIÑEZ Y ADOLESCENCIA",
      "ciudad": "QUITO",
      "lstIncidenteJudicatura": [
        {
          "idIncidenteJudicatura": 11937153,
          "idMovimientoJuicioIncidente": 2254758,
          "idJudicaturaDestino": "17952",
          "fechaCrea": "13/01/2006 00:00",
          "incidente": 1,
          "lstLitiganteActor": [
            {
              "tipoLitigante": "ACTOR",
              "nombresLitigante": "JARAMILLO BACILIO MELANYE ABIGAIL",
              "representadoPor": "JARAMILLO BACILIO MELANYE ABIGAIL",
              "idLitigante": 37652030
            },
            {
              "tipoLitigante": "ACTOR",
              "nombresLitigante": "BACILIO SUAREZ NELLY AZUCENA",
              "representadoPor": null,
              "idLitigante": 11859991
            }
          ],
          "lstLitiganteDemandado": [
            {
              "tipoLitigante": "DEMANDADO",
              "nombresLitigante": "JARAMILLO REYES MARIO FERNANDO",
              "representadoPor": "JARAMILLO REYES MARIO FERNANDO",
              "idLitigante": 23583952
            }
          ],
          "litiganteActor": null,
          "litiganteDemandado": null
        }
      ]
    }
  ]
}