{
  "0": {
    "id": 1,
    "idJuicio": "1795920110327  ",
    "estadoActual": null,
    "idMateria": 6,
    "idProvincia": null,
    "idCanton": null,
    "idJudicatura": null,
    "nombreDelito": "ALIMENTOS",
    "fechaIngreso": "2011-03-09T05:00:00.000+00:00",
    "iEDocumentoAdjunto": "N",
    "nombre": null,
    "cedula": null,
    "idEstadoJuicio": null,
    "nombreMateria": "FAMILIA MUJER NIÑEZ Y ADOLESCENCIA NO_COGEP",
    "nombreEstadoJuicio": null,
    "nombreJudicatura": null,
    "nombreTipoResolucion": null,
    "nombreTipoAccion": "ESPECIAL                                                              ",
    "fechaProvidencia": null,
    "nombreProvidencia": null,
    "nombreProvincia": null
  },
  "id": 6,
  "idJuicio": "1795920110327  ",
  "estadoActual": "A",
  "idMateria": 6,
  "idProvincia": null,
  "idCanton": null,
  "idJudicatura": null,
  "nombreDelito": "ALIMENTOS",
  "fechaIngreso": "2011-03-09T05:00:00.000+00:00",
  "iEDocumentoAdjunto": "N",
  "nombre": null,
  "cedula": null,
  "idEstadoJuicio": null,
  "nombreMateria": null,
  "nombreEstadoJuicio": null,
  "nombreJudicatura": null,
  "nombreTipoResolucion": null,
  "nombreTipoAccion": null,
  "fechaProvidencia": null,
  "nombreProvidencia": null,
  "nombreProvincia": null,
  "incidentes": [
    {
      "idJudicatura": "17981",
      "nombreJudicatura": "UNIDAD JUDICIAL DE FAMILIA, MUJER, NIÑEZ Y ADOLESCENCIA CON SEDE EN LA PARROQUIA QUITUMBE DEL DISTRITO METROPOLITANO DE QUITO, PROVINCIA DE PICHINCHA",
      "ciudad": "QUITO",
      "lstIncidenteJudicatura": [
        {
          "idIncidenteJudicatura": 20018318,
          "idMovimientoJuicioIncidente": 17679175,
          "idJudicaturaDestino": "17981",
          "fechaCrea": "18/09/2017 17:20",
          "incidente": 1,
          "lstLitiganteActor": [
            {
              "tipoLitigante": "ACTOR",
              "nombresLitigante": "ANGULO MONTEROS CARLA ELIZABETH",
              "representadoPor": "ANGULO MONTEROS CARLA ELIZABETH",
              "idLitigante": 12035714
            }
          ],
          "lstLitiganteDemandado": [
            {
              "tipoLitigante": "DEMANDADO",
              "nombresLitigante": "MOYANO RONCO JOSIMAR DAVID",
              "representadoPor": "MOYANO RONCO JOSIMAR DAVID",
              "idLitigante": 29056467
            }
          ],
          "litiganteActor": null,
          "litiganteDemandado": null
        },
        {
          "idIncidenteJudicatura": 20216714,
          "idMovimientoJuicioIncidente": 19417218,
          "idJudicaturaDestino": "17981",
          "fechaCrea": "20/11/2017 13:22",
          "incidente": 2,
          "lstLitiganteActor": [
            {
              "tipoLitigante": "ACTOR",
              "nombresLitigante": "MOYANO RONCO JOSIMAR DAVID",
              "representadoPor": "MOYANO RONCO JOSIMAR DAVID",
              "idLitigante": 29056467
            }
          ],
          "lstLitiganteDemandado": [
            {
              "tipoLitigante": "DEMANDADO",
              "nombresLitigante": "ANGULO MONTEROS CARLA ELIZABETH",
              "representadoPor": "ANGULO MONTEROS CARLA ELIZABETH",
              "idLitigante": 29027588
            }
          ],
          "litiganteActor": null,
          "litiganteDemandado": null
        },
        {
          "idIncidenteJudicatura": 21448665,
          "idMovimientoJuicioIncidente": 20608196,
          "idJudicaturaDestino": "17981",
          "fechaCrea": "19/02/2019 10:48",
          "incidente": 3,
          "lstLitiganteActor": [
            {
              "tipoLitigante": "ACTOR",
              "nombresLitigante": "MOYANO RONCO JOSIMAR DAVID",
              "representadoPor": "MOYANO RONCO JOSIMAR DAVID",
              "idLitigante": 29056467
            },
            {
              "tipoLitigante": "ACTOR",
              "nombresLitigante": "ANGULO MONTEROS CARLA ELIZABETH",
              "representadoPor": "ANGULO MONTEROS CARLA ELIZABETH",
              "idLitigante": 29027588
            }
          ],
          "lstLitiganteDemandado": null,
          "litiganteActor": null,
          "litiganteDemandado": null
        },
        {
          "idIncidenteJudicatura": 21528140,
          "idMovimientoJuicioIncidente": 20686331,
          "idJudicaturaDestino": "17981",
          "fechaCrea": "22/03/2019 12:36",
          "incidente": 4,
          "lstLitiganteActor": [
            {
              "tipoLitigante": "ACTOR",
              "nombresLitigante": "ANGULO MONTEROS CARLA ELIZABETH",
              "representadoPor": "ANGULO MONTEROS CARLA ELIZABETH",
              "idLitigante": 29027588
            }
          ],
          "lstLitiganteDemandado": [
            {
              "tipoLitigante": "DEMANDADO",
              "nombresLitigante": "MOYANO RONCO JOSIMAR DAVID",
              "representadoPor": "MOYANO RONCO JOSIMAR DAVID",
              "idLitigante": 29056467
            }
          ],
          "litiganteActor": null,
          "litiganteDemandado": null
        }
      ]
    },
    {
      "idJudicatura": "17141",
      "nombreJudicatura": "SALA ESPECIALIZADA DE LA FAMILIA, NIÑEZ, ADOLESCENCIA Y ADOLESCENTES INFRACTORES DE LA CORTE PROVINCIAL DE JUSTICIA DE PICHINCHA",
      "ciudad": "QUITO",
      "lstIncidenteJudicatura": [
        {
          "idIncidenteJudicatura": 21266933,
          "idMovimientoJuicioIncidente": 20429405,
          "idJudicaturaDestino": "17141",
          "fechaCrea": "12/12/2018 10:40",
          "incidente": 1,
          "lstLitiganteActor": [
            {
              "tipoLitigante": "ACTOR",
              "nombresLitigante": "MOYANO RONCO JOSIMAR DAVID",
              "representadoPor": "MOYANO RONCO JOSIMAR DAVID",
              "idLitigante": 29056467
            }
          ],
          "lstLitiganteDemandado": [
            {
              "tipoLitigante": "DEMANDADO",
              "nombresLitigante": "ANGULO MONTEROS CARLA ELIZABETH",
              "representadoPor": "ANGULO MONTEROS CARLA ELIZABETH",
              "idLitigante": 29027588
            }
          ],
          "litiganteActor": null,
          "litiganteDemandado": null
        }
      ]
    },
    {
      "idJudicatura": "17959",
      "nombreJudicatura": "UNIDAD JUDICIAL ESPECIALIZADA. CUARTA DE LA FAMILIA, MUJER, NIÑEZ Y ADOLESCENCIA CON SEDE EN EL DISTRITO METROPOLITANO DE QUITO, DE LA PROVINCIA DE PICHINCHA",
      "ciudad": "QUITO",
      "lstIncidenteJudicatura": [
        {
          "idIncidenteJudicatura": 17764762,
          "idMovimientoJuicioIncidente": 5524760,
          "idJudicaturaDestino": "17959",
          "fechaCrea": "09/03/2011 00:00",
          "incidente": 1,
          "lstLitiganteActor": [
            {
              "tipoLitigante": "ACTOR",
              "nombresLitigante": "ANGULO MONTEROS CARLA ELIZABETH",
              "representadoPor": null,
              "idLitigante": 12035714
            }
          ],
          "lstLitiganteDemandado": [
            {
              "tipoLitigante": "DEMANDADO",
              "nombresLitigante": "MOYANO RONGO JOSIMAR DAVID",
              "representadoPor": null,
              "idLitigante": 23638628
            }
          ],
          "litiganteActor": null,
          "litiganteDemandado": null
        }
      ]
    },
    {
      "idJudicatura": "17204",
      "nombreJudicatura": "UNIDAD JUDICIAL DE FAMILIA, MUJER, NIÑEZ  y ADOLESCENCIA CON SEDE EN LA PARROQUIA IÑAQUITO DEL DISTRITO METROPOLITANO DE QUITO, PROVINCIA DE PICHINCHA",
      "ciudad": "QUITO",
      "lstIncidenteJudicatura": [
        {
          "idIncidenteJudicatura": 1716780,
          "idMovimientoJuicioIncidente": 17679175,
          "idJudicaturaDestino": "17204",
          "fechaCrea": "07/04/2016 19:50",
          "incidente": 1,
          "lstLitiganteActor": [
            {
              "tipoLitigante": "ACTOR",
              "nombresLitigante": "ANGULO MONTEROS CARLA ELIZABETH",
              "representadoPor": "ANGULO MONTEROS CARLA ELIZABETH",
              "idLitigante": 12035714
            }
          ],
          "lstLitiganteDemandado": [
            {
              "tipoLitigante": "DEMANDADO",
              "nombresLitigante": "MOYANO RONCO JOSIMAR DAVID",
              "representadoPor": "MOYANO RONCO JOSIMAR DAVID",
              "idLitigante": 29056467
            }
          ],
          "litiganteActor": null,
          "litiganteDemandado": null
        }
      ]
    }
  ]
}