{
  "0": {
    "id": 1,
    "idJuicio": "17983201600131 ",
    "estadoActual": null,
    "idMateria": 6,
    "idProvincia": null,
    "idCanton": null,
    "idJudicatura": null,
    "nombreDelito": "ALIMENTOS",
    "fechaIngreso": "2016-01-28T16:32:52.553+00:00",
    "iEDocumentoAdjunto": "N",
    "nombre": null,
    "cedula": null,
    "idEstadoJuicio": null,
    "nombreMateria": "FAMILIA MUJER NIÑEZ Y ADOLESCENCIA NO_COGEP",
    "nombreEstadoJuicio": null,
    "nombreJudicatura": null,
    "nombreTipoResolucion": null,
    "nombreTipoAccion": "ESPECIAL                                                              ",
    "fechaProvidencia": null,
    "nombreProvidencia": null,
    "nombreProvincia": null
  },
  "id": 4,
  "idJuicio": "17983201600131 ",
  "estadoActual": "A",
  "idMateria": 6,
  "idProvincia": null,
  "idCanton": null,
  "idJudicatura": null,
  "nombreDelito": "ALIMENTOS",
  "fechaIngreso": "2016-01-28T16:32:52.553+00:00",
  "iEDocumentoAdjunto": "N",
  "nombre": null,
  "cedula": null,
  "idEstadoJuicio": null,
  "nombreMateria": null,
  "nombreEstadoJuicio": null,
  "nombreJudicatura": null,
  "nombreTipoResolucion": null,
  "nombreTipoAccion": null,
  "fechaProvidencia": null,
  "nombreProvidencia": null,
  "nombreProvincia": null,
  "incidentes": [
    {
      "idJudicatura": "17983",
      "nombreJudicatura": "UNIDAD JUDICIAL DE FAMILIA, MUJER, NIÑEZ Y ADOLESCENCIA CON SEDE EN LA PARROQUIA CARCELÉN DEL D.M.Q.",
      "ciudad": "QUITO",
      "lstIncidenteJudicatura": [
        {
          "idIncidenteJudicatura": 15087136,
          "idMovimientoJuicioIncidente": 16722090,
          "idJudicaturaDestino": "17983",
          "fechaCrea": "28/01/2016 11:32",
          "incidente": 1,
          "lstLitiganteActor": [
            {
              "tipoLitigante": "ACTOR",
              "nombresLitigante": "MOYANO RONCO JOSIMAR DAVID",
              "representadoPor": "MOYANO RONCO JOSIMAR DAVID",
              "idLitigante": 29056467
            }
          ],
          "lstLitiganteDemandado": [
            {
              "tipoLitigante": "DEMANDADO",
              "nombresLitigante": "ANGULO MONTEROS CARLA ELIZABETH",
              "representadoPor": "ANGULO MONTEROS CARLA ELIZABETH",
              "idLitigante": 29027588
            }
          ],
          "litiganteActor": null,
          "litiganteDemandado": null
        }
      ]
    },
    {
      "idJudicatura": "17141",
      "nombreJudicatura": "SALA ESPECIALIZADA DE LA FAMILIA, NIÑEZ, ADOLESCENCIA Y ADOLESCENTES INFRACTORES DE LA CORTE PROVINCIAL DE JUSTICIA DE PICHINCHA",
      "ciudad": "QUITO",
      "lstIncidenteJudicatura": [
        {
          "idIncidenteJudicatura": 18518606,
          "idMovimientoJuicioIncidente": 18461350,
          "idJudicaturaDestino": "17141",
          "fechaCrea": "01/12/2016 14:08",
          "incidente": 1,
          "lstLitiganteActor": [
            {
              "tipoLitigante": "ACTOR",
              "nombresLitigante": "MOYANO RONCO JOSIMAR DAVID",
              "representadoPor": "MOYANO RONCO JOSIMAR DAVID",
              "idLitigante": 29056467
            }
          ],
          "lstLitiganteDemandado": [
            {
              "tipoLitigante": "DEMANDADO",
              "nombresLitigante": "ANGULO MONTEROS CARLA ELIZABETH",
              "representadoPor": "ANGULO MONTEROS CARLA ELIZABETH",
              "idLitigante": 29027588
            }
          ],
          "litiganteActor": null,
          "litiganteDemandado": null
        }
      ]
    },
    {
      "idJudicatura": "17986",
      "nombreJudicatura": "UNIDAD JUDICIAL DE FAMILIA, MUJER, NIÑEZ  Y ADOLESCENCIA CON SEDE EN LA PARROQUIA CALDERON DEL DISTRITO METROPOLITANO DE QUITO, PROVINCIA DE PICHINCHA",
      "ciudad": "QUITO",
      "lstIncidenteJudicatura": [
        {
          "idIncidenteJudicatura": 15515064,
          "idMovimientoJuicioIncidente": 17168339,
          "idJudicaturaDestino": "17986",
          "fechaCrea": "13/02/2016 14:31",
          "incidente": 1,
          "lstLitiganteActor": [
            {
              "tipoLitigante": "ACTOR",
              "nombresLitigante": "MOYANO RONCO JOSIMAR DAVID",
              "representadoPor": "MOYANO RONCO JOSIMAR DAVID",
              "idLitigante": 29056467
            }
          ],
          "lstLitiganteDemandado": [
            {
              "tipoLitigante": "DEMANDADO",
              "nombresLitigante": "ANGULO MONTEROS CARLA ELIZABETH",
              "representadoPor": "ANGULO MONTEROS CARLA ELIZABETH",
              "idLitigante": 29027588
            }
          ],
          "litiganteActor": null,
          "litiganteDemandado": null
        }
      ]
    }
  ]
}