{
  "0": {
    "id": 1,
    "idJuicio": "17981201703405 ",
    "estadoActual": null,
    "idMateria": 33,
    "idProvincia": null,
    "idCanton": null,
    "idJudicatura": null,
    "nombreDelito": "REFORMA O NULIDAD DE INSCRIPCIÓN",
    "fechaIngreso": "2017-12-15T15:23:00.620+00:00",
    "iEDocumentoAdjunto": "N",
    "nombre": null,
    "cedula": null,
    "idEstadoJuicio": null,
    "nombreMateria": "FAMILIA MUJER NIÑEZ Y ADOLESCENCIA",
    "nombreEstadoJuicio": null,
    "nombreJudicatura": null,
    "nombreTipoResolucion": null,
    "nombreTipoAccion": "ORDINARIO                                                             ",
    "fechaProvidencia": null,
    "nombreProvidencia": null,
    "nombreProvincia": null
  },
  "id": 1,
  "idJuicio": "17981201703405 ",
  "estadoActual": "A",
  "idMateria": 33,
  "idProvincia": null,
  "idCanton": null,
  "idJudicatura": null,
  "nombreDelito": "REFORMA O NULIDAD DE INSCRIPCIÓN",
  "fechaIngreso": "2017-12-15T15:23:00.620+00:00",
  "iEDocumentoAdjunto": "N",
  "nombre": null,
  "cedula": null,
  "idEstadoJuicio": null,
  "nombreMateria": null,
  "nombreEstadoJuicio": null,
  "nombreJudicatura": null,
  "nombreTipoResolucion": null,
  "nombreTipoAccion": null,
  "fechaProvidencia": null,
  "nombreProvidencia": null,
  "nombreProvincia": null,
  "incidentes": [
    {
      "idJudicatura": "17981",
      "nombreJudicatura": "UNIDAD JUDICIAL DE FAMILIA, MUJER, NIÑEZ Y ADOLESCENCIA CON SEDE EN LA PARROQUIA QUITUMBE DEL DISTRITO METROPOLITANO DE QUITO, PROVINCIA DE PICHINCHA",
      "ciudad": "QUITO",
      "lstIncidenteJudicatura": [
        {
          "idIncidenteJudicatura": 20289853,
          "idMovimientoJuicioIncidente": 19488266,
          "idJudicaturaDestino": "17981",
          "fechaCrea": "15/12/2017 10:23",
          "incidente": 1,
          "lstLitiganteActor": [
            {
              "tipoLitigante": "ACTOR",
              "nombresLitigante": "MOYANO RONCO JOSIMAR DAVID",
              "representadoPor": "MOYANO RONCO JOSIMAR DAVID",
              "idLitigante": 29056467
            }
          ],
          "lstLitiganteDemandado": [
            {
              "tipoLitigante": "DEMANDADO",
              "nombresLitigante": "carla elizabeth angulo monteros",
              "representadoPor": "carla elizabeth angulo monteros",
              "idLitigante": 33446663
            },
            {
              "tipoLitigante": "DEMANDADO",
              "nombresLitigante": "priscila valentina moyano angulo",
              "representadoPor": "priscila valentina moyano angulo",
              "idLitigante": 33446656
            }
          ],
          "litiganteActor": null,
          "litiganteDemandado": null
        }
      ]
    }
  ]
}