{
  "0": {
    "id": 1,
    "idJuicio": "1798320121110  ",
    "estadoActual": null,
    "idMateria": 6,
    "idProvincia": null,
    "idCanton": null,
    "idJudicatura": null,
    "nombreDelito": "ALIMENTOS                                                                                                                                                                           ",
    "fechaIngreso": "2012-10-22T05:00:00.000+00:00",
    "iEDocumentoAdjunto": "N",
    "nombre": null,
    "cedula": null,
    "idEstadoJuicio": null,
    "nombreMateria": "FAMILIA MUJER NIÑEZ Y ADOLESCENCIA NO_COGEP",
    "nombreEstadoJuicio": null,
    "nombreJudicatura": null,
    "nombreTipoResolucion": null,
    "nombreTipoAccion": "ESPECIAL                                                              ",
    "fechaProvidencia": null,
    "nombreProvidencia": null,
    "nombreProvincia": null
  },
  "id": 1,
  "idJuicio": "1798320121110  ",
  "estadoActual": "A",
  "idMateria": 6,
  "idProvincia": null,
  "idCanton": null,
  "idJudicatura": null,
  "nombreDelito": "ALIMENTOS                                                                                                                                                                           ",
  "fechaIngreso": "2012-10-22T05:00:00.000+00:00",
  "iEDocumentoAdjunto": "N",
  "nombre": null,
  "cedula": null,
  "idEstadoJuicio": null,
  "nombreMateria": null,
  "nombreEstadoJuicio": null,
  "nombreJudicatura": null,
  "nombreTipoResolucion": null,
  "nombreTipoAccion": null,
  "fechaProvidencia": null,
  "nombreProvidencia": null,
  "nombreProvincia": null,
  "incidentes": [
    {
      "idJudicatura": "17983",
      "nombreJudicatura": "UNIDAD JUDICIAL DE FAMILIA, MUJER, NIÑEZ Y ADOLESCENCIA CON SEDE EN LA PARROQUIA CARCELÉN DEL D.M.Q.",
      "ciudad": "QUITO",
      "lstIncidenteJudicatura": [
        {
          "idIncidenteJudicatura": 3799383,
          "idMovimientoJuicioIncidente": 7201845,
          "idJudicaturaDestino": "17983",
          "fechaCrea": "22/10/2012 00:00",
          "incidente": 1,
          "lstLitiganteActor": [
            {
              "tipoLitigante": "ACTOR",
              "nombresLitigante": "TORRES HERRERA JOSSELINNE STEPHANIA",
              "representadoPor": "TORRES HERRERA JOSSELINNE STEPHANIA",
              "idLitigante": 36219107
            },
            {
              "tipoLitigante": "ACTOR",
              "nombresLitigante": "HERRERA PALACIOS DORA MARIA",
              "representadoPor": null,
              "idLitigante": 12086985
            }
          ],
          "lstLitiganteDemandado": [
            {
              "tipoLitigante": "DEMANDADO",
              "nombresLitigante": "TORRES BASTIDAS HERY LEOPOLDO",
              "representadoPor": null,
              "idLitigante": 23669322
            }
          ],
          "litiganteActor": null,
          "litiganteDemandado": null
        },
        {
          "idIncidenteJudicatura": 19500538,
          "idMovimientoJuicioIncidente": 19076825,
          "idJudicaturaDestino": "17983",
          "fechaCrea": "18/07/2017 10:55",
          "incidente": 2,
          "lstLitiganteActor": [
            {
              "tipoLitigante": "ACTOR",
              "nombresLitigante": "HERRERA PALACIOS DORA MARIA",
              "representadoPor": "HERRERA PALACIOS DORA MARIA",
              "idLitigante": 12086985
            }
          ],
          "lstLitiganteDemandado": [
            {
              "tipoLitigante": "DEMANDADO",
              "nombresLitigante": "TORRES BASTIDAS HERY LEOPOLDO",
              "representadoPor": "TORRES BASTIDAS HERY LEOPOLDO",
              "idLitigante": 23669322
            }
          ],
          "litiganteActor": null,
          "litiganteDemandado": null
        }
      ]
    },
    {
      "idJudicatura": "09208",
      "nombreJudicatura": "UNIDAD JUDICIAL SUR DE FAMILIA, MUJER, NIÑEZ Y ADOLESCENCIA",
      "ciudad": "GUAYAQUIL",
      "lstIncidenteJudicatura": [
        {
          "idIncidenteJudicatura": 22234673,
          "idMovimientoJuicioIncidente": 19076825,
          "idJudicaturaDestino": "09208",
          "fechaCrea": "18/11/2019 17:35",
          "incidente": 2,
          "lstLitiganteActor": [
            {
              "tipoLitigante": "ACTOR",
              "nombresLitigante": "HERRERA PALACIOS DORA MARIA",
              "representadoPor": "HERRERA PALACIOS DORA MARIA",
              "idLitigante": 12086985
            }
          ],
          "lstLitiganteDemandado": [
            {
              "tipoLitigante": "DEMANDADO",
              "nombresLitigante": "TORRES BASTIDAS HERY LEOPOLDO",
              "representadoPor": "TORRES BASTIDAS HERY LEOPOLDO",
              "idLitigante": 23669322
            }
          ],
          "litiganteActor": null,
          "litiganteDemandado": null
        }
      ]
    }
  ]
}