{
  "0": {
    "id": 1,
    "idJuicio": "1815120122901D ",
    "estadoActual": null,
    "idMateria": 10,
    "idProvincia": null,
    "idCanton": null,
    "idJudicatura": null,
    "nombreDelito": "PERDIDA DE DOCUMENTOS                                                                                                                                                               ",
    "fechaIngreso": "2012-08-22T05:00:00.000+00:00",
    "iEDocumentoAdjunto": "N",
    "nombre": null,
    "cedula": null,
    "idEstadoJuicio": null,
    "nombreMateria": "CONTRAVENCIONES",
    "nombreEstadoJuicio": null,
    "nombreJudicatura": null,
    "nombreTipoResolucion": null,
    "nombreTipoAccion": "ESPECIAL                                                              ",
    "fechaProvidencia": null,
    "nombreProvidencia": null,
    "nombreProvincia": null
  },
  "id": 2,
  "idJuicio": "1815120122901D ",
  "estadoActual": "A",
  "idMateria": 10,
  "idProvincia": null,
  "idCanton": null,
  "idJudicatura": null,
  "nombreDelito": "PERDIDA DE DOCUMENTOS                                                                                                                                                               ",
  "fechaIngreso": "2012-08-22T05:00:00.000+00:00",
  "iEDocumentoAdjunto": "N",
  "nombre": null,
  "cedula": null,
  "idEstadoJuicio": null,
  "nombreMateria": null,
  "nombreEstadoJuicio": null,
  "nombreJudicatura": null,
  "nombreTipoResolucion": null,
  "nombreTipoAccion": null,
  "fechaProvidencia": null,
  "nombreProvidencia": null,
  "nombreProvincia": null,
  "incidentes": [
    {
      "idJudicatura": "18282",
      "nombreJudicatura": "UNIDAD JUDICIAL PENAL CON SEDE EN EL CANTÓN AMBATO",
      "ciudad": "AMBATO",
      "lstIncidenteJudicatura": [
        {
          "idIncidenteJudicatura": 23845818,
          "idMovimientoJuicioIncidente": 7006934,
          "idJudicaturaDestino": "18282",
          "fechaCrea": "22/04/2021 20:35",
          "incidente": 1,
          "lstLitiganteActor": [
            {
              "tipoLitigante": "ACTOR",
              "nombresLitigante": "VERA ALAVA ANA MIRELLA",
              "representadoPor": null,
              "idLitigante": 12212027
            }
          ],
          "lstLitiganteDemandado": [
            {
              "tipoLitigante": "DEMANDADO",
              "nombresLitigante": "",
              "representadoPor": null,
              "idLitigante": 23744338
            }
          ],
          "litiganteActor": null,
          "litiganteDemandado": null
        }
      ]
    },
    {
      "idJudicatura": "18151",
      "nombreJudicatura": "UNIDAD JUDICIAL DE CONTRAVENCIONES CON SEDE EN EL CANTÓN AMBATO, PROVINCIA DE TUNGURAHUA",
      "ciudad": "AMBATO",
      "lstIncidenteJudicatura": [
        {
          "idIncidenteJudicatura": 17514992,
          "idMovimientoJuicioIncidente": 7006934,
          "idJudicaturaDestino": "18151",
          "fechaCrea": "22/08/2012 00:00",
          "incidente": 1,
          "lstLitiganteActor": [
            {
              "tipoLitigante": "ACTOR",
              "nombresLitigante": "VERA ALAVA ANA MIRELLA",
              "representadoPor": null,
              "idLitigante": 12212027
            }
          ],
          "lstLitiganteDemandado": [
            {
              "tipoLitigante": "DEMANDADO",
              "nombresLitigante": "",
              "representadoPor": null,
              "idLitigante": 23744338
            }
          ],
          "litiganteActor": null,
          "litiganteDemandado": null
        }
      ]
    }
  ]
}