{
  "0": {
    "id": 1,
    "idJuicio": "1833420030405S ",
    "estadoActual": null,
    "idMateria": 6,
    "idProvincia": null,
    "idCanton": null,
    "idJudicatura": null,
    "nombreDelito": "ALIMENTOS",
    "fechaIngreso": "2003-09-16T05:00:00.000+00:00",
    "iEDocumentoAdjunto": "N",
    "nombre": null,
    "cedula": null,
    "idEstadoJuicio": null,
    "nombreMateria": "FAMILIA MUJER NIÑEZ Y ADOLESCENCIA NO_COGEP",
    "nombreEstadoJuicio": null,
    "nombreJudicatura": null,
    "nombreTipoResolucion": null,
    "nombreTipoAccion": "ESPECIAL                                                              ",
    "fechaProvidencia": null,
    "nombreProvidencia": null,
    "nombreProvincia": null
  },
  "id": 1,
  "idJuicio": "1833420030405S ",
  "estadoActual": "A",
  "idMateria": 6,
  "idProvincia": null,
  "idCanton": null,
  "idJudicatura": null,
  "nombreDelito": "ALIMENTOS",
  "fechaIngreso": "2003-09-16T05:00:00.000+00:00",
  "iEDocumentoAdjunto": "N",
  "nombre": null,
  "cedula": null,
  "idEstadoJuicio": null,
  "nombreMateria": null,
  "nombreEstadoJuicio": null,
  "nombreJudicatura": null,
  "nombreTipoResolucion": null,
  "nombreTipoAccion": null,
  "fechaProvidencia": null,
  "nombreProvidencia": null,
  "nombreProvincia": null,
  "incidentes": [
    {
      "idJudicatura": "18334",
      "nombreJudicatura": "UNIDAD JUDICIAL CIVIL CON SEDE EN EL CANTÓN AMBATO",
      "ciudad": "AMBATO",
      "lstIncidenteJudicatura": [
        {
          "idIncidenteJudicatura": 7269196,
          "idMovimientoJuicioIncidente": 1563924,
          "idJudicaturaDestino": "18334",
          "fechaCrea": "16/09/2003 00:00",
          "incidente": 1,
          "lstLitiganteActor": [
            {
              "tipoLitigante": "ACTOR",
              "nombresLitigante": "VILLARES LLUGSA  MILTON GIOVANNY",
              "representadoPor": null,
              "idLitigante": 12375490
            }
          ],
          "lstLitiganteDemandado": [
            {
              "tipoLitigante": "DEMANDADO",
              "nombresLitigante": "COCHA YANCHA MONICA AMPARO",
              "representadoPor": null,
              "idLitigante": 23979200
            }
          ],
          "litiganteActor": null,
          "litiganteDemandado": null
        }
      ]
    },
    {
      "idJudicatura": "18202",
      "nombreJudicatura": "UNIDAD JUDICIAL DE FAMILIA , MUJER,  NIÑEZ Y ADOLESCENCIA  CON SEDE EN EL CANTÓN AMBATO",
      "ciudad": "AMBATO",
      "lstIncidenteJudicatura": [
        {
          "idIncidenteJudicatura": 631178,
          "idMovimientoJuicioIncidente": 13522644,
          "idJudicaturaDestino": "18202",
          "fechaCrea": "28/10/2014 11:40",
          "incidente": 1,
          "lstLitiganteActor": [
            {
              "tipoLitigante": "ACTOR",
              "nombresLitigante": "VILLARES COCHA JORGE ANTONIO",
              "representadoPor": "VILLARES COCHA JORGE ANTONIO",
              "idLitigante": 31545709
            },
            {
              "tipoLitigante": "ACTOR",
              "nombresLitigante": "VILLARES LLUGSA  MILTON GIOVANNY",
              "representadoPor": null,
              "idLitigante": 12375490
            }
          ],
          "lstLitiganteDemandado": [
            {
              "tipoLitigante": "DEMANDADO",
              "nombresLitigante": "VILLARES LLUGSA MILTON GIOVANNI",
              "representadoPor": "VILLARES LLUGSA MILTON GIOVANNI",
              "idLitigante": 26674579
            }
          ],
          "litiganteActor": null,
          "litiganteDemandado": null
        }
      ]
    }
  ]
}