{
  "0": {
    "id": 1,
    "idJuicio": "18335202000187 ",
    "estadoActual": null,
    "idMateria": 33,
    "idProvincia": null,
    "idCanton": null,
    "idJudicatura": null,
    "nombreDelito": "DIVORCIO POR CAUSAL",
    "fechaIngreso": "2020-06-10T19:41:25.387+00:00",
    "iEDocumentoAdjunto": "N",
    "nombre": null,
    "cedula": null,
    "idEstadoJuicio": null,
    "nombreMateria": "FAMILIA MUJER NIÑEZ Y ADOLESCENCIA",
    "nombreEstadoJuicio": null,
    "nombreJudicatura": null,
    "nombreTipoResolucion": null,
    "nombreTipoAccion": "SUMARIO",
    "fechaProvidencia": null,
    "nombreProvidencia": null,
    "nombreProvincia": null
  },
  "id": 1,
  "idJuicio": "18335202000187 ",
  "estadoActual": "A",
  "idMateria": 33,
  "idProvincia": null,
  "idCanton": null,
  "idJudicatura": null,
  "nombreDelito": "DIVORCIO POR CAUSAL",
  "fechaIngreso": "2020-06-10T19:41:25.387+00:00",
  "iEDocumentoAdjunto": "N",
  "nombre": null,
  "cedula": null,
  "idEstadoJuicio": null,
  "nombreMateria": null,
  "nombreEstadoJuicio": null,
  "nombreJudicatura": null,
  "nombreTipoResolucion": null,
  "nombreTipoAccion": null,
  "fechaProvidencia": null,
  "nombreProvidencia": null,
  "nombreProvincia": null,
  "incidentes": [
    {
      "idJudicatura": "18202",
      "nombreJudicatura": "UNIDAD JUDICIAL DE FAMILIA , MUJER,  NIÑEZ Y ADOLESCENCIA  CON SEDE EN EL CANTÓN AMBATO",
      "ciudad": "AMBATO",
      "lstIncidenteJudicatura": [
        {
          "idIncidenteJudicatura": 22822464,
          "idMovimientoJuicioIncidente": 21922205,
          "idJudicaturaDestino": "18202",
          "fechaCrea": "29/07/2020 11:18",
          "incidente": 2,
          "lstLitiganteActor": [
            {
              "tipoLitigante": "ACTOR",
              "nombresLitigante": "FRANCO GARCES JENNIFER LISBETH",
              "representadoPor": "FRANCO GARCES JENNIFER LISBETH",
              "idLitigante": 34354871
            }
          ],
          "lstLitiganteDemandado": [
            {
              "tipoLitigante": "DEMANDADO",
              "nombresLitigante": "PONCE MORAN RAUL ALEJANDRO",
              "representadoPor": "PONCE MORAN RAUL ALEJANDRO",
              "idLitigante": 32455810
            }
          ],
          "litiganteActor": null,
          "litiganteDemandado": null
        }
      ]
    },
    {
      "idJudicatura": "18335",
      "nombreJudicatura": "UNIDAD JUDICIAL MULTICOMPETENTE CON SEDE EN EL CANTÓN QUERO",
      "ciudad": "QUERO",
      "lstIncidenteJudicatura": [
        {
          "idIncidenteJudicatura": 22655531,
          "idMovimientoJuicioIncidente": 21757104,
          "idJudicaturaDestino": "18335",
          "fechaCrea": "10/06/2020 14:41",
          "incidente": 1,
          "lstLitiganteActor": [
            {
              "tipoLitigante": "ACTOR",
              "nombresLitigante": "FRANCO GARCES JENNIFER LISBETH",
              "representadoPor": "FRANCO GARCES JENNIFER LISBETH",
              "idLitigante": 34354871
            }
          ],
          "lstLitiganteDemandado": [
            {
              "tipoLitigante": "DEMANDADO",
              "nombresLitigante": "PONCE MORAN RAUL ALEJANDRO",
              "representadoPor": "PONCE MORAN RAUL ALEJANDRO",
              "idLitigante": 32455810
            }
          ],
          "litiganteActor": null,
          "litiganteDemandado": null
        }
      ]
    }
  ]
}