{
  "0": {
    "id": 1,
    "idJuicio": "18335201900322 ",
    "estadoActual": null,
    "idMateria": 33,
    "idProvincia": null,
    "idCanton": null,
    "idJudicatura": null,
    "nombreDelito": "ALIMENTOS",
    "fechaIngreso": "2019-05-29T15:21:14.853+00:00",
    "iEDocumentoAdjunto": "N",
    "nombre": null,
    "cedula": null,
    "idEstadoJuicio": null,
    "nombreMateria": "FAMILIA MUJER NIÑEZ Y ADOLESCENCIA",
    "nombreEstadoJuicio": null,
    "nombreJudicatura": null,
    "nombreTipoResolucion": null,
    "nombreTipoAccion": "SUMARIO",
    "fechaProvidencia": null,
    "nombreProvidencia": null,
    "nombreProvincia": null
  },
  "id": 2,
  "idJuicio": "18335201900322 ",
  "estadoActual": "A",
  "idMateria": 33,
  "idProvincia": null,
  "idCanton": null,
  "idJudicatura": null,
  "nombreDelito": "ALIMENTOS",
  "fechaIngreso": "2019-05-29T15:21:14.853+00:00",
  "iEDocumentoAdjunto": "N",
  "nombre": null,
  "cedula": null,
  "idEstadoJuicio": null,
  "nombreMateria": null,
  "nombreEstadoJuicio": null,
  "nombreJudicatura": null,
  "nombreTipoResolucion": null,
  "nombreTipoAccion": null,
  "fechaProvidencia": null,
  "nombreProvidencia": null,
  "nombreProvincia": null,
  "incidentes": [
    {
      "idJudicatura": "18335",
      "nombreJudicatura": "UNIDAD JUDICIAL MULTICOMPETENTE CON SEDE EN EL CANTÓN QUERO",
      "ciudad": "QUERO",
      "lstIncidenteJudicatura": [
        {
          "idIncidenteJudicatura": 21712343,
          "idMovimientoJuicioIncidente": 20866651,
          "idJudicaturaDestino": "18335",
          "fechaCrea": "29/05/2019 10:21",
          "incidente": 1,
          "lstLitiganteActor": [
            {
              "tipoLitigante": "ACTOR",
              "nombresLitigante": "FRANCO GARCES JENNIFER LISBETH",
              "representadoPor": "FRANCO GARCES JENNIFER LISBETH",
              "idLitigante": 34354871
            }
          ],
          "lstLitiganteDemandado": [
            {
              "tipoLitigante": "DEMANDADO",
              "nombresLitigante": "PONCE MORAN RAUL ALEJANDRO",
              "representadoPor": "PONCE MORAN RAUL ALEJANDRO",
              "idLitigante": 32455810
            }
          ],
          "litiganteActor": null,
          "litiganteDemandado": null
        }
      ]
    },
    {
      "idJudicatura": "09208",
      "nombreJudicatura": "UNIDAD JUDICIAL SUR DE FAMILIA, MUJER, NIÑEZ Y ADOLESCENCIA",
      "ciudad": "GUAYAQUIL",
      "lstIncidenteJudicatura": [
        {
          "idIncidenteJudicatura": 21908159,
          "idMovimientoJuicioIncidente": 21057122,
          "idJudicaturaDestino": "09208",
          "fechaCrea": "31/07/2019 14:58",
          "incidente": 2,
          "lstLitiganteActor": [
            {
              "tipoLitigante": "ACTOR",
              "nombresLitigante": "FRANCO GARCES JENNIFER LISBETH",
              "representadoPor": "FRANCO GARCES JENNIFER LISBETH",
              "idLitigante": 34354871
            }
          ],
          "lstLitiganteDemandado": [
            {
              "tipoLitigante": "DEMANDADO",
              "nombresLitigante": "PONCE MORAN RAUL ALEJANDRO",
              "representadoPor": "PONCE MORAN RAUL ALEJANDRO",
              "idLitigante": 32455810
            }
          ],
          "litiganteActor": null,
          "litiganteDemandado": null
        }
      ]
    }
  ]
}