{
  "0": {
    "id": 1,
    "idJuicio": "23201201324412 ",
    "estadoActual": null,
    "idMateria": 6,
    "idProvincia": null,
    "idCanton": null,
    "idJudicatura": null,
    "nombreDelito": "PATRIA POTESTAD                                                                                                                                                                     ",
    "fechaIngreso": "2013-11-22T05:00:00.000+00:00",
    "iEDocumentoAdjunto": "N",
    "nombre": null,
    "cedula": null,
    "idEstadoJuicio": null,
    "nombreMateria": "FAMILIA MUJER NIÑEZ Y ADOLESCENCIA NO_COGEP",
    "nombreEstadoJuicio": null,
    "nombreJudicatura": null,
    "nombreTipoResolucion": null,
    "nombreTipoAccion": "CONTENCIOSO GENERAL                                                   ",
    "fechaProvidencia": null,
    "nombreProvidencia": null,
    "nombreProvincia": null
  },
  "id": 1,
  "idJuicio": "23201201324412 ",
  "estadoActual": "A",
  "idMateria": 6,
  "idProvincia": null,
  "idCanton": null,
  "idJudicatura": null,
  "nombreDelito": "PATRIA POTESTAD                                                                                                                                                                     ",
  "fechaIngreso": "2013-11-22T05:00:00.000+00:00",
  "iEDocumentoAdjunto": "N",
  "nombre": null,
  "cedula": null,
  "idEstadoJuicio": null,
  "nombreMateria": null,
  "nombreEstadoJuicio": null,
  "nombreJudicatura": null,
  "nombreTipoResolucion": null,
  "nombreTipoAccion": null,
  "fechaProvidencia": null,
  "nombreProvidencia": null,
  "nombreProvincia": null,
  "incidentes": [
    {
      "idJudicatura": "23201",
      "nombreJudicatura": "UNIDAD JUDICIAL DE FAMILIA, MUJER, NIÑEZ Y ADOLESCENCIA Y ADOLESCENTES INFRACTORES DEL CANTÓN SANTO DOMINGO",
      "ciudad": "SANTO DOMINGO",
      "lstIncidenteJudicatura": [
        {
          "idIncidenteJudicatura": 17355993,
          "idMovimientoJuicioIncidente": 8935147,
          "idJudicaturaDestino": "23201",
          "fechaCrea": "22/11/2013 00:00",
          "incidente": 1,
          "lstLitiganteActor": [
            {
              "tipoLitigante": "ACTOR",
              "nombresLitigante": "BUSTOS BARZOLA MIGUEL ANGEL",
              "representadoPor": null,
              "idLitigante": 13142738
            }
          ],
          "lstLitiganteDemandado": [
            {
              "tipoLitigante": "DEMANDADO",
              "nombresLitigante": "BUSTOS GARCIA JUAN ANDRES",
              "representadoPor": null,
              "idLitigante": 24678706
            }
          ],
          "litiganteActor": null,
          "litiganteDemandado": null
        }
      ]
    }
  ]
}