{
  "0": {
    "id": 1,
    "idJuicio": "2320120149406  ",
    "estadoActual": null,
    "idMateria": 6,
    "idProvincia": null,
    "idCanton": null,
    "idJudicatura": null,
    "nombreDelito": "APERTURA DE LA SUCESIÓN HEREDITARIA                                                                                                                                                                                                                                                                                                                                                                                                                                                                                                                                                                                                                                                                                                                                                                                                                                                                                                 ",
    "fechaIngreso": "2014-12-30T05:00:00.000+00:00",
    "iEDocumentoAdjunto": "N",
    "nombre": null,
    "cedula": null,
    "idEstadoJuicio": null,
    "nombreMateria": "FAMILIA MUJER NIÑEZ Y ADOLESCENCIA NO_COGEP",
    "nombreEstadoJuicio": null,
    "nombreJudicatura": null,
    "nombreTipoResolucion": null,
    "nombreTipoAccion": "ESPECIAL                                                              ",
    "fechaProvidencia": null,
    "nombreProvidencia": null,
    "nombreProvincia": null
  },
  "id": 1,
  "idJuicio": "2320120149406  ",
  "estadoActual": "A",
  "idMateria": 6,
  "idProvincia": null,
  "idCanton": null,
  "idJudicatura": null,
  "nombreDelito": "APERTURA DE LA SUCESIÓN HEREDITARIA                                                                                                                                                                                                                                                                                                                                                                                                                                                                                                                                                                                                                                                                                                                                                                                                                                                                                                 ",
  "fechaIngreso": "2014-12-30T05:00:00.000+00:00",
  "iEDocumentoAdjunto": "N",
  "nombre": null,
  "cedula": null,
  "idEstadoJuicio": null,
  "nombreMateria": null,
  "nombreEstadoJuicio": null,
  "nombreJudicatura": null,
  "nombreTipoResolucion": null,
  "nombreTipoAccion": null,
  "fechaProvidencia": null,
  "nombreProvidencia": null,
  "nombreProvincia": null,
  "incidentes": [
    {
      "idJudicatura": "23201",
      "nombreJudicatura": "UNIDAD JUDICIAL DE FAMILIA, MUJER, NIÑEZ Y ADOLESCENCIA Y ADOLESCENTES INFRACTORES DEL CANTÓN SANTO DOMINGO",
      "ciudad": "SANTO DOMINGO",
      "lstIncidenteJudicatura": [
        {
          "idIncidenteJudicatura": 6586503,
          "idMovimientoJuicioIncidente": 14376674,
          "idJudicaturaDestino": "23201",
          "fechaCrea": "30/12/2014 15:53",
          "incidente": 1,
          "lstLitiganteActor": [
            {
              "tipoLitigante": "ACTOR",
              "nombresLitigante": "GOMEZ DEL SALTO ELSA ELIZABETH",
              "representadoPor": null,
              "idLitigante": 13151741
            }
          ],
          "lstLitiganteDemandado": [
            {
              "tipoLitigante": "DEMANDADO",
              "nombresLitigante": "DIRECTOR PROVINCIAL DEL S.R.I. STO. DOMINGO",
              "representadoPor": null,
              "idLitigante": 24737817
            },
            {
              "tipoLitigante": "DEMANDADO",
              "nombresLitigante": "HEREDEROS PRESUNTOS Y DESCONOCIDOS DE QUIEN EN VIDA FUE EL SR. LOPEZ GALARRAGA SANTIAGO ENRIQUE",
              "representadoPor": null,
              "idLitigante": 24737816
            }
          ],
          "litiganteActor": null,
          "litiganteDemandado": null
        }
      ]
    }
  ]
}