{
  "0": {
    "id": 1,
    "idJuicio": "23303201600711 ",
    "estadoActual": null,
    "idMateria": 2,
    "idProvincia": null,
    "idCanton": null,
    "idJudicatura": null,
    "nombreDelito": "PRESCRIPCIÓN ADQUISITIVA DE DOMINIO",
    "fechaIngreso": "2016-05-20T05:00:00.000+00:00",
    "iEDocumentoAdjunto": "N",
    "nombre": null,
    "cedula": null,
    "idEstadoJuicio": null,
    "nombreMateria": "CIVIL NO_COGEP",
    "nombreEstadoJuicio": null,
    "nombreJudicatura": null,
    "nombreTipoResolucion": null,
    "nombreTipoAccion": "ORDINARIO                                                             ",
    "fechaProvidencia": null,
    "nombreProvidencia": null,
    "nombreProvincia": null
  },
  "id": 1,
  "idJuicio": "23303201600711 ",
  "estadoActual": "A",
  "idMateria": 2,
  "idProvincia": null,
  "idCanton": null,
  "idJudicatura": null,
  "nombreDelito": "PRESCRIPCIÓN ADQUISITIVA DE DOMINIO",
  "fechaIngreso": "2016-05-20T05:00:00.000+00:00",
  "iEDocumentoAdjunto": "N",
  "nombre": null,
  "cedula": null,
  "idEstadoJuicio": null,
  "nombreMateria": null,
  "nombreEstadoJuicio": null,
  "nombreJudicatura": null,
  "nombreTipoResolucion": null,
  "nombreTipoAccion": null,
  "fechaProvidencia": null,
  "nombreProvidencia": null,
  "nombreProvincia": null,
  "incidentes": [
    {
      "idJudicatura": "23303",
      "nombreJudicatura": "UNIDAD JUDICIAL MULTICOMPETENTE CON SEDE EN EL CANTÓN LA CONCORDIA",
      "ciudad": "LA CONCORDIA",
      "lstIncidenteJudicatura": [
        {
          "idIncidenteJudicatura": 3089323,
          "idMovimientoJuicioIncidente": 17995970,
          "idJudicaturaDestino": "23303",
          "fechaCrea": "20/05/2016 16:05",
          "incidente": 1,
          "lstLitiganteActor": [
            {
              "tipoLitigante": "ACTOR",
              "nombresLitigante": "ZAMBRANO DELGADO NORIS ANNABELL",
              "representadoPor": "ZAMBRANO DELGADO NORIS ANNABELL",
              "idLitigante": 29919628
            }
          ],
          "lstLitiganteDemandado": [
            {
              "tipoLitigante": "DEMANDADO",
              "nombresLitigante": "LUDEÑA ABARCA LEONEL IVAN",
              "representadoPor": "LUDEÑA ABARCA LEONEL IVAN",
              "idLitigante": 30546192
            },
            {
              "tipoLitigante": "DEMANDADO",
              "nombresLitigante": "LUDEÑA ABARCA NELLY NADEIDA",
              "representadoPor": "LUDEÑA ABARCA NELLY NADEIDA",
              "idLitigante": 30546193
            },
            {
              "tipoLitigante": "DEMANDADO",
              "nombresLitigante": "LUDEÑA ABARCA EDUARDO VICENTE",
              "representadoPor": "LUDEÑA ABARCA EDUARDO VICENTE",
              "idLitigante": 30546194
            },
            {
              "tipoLitigante": "DEMANDADO",
              "nombresLitigante": "LUDEÑA ABARCA BERTHA MARIA LUISA",
              "representadoPor": "LUDEÑA ABARCA BERTHA MARIA LUISA",
              "idLitigante": 30546195
            },
            {
              "tipoLitigante": "DEMANDADO",
              "nombresLitigante": "LUDEÑA ABARCADIANA MARINA",
              "representadoPor": "LUDEÑA ABARCADIANA MARINA",
              "idLitigante": 30546196
            },
            {
              "tipoLitigante": "DEMANDADO",
              "nombresLitigante": "LUDEÑA ABARCA NANCY VIOLETA",
              "representadoPor": "LUDEÑA ABARCA NANCY VIOLETA",
              "idLitigante": 30546197
            },
            {
              "tipoLitigante": "DEMANDADO",
              "nombresLitigante": "LUDEÑA GRANJA GABRIEL EDUARDO",
              "representadoPor": "LUDEÑA GRANJA GABRIEL EDUARDO",
              "idLitigante": 30546198
            },
            {
              "tipoLitigante": "DEMANDADO",
              "nombresLitigante": "LUDEÑA ZAMBRANO MARIA ALCIRA",
              "representadoPor": "LUDEÑA ZAMBRANO MARIA ALCIRA",
              "idLitigante": 30546199
            },
            {
              "tipoLitigante": "DEMANDADO",
              "nombresLitigante": "LUDEÑA ZAMBRANO CARLOS PATRICIO",
              "representadoPor": "LUDEÑA ZAMBRANO CARLOS PATRICIO",
              "idLitigante": 30546200
            },
            {
              "tipoLitigante": "DEMANDADO",
              "nombresLitigante": "LUDEÑA ZAMBRANO EDGAR RAMIRO",
              "representadoPor": "LUDEÑA ZAMBRANO EDGAR RAMIRO",
              "idLitigante": 30546201
            },
            {
              "tipoLitigante": "DEMANDADO",
              "nombresLitigante": "LUDEÑA ZAMBRANO MARIA DEL CISNE",
              "representadoPor": "LUDEÑA ZAMBRANO MARIA DEL CISNE",
              "idLitigante": 30546202
            }
          ],
          "litiganteActor": null,
          "litiganteDemandado": null
        }
      ]
    }
  ]
}