{
  "0": {
    "id": 1,
    "idJuicio": "23303201600302 ",
    "estadoActual": null,
    "idMateria": 2,
    "idProvincia": null,
    "idCanton": null,
    "idJudicatura": null,
    "nombreDelito": "PRESCRIPCIÓN ADQUISITIVA DE DOMINIO",
    "fechaIngreso": "2016-03-03T05:00:00.000+00:00",
    "iEDocumentoAdjunto": "N",
    "nombre": null,
    "cedula": null,
    "idEstadoJuicio": null,
    "nombreMateria": "CIVIL NO_COGEP",
    "nombreEstadoJuicio": null,
    "nombreJudicatura": null,
    "nombreTipoResolucion": null,
    "nombreTipoAccion": "ORDINARIO                                                             ",
    "fechaProvidencia": null,
    "nombreProvidencia": null,
    "nombreProvincia": null
  },
  "id": 2,
  "idJuicio": "23303201600302 ",
  "estadoActual": "A",
  "idMateria": 2,
  "idProvincia": null,
  "idCanton": null,
  "idJudicatura": null,
  "nombreDelito": "PRESCRIPCIÓN ADQUISITIVA DE DOMINIO",
  "fechaIngreso": "2016-03-03T05:00:00.000+00:00",
  "iEDocumentoAdjunto": "N",
  "nombre": null,
  "cedula": null,
  "idEstadoJuicio": null,
  "nombreMateria": null,
  "nombreEstadoJuicio": null,
  "nombreJudicatura": null,
  "nombreTipoResolucion": null,
  "nombreTipoAccion": null,
  "fechaProvidencia": null,
  "nombreProvidencia": null,
  "nombreProvincia": null,
  "incidentes": [
    {
      "idJudicatura": "23303",
      "nombreJudicatura": "UNIDAD JUDICIAL MULTICOMPETENTE CON SEDE EN EL CANTÓN LA CONCORDIA",
      "ciudad": "LA CONCORDIA",
      "lstIncidenteJudicatura": [
        {
          "idIncidenteJudicatura": 15325732,
          "idMovimientoJuicioIncidente": 17496271,
          "idJudicaturaDestino": "23303",
          "fechaCrea": "03/03/2016 14:31",
          "incidente": 1,
          "lstLitiganteActor": [
            {
              "tipoLitigante": "ACTOR",
              "nombresLitigante": "ZAMBRANO DELGADO NORIS ANNABELL",
              "representadoPor": "ZAMBRANO DELGADO NORIS ANNABELL",
              "idLitigante": 29919628
            }
          ],
          "lstLitiganteDemandado": [
            {
              "tipoLitigante": "DEMANDADO",
              "nombresLitigante": "LUDEÑA ZAMBRANO MARIA DEL CISNE",
              "representadoPor": "LUDEÑA ZAMBRANO MARIA DEL CISNE",
              "idLitigante": 29919733
            },
            {
              "tipoLitigante": "DEMANDADO",
              "nombresLitigante": "LUDEÑA ZAMBRANO EDGAR RAMIRO",
              "representadoPor": "LUDEÑA ZAMBRANO EDGAR RAMIRO",
              "idLitigante": 29919732
            },
            {
              "tipoLitigante": "DEMANDADO",
              "nombresLitigante": "LUDEÑA ZAMBRANO CARLOS PATRICIO",
              "representadoPor": "LUDEÑA ZAMBRANO CARLOS PATRICIO",
              "idLitigante": 29919731
            },
            {
              "tipoLitigante": "DEMANDADO",
              "nombresLitigante": "LUDEÑA ZAMBRANO MARIA ALCIRA DEL ROSARIO",
              "representadoPor": "LUDEÑA ZAMBRANO MARIA ALCIRA DEL ROSARIO",
              "idLitigante": 29919730
            },
            {
              "tipoLitigante": "DEMANDADO",
              "nombresLitigante": "LUDEÑA GRANJA GABRIEL EDUARDO",
              "representadoPor": "LUDEÑA GRANJA GABRIEL EDUARDO",
              "idLitigante": 29919729
            },
            {
              "tipoLitigante": "DEMANDADO",
              "nombresLitigante": "LUDEÑA ABARCA NANCY VIOLETA",
              "representadoPor": "LUDEÑA ABARCA NANCY VIOLETA",
              "idLitigante": 29919728
            },
            {
              "tipoLitigante": "DEMANDADO",
              "nombresLitigante": "LUDEÑA ABARCA DIANA MARINA",
              "representadoPor": "LUDEÑA ABARCA DIANA MARINA",
              "idLitigante": 29919727
            },
            {
              "tipoLitigante": "DEMANDADO",
              "nombresLitigante": "LUDEÑA ABARCA BERTHA MARIA LUISA",
              "representadoPor": "LUDEÑA ABARCA BERTHA MARIA LUISA",
              "idLitigante": 29919726
            },
            {
              "tipoLitigante": "DEMANDADO",
              "nombresLitigante": "LUDEÑA ABARCA EDUARDO VICENTE",
              "representadoPor": "LUDEÑA ABARCA EDUARDO VICENTE",
              "idLitigante": 29919725
            },
            {
              "tipoLitigante": "DEMANDADO",
              "nombresLitigante": "LUDEÑA ABARCA NELLY NADEIDA",
              "representadoPor": "LUDEÑA ABARCA NELLY NADEIDA",
              "idLitigante": 29919724
            },
            {
              "tipoLitigante": "DEMANDADO",
              "nombresLitigante": "LUDEÑA ABARCA LEONEL IVAN",
              "representadoPor": "LUDEÑA ABARCA LEONEL IVAN",
              "idLitigante": 29919723
            }
          ],
          "litiganteActor": null,
          "litiganteDemandado": null
        }
      ]
    }
  ]
}