{
  "0": {
    "id": 1,
    "idJuicio": "24281202201842 ",
    "estadoActual": null,
    "idMateria": 28,
    "idProvincia": null,
    "idCanton": null,
    "idJudicatura": null,
    "nombreDelito": "389 CONTRAVENCIONES DE TRÁNSITO DE CUARTA CLASE, INC.1, NUM. 6",
    "fechaIngreso": "2022-08-22T21:43:28.177+00:00",
    "iEDocumentoAdjunto": "N",
    "nombre": null,
    "cedula": null,
    "idEstadoJuicio": null,
    "nombreMateria": "TRÁNSITO COIP",
    "nombreEstadoJuicio": null,
    "nombreJudicatura": null,
    "nombreTipoResolucion": null,
    "nombreTipoAccion": "CONTRAVENCIONES DE TRÁNSITO",
    "fechaProvidencia": null,
    "nombreProvidencia": null,
    "nombreProvincia": null
  },
  "id": 2,
  "idJuicio": "24281202201842 ",
  "estadoActual": "A",
  "idMateria": 28,
  "idProvincia": null,
  "idCanton": null,
  "idJudicatura": null,
  "nombreDelito": "389 CONTRAVENCIONES DE TRÁNSITO DE CUARTA CLASE, INC.1, NUM. 6",
  "fechaIngreso": "2022-08-22T21:43:28.177+00:00",
  "iEDocumentoAdjunto": "N",
  "nombre": null,
  "cedula": null,
  "idEstadoJuicio": null,
  "nombreMateria": null,
  "nombreEstadoJuicio": null,
  "nombreJudicatura": null,
  "nombreTipoResolucion": null,
  "nombreTipoAccion": null,
  "fechaProvidencia": null,
  "nombreProvidencia": null,
  "nombreProvincia": null,
  "incidentes": [
    {
      "idJudicatura": "24281",
      "nombreJudicatura": "UNIDAD JUDICIAL PENAL CON SEDE EN EL CANTÓN LA LIBERTAD, PROVINCIA DE SANTA ELENA",
      "ciudad": "LA LIBERTAD",
      "lstIncidenteJudicatura": [
        {
          "idIncidenteJudicatura": 25447333,
          "idMovimientoJuicioIncidente": 24210841,
          "idJudicaturaDestino": "24281",
          "fechaCrea": "22/08/2022 16:43",
          "incidente": 1,
          "lstLitiganteActor": [
            {
              "tipoLitigante": "PERSONA CONTRAVENTORA",
              "nombresLitigante": "LANDIVAR VELIZ CARLOS MANUEL",
              "representadoPor": "LANDIVAR VELIZ CARLOS MANUEL",
              "idLitigante": 36686856
            }
          ],
          "lstLitiganteDemandado": null,
          "litiganteActor": null,
          "litiganteDemandado": null
        }
      ]
    }
  ]
}