{
  "0": {
    "id": 1,
    "idJuicio": "24281202000791 ",
    "estadoActual": null,
    "idMateria": 28,
    "idProvincia": null,
    "idCanton": null,
    "idJudicatura": null,
    "nombreDelito": "386 CONTRAVENCIONES DE TRÁNSITO DE PRIMERA CLASE, NUM. 1",
    "fechaIngreso": "2020-05-11T21:55:43.567+00:00",
    "iEDocumentoAdjunto": "N",
    "nombre": null,
    "cedula": null,
    "idEstadoJuicio": null,
    "nombreMateria": "TRÁNSITO COIP",
    "nombreEstadoJuicio": null,
    "nombreJudicatura": null,
    "nombreTipoResolucion": null,
    "nombreTipoAccion": "CONTRAVENCIONES DE TRÁNSITO",
    "fechaProvidencia": null,
    "nombreProvidencia": null,
    "nombreProvincia": null
  },
  "id": 1,
  "idJuicio": "24281202000791 ",
  "estadoActual": "A",
  "idMateria": 28,
  "idProvincia": null,
  "idCanton": null,
  "idJudicatura": null,
  "nombreDelito": "386 CONTRAVENCIONES DE TRÁNSITO DE PRIMERA CLASE, NUM. 1",
  "fechaIngreso": "2020-05-11T21:55:43.567+00:00",
  "iEDocumentoAdjunto": "N",
  "nombre": null,
  "cedula": null,
  "idEstadoJuicio": null,
  "nombreMateria": null,
  "nombreEstadoJuicio": null,
  "nombreJudicatura": null,
  "nombreTipoResolucion": null,
  "nombreTipoAccion": null,
  "fechaProvidencia": null,
  "nombreProvidencia": null,
  "nombreProvincia": null,
  "incidentes": [
    {
      "idJudicatura": "24281",
      "nombreJudicatura": "UNIDAD JUDICIAL PENAL CON SEDE EN EL CANTÓN LA LIBERTAD, PROVINCIA DE SANTA ELENA",
      "ciudad": "LA LIBERTAD",
      "lstIncidenteJudicatura": [
        {
          "idIncidenteJudicatura": 22627448,
          "idMovimientoJuicioIncidente": 21733755,
          "idJudicaturaDestino": "24281",
          "fechaCrea": "11/05/2020 16:55",
          "incidente": 1,
          "lstLitiganteActor": [
            {
              "tipoLitigante": "PERSONA CONTRAVENTORA",
              "nombresLitigante": "ALTAMIRANO PONCE EDUARDO LUIS",
              "representadoPor": "ALTAMIRANO PONCE EDUARDO LUIS",
              "idLitigante": 31285023
            }
          ],
          "lstLitiganteDemandado": null,
          "litiganteActor": null,
          "litiganteDemandado": null
        }
      ]
    }
  ]
}