{
  "0": {
    "id": 1,
    "idJuicio": "24281201803048G",
    "estadoActual": null,
    "idMateria": 28,
    "idProvincia": null,
    "idCanton": null,
    "idJudicatura": null,
    "nombreDelito": "386 CONTRAVENCIONES DE TRÁNSITO DE PRIMERA CLASE, INC.3, NUM. 1",
    "fechaIngreso": "2018-08-20T21:42:44.637+00:00",
    "iEDocumentoAdjunto": "N",
    "nombre": null,
    "cedula": null,
    "idEstadoJuicio": null,
    "nombreMateria": "TRÁNSITO COIP",
    "nombreEstadoJuicio": null,
    "nombreJudicatura": null,
    "nombreTipoResolucion": null,
    "nombreTipoAccion": "CONTRAVENCIONES DE TRÁNSITO",
    "fechaProvidencia": null,
    "nombreProvidencia": null,
    "nombreProvincia": null
  },
  "id": 2,
  "idJuicio": "24281201803048G",
  "estadoActual": "A",
  "idMateria": 28,
  "idProvincia": null,
  "idCanton": null,
  "idJudicatura": null,
  "nombreDelito": "386 CONTRAVENCIONES DE TRÁNSITO DE PRIMERA CLASE, INC.3, NUM. 1",
  "fechaIngreso": "2018-08-20T21:42:44.637+00:00",
  "iEDocumentoAdjunto": "N",
  "nombre": null,
  "cedula": null,
  "idEstadoJuicio": null,
  "nombreMateria": null,
  "nombreEstadoJuicio": null,
  "nombreJudicatura": null,
  "nombreTipoResolucion": null,
  "nombreTipoAccion": null,
  "fechaProvidencia": null,
  "nombreProvidencia": null,
  "nombreProvincia": null,
  "incidentes": [
    {
      "idJudicatura": "24281",
      "nombreJudicatura": "UNIDAD JUDICIAL PENAL CON SEDE EN EL CANTÓN LA LIBERTAD, PROVINCIA DE SANTA ELENA",
      "ciudad": "LA LIBERTAD",
      "lstIncidenteJudicatura": [
        {
          "idIncidenteJudicatura": 20956607,
          "idMovimientoJuicioIncidente": 20124368,
          "idJudicaturaDestino": "24281",
          "fechaCrea": "20/08/2018 16:42",
          "incidente": 1,
          "lstLitiganteActor": [
            {
              "tipoLitigante": "PERSONA CONTRAVENTORA",
              "nombresLitigante": "MUÑIZ MUÑIZ CELSO PORFIRIO",
              "representadoPor": "MUÑIZ MUÑIZ CELSO PORFIRIO",
              "idLitigante": 34496007
            }
          ],
          "lstLitiganteDemandado": null,
          "litiganteActor": null,
          "litiganteDemandado": null
        }
      ]
    }
  ]
}